Sensor;Split;Mean Squared Error;Accuracy;F1;Recall;Precision
2;1;5.235574318978889;0.9731543624161074;0.9731543624161074;0.9731543624161074;0.9731543624161074
2;2;0.1855729228928091;0.9865771812080537;0.9865771812080537;0.9865771812080537;0.9865771812080537
2;3;0.019028778400195966;1.0;1.0;1.0;1.0
2;4;4.061718476163396;0.9865771812080537;0.9865771812080537;0.9865771812080537;0.9865771812080537
2;5;4.093945018842195;0.9865771812080537;0.9865771812080537;0.9865771812080537;0.9865771812080537
2;6;4.370035012674194;0.9865771812080537;0.9865771812080537;0.9865771812080537;0.9865771812080537
2;7;0.08248034889823964;1.0;1.0;1.0;1.0
2;8;1.4993504699492612;0.9798657718120806;0.9798657718120806;0.9798657718120806;0.9798657718120806
2;9;0.2548629364593156;0.9932885906040269;0.9932885906040269;0.9932885906040269;0.9932885906040269
2;10;0.19969496123279595;0.9932885906040269;0.9932885906040269;0.9932885906040269;0.9932885906040269
3;1;0.0;1.0;1.0;1.0;1.0
3;2;0.0;1.0;1.0;1.0;1.0
3;3;0.0;1.0;1.0;1.0;1.0
3;4;0.0;1.0;1.0;1.0;1.0
3;5;0.0;1.0;1.0;1.0;1.0
3;6;0.0;1.0;1.0;1.0;1.0
3;7;0.0;1.0;1.0;1.0;1.0
3;8;0.0;1.0;1.0;1.0;1.0
3;9;0.0;1.0;1.0;1.0;1.0
3;10;0.0;1.0;1.0;1.0;1.0
4;1;0.02934191320117787;1.0;1.0;1.0;1.0
4;2;0.033762110307999235;1.0;1.0;1.0;1.0
4;3;0.016221853793363623;1.0;1.0;1.0;1.0
4;4;0.039543004970522974;1.0;1.0;1.0;1.0
4;5;0.013921023639287225;1.0;1.0;1.0;1.0
4;6;0.0345933189826723;1.0;1.0;1.0;1.0
4;7;0.036406521435482196;1.0;1.0;1.0;1.0
4;8;0.012129437213524545;1.0;1.0;1.0;1.0
4;9;0.04520117181481757;1.0;1.0;1.0;1.0
4;10;0.016592890709324053;1.0;1.0;1.0;1.0
54;1;0.030483318313204343;0.9932885906040269;0.9932885906040269;0.9932885906040269;0.9932885906040269
54;2;0.021275787564567925;1.0;1.0;1.0;1.0
54;3;0.014348563445463754;1.0;1.0;1.0;1.0
54;4;0.015227820222570151;1.0;1.0;1.0;1.0
54;5;0.02427425459836061;0.9932885906040269;0.9932885906040269;0.9932885906040269;0.9932885906040269
54;6;0.03377074445757875;0.9932885906040269;0.9932885906040269;0.9932885906040269;0.9932885906040269
54;7;0.017122167190548446;0.9932885906040269;0.9932885906040269;0.9932885906040269;0.9932885906040269
54;8;0.020896453437035088;0.9932885906040269;0.9932885906040269;0.9932885906040269;0.9932885906040269
54;9;0.02065288601699045;1.0;1.0;1.0;1.0
54;10;0.024243215876855902;1.0;1.0;1.0;1.0
55;1;0.011544295302005327;1.0;1.0;1.0;1.0
55;2;0.009999999999996262;1.0;1.0;1.0;1.0
55;3;0.00999999999998335;1.0;1.0;1.0;1.0
55;4;0.011544295302019461;1.0;1.0;1.0;1.0
55;5;0.010000000000019268;1.0;1.0;1.0;1.0
55;6;0.00999999999998886;1.0;1.0;1.0;1.0
55;7;0.011073825503373371;1.0;1.0;1.0;1.0
55;8;0.00999999999998886;1.0;1.0;1.0;1.0
55;9;0.011114765100660466;1.0;1.0;1.0;1.0
55;10;0.009999999999985009;1.0;1.0;1.0;1.0
56;1;0.4148368688016738;0.9865771812080537;0.9865771812080537;0.9865771812080537;0.9865771812080537
56;2;0.07119594317688184;1.0;1.0;1.0;1.0
56;3;0.03899289917857684;1.0;1.0;1.0;1.0
56;4;0.05243938783872045;1.0;1.0;1.0;1.0
56;5;0.3222246867023706;0.9932885906040269;0.9932885906040269;0.9932885906040269;0.9932885906040269
56;6;0.9969851012206434;0.9798657718120806;0.9798657718120806;0.9798657718120806;0.9798657718120806
56;7;0.2214215365025809;0.9932885906040269;0.9932885906040269;0.9932885906040269;0.9932885906040269
56;8;2.30441452258782;0.9731543624161074;0.9731543624161074;0.9731543624161074;0.9731543624161074
56;9;1.0880419230557972;0.9798657718120806;0.9798657718120806;0.9798657718120806;0.9798657718120806
56;10;0.07929270018918533;1.0;1.0;1.0;1.0
63;1;0.010500023101817066;1.0;1.0;1.0;1.0
63;2;0.0468327493821357;0.9932885906040269;0.9932885906040269;0.9932885906040269;0.9932885906040269
63;3;0.035319816311720396;1.0;1.0;1.0;1.0
63;4;0.5429425114948371;0.9865771812080537;0.9865771812080537;0.9865771812080537;0.9865771812080537
63;5;0.12183710206197713;0.9932885906040269;0.9932885906040269;0.9932885906040269;0.9932885906040269
63;6;0.023568597699015457;1.0;1.0;1.0;1.0
63;7;0.1197118773366759;0.9865771812080537;0.9865771812080537;0.9865771812080537;0.9865771812080537
63;8;0.010136229314831168;1.0;1.0;1.0;1.0
63;9;0.41740156058261385;0.9932885906040269;0.9932885906040269;0.9932885906040269;0.9932885906040269
63;10;0.010078302255228109;1.0;1.0;1.0;1.0
66;1;0.013078936614489991;1.0;1.0;1.0;1.0
66;2;0.011603384556175962;1.0;1.0;1.0;1.0
66;3;0.013418927796199236;1.0;1.0;1.0;1.0
66;4;0.01603329116182099;1.0;1.0;1.0;1.0
66;5;0.01396806758949718;1.0;1.0;1.0;1.0
66;6;0.012758580227732113;1.0;1.0;1.0;1.0
66;7;0.01422505489636349;1.0;1.0;1.0;1.0
66;8;0.013823511020118164;1.0;1.0;1.0;1.0
66;9;0.01241232976530224;1.0;1.0;1.0;1.0
66;10;0.013956028203986448;1.0;1.0;1.0;1.0
74;1;0.4280400072381592;0.9932885906040269;0.9932885906040269;0.9932885906040269;0.9932885906040269
74;2;2.5704927335684538;0.9798657718120806;0.9798657718120806;0.9798657718120806;0.9798657718120806
74;3;0.08555588774209391;0.9932885906040269;0.9932885906040269;0.9932885906040269;0.9932885906040269
74;4;2.190887141831708;0.9798657718120806;0.9798657718120806;0.9798657718120806;0.9798657718120806
74;5;0.17079546406787427;0.9798657718120806;0.9798657718120806;0.9798657718120806;0.9798657718120806
74;6;0.3638859032694563;0.9932885906040269;0.9932885906040269;0.9932885906040269;0.9932885906040269
74;7;0.18425777037364013;0.9865771812080537;0.9865771812080537;0.9865771812080537;0.9865771812080537
74;8;0.760687672478552;0.9865771812080537;0.9865771812080537;0.9865771812080537;0.9865771812080537
74;9;1.1576848791261583;0.9932885906040269;0.9932885906040269;0.9932885906040269;0.9932885906040269
74;10;0.7802021740751137;0.9932885906040269;0.9932885906040269;0.9932885906040269;0.9932885906040269
75;1;0.010000000000000004;1.0;1.0;1.0;1.0
75;2;0.010000000000000004;1.0;1.0;1.0;1.0
75;3;0.010000000000000004;1.0;1.0;1.0;1.0
75;4;0.010000000000000004;1.0;1.0;1.0;1.0
75;5;0.010000000000000004;1.0;1.0;1.0;1.0
75;6;0.010000000000000004;1.0;1.0;1.0;1.0
75;7;0.010000000000000004;1.0;1.0;1.0;1.0
75;8;0.010000000000000004;1.0;1.0;1.0;1.0
75;9;0.010000000000000004;1.0;1.0;1.0;1.0
75;10;0.010000000000000004;1.0;1.0;1.0;1.0
78;1;0.035764681896969255;1.0;1.0;1.0;1.0
78;2;0.024221681055761037;1.0;1.0;1.0;1.0
78;3;0.024558301858549795;1.0;1.0;1.0;1.0
78;4;0.03405677383461877;0.9932885906040269;0.9932885906040269;0.9932885906040269;0.9932885906040269
78;5;0.02389333684385526;1.0;1.0;1.0;1.0
78;6;0.08012239116027443;0.9865771812080537;0.9865771812080537;0.9865771812080537;0.9865771812080537
78;7;0.0449656688627239;0.9932885906040269;0.9932885906040269;0.9932885906040269;0.9932885906040269
78;8;0.057090505862193185;0.9932885906040269;0.9932885906040269;0.9932885906040269;0.9932885906040269
78;9;0.09692135140019964;0.9932885906040269;0.9932885906040269;0.9932885906040269;0.9932885906040269
78;10;0.019157779511933565;1.0;1.0;1.0;1.0
79;1;0.019890844655443402;1.0;1.0;1.0;1.0
79;2;0.015015457475145804;1.0;1.0;1.0;1.0
79;3;0.016749039767017297;1.0;1.0;1.0;1.0
79;4;0.024388092281098894;1.0;1.0;1.0;1.0
79;5;0.014798052573281466;1.0;1.0;1.0;1.0
79;6;0.02171370219403251;1.0;1.0;1.0;1.0
79;7;0.09074648245313668;0.9932885906040269;0.9932885906040269;0.9932885906040269;0.9932885906040269
79;8;0.014297573544403962;1.0;1.0;1.0;1.0
79;9;0.029087125093629616;1.0;1.0;1.0;1.0
79;10;0.018421882959745065;1.0;1.0;1.0;1.0
1;1;0.023388538745447118;1.0;1.0;1.0;1.0
1;2;0.015359678123082266;1.0;1.0;1.0;1.0
1;3;0.014820476301551023;1.0;1.0;1.0;1.0
1;4;0.021241463862976435;1.0;1.0;1.0;1.0
1;5;0.01428754111539511;1.0;1.0;1.0;1.0
1;6;0.017998715134436027;1.0;1.0;1.0;1.0
1;7;0.017466894804003125;1.0;1.0;1.0;1.0
1;8;0.013759447572566887;1.0;1.0;1.0;1.0
1;9;0.022136144185274455;1.0;1.0;1.0;1.0
1;10;0.017971413326832646;1.0;1.0;1.0;1.0
5;1;0.010000000000000004;1.0;1.0;1.0;1.0
5;2;0.010000000000000004;1.0;1.0;1.0;1.0
5;3;0.010000000000000004;1.0;1.0;1.0;1.0
5;4;0.010000000000000004;1.0;1.0;1.0;1.0
5;5;0.010000000000000004;1.0;1.0;1.0;1.0
5;6;0.010000000000000004;1.0;1.0;1.0;1.0
5;7;0.010000000000000004;1.0;1.0;1.0;1.0
5;8;0.010000000000000004;1.0;1.0;1.0;1.0
5;9;0.010000000000000004;1.0;1.0;1.0;1.0
5;10;0.010000000000000004;1.0;1.0;1.0;1.0
7;1;1.381786299547956;0.9664429530201343;0.9664429530201343;0.9664429530201343;0.9664429530201343
7;2;5.258337271678424;0.9798657718120806;0.9798657718120806;0.9798657718120806;0.9798657718120806
7;3;0.047673882169190974;1.0;1.0;1.0;1.0
7;4;0.9820235739848765;0.9865771812080537;0.9865771812080537;0.9865771812080537;0.9865771812080537
7;5;0.17882529314458376;0.9865771812080537;0.9865771812080537;0.9865771812080537;0.9865771812080537
7;6;1.0009842983093833;0.9731543624161074;0.9731543624161074;0.9731543624161074;0.9731543624161074
7;7;0.8238668175494461;0.9798657718120806;0.9798657718120806;0.9798657718120806;0.9798657718120806
7;8;1.4971599775244864;0.9731543624161074;0.9731543624161074;0.9731543624161074;0.9731543624161074
7;9;0.5852126799098848;0.9731543624161074;0.9731543624161074;0.9731543624161074;0.9731543624161074
7;10;0.0753973238620902;1.0;1.0;1.0;1.0
8;1;0.010000000000000004;1.0;1.0;1.0;1.0
8;2;0.010000000000000004;1.0;1.0;1.0;1.0
8;3;0.010000000000000004;1.0;1.0;1.0;1.0
8;4;0.010000000000000004;1.0;1.0;1.0;1.0
8;5;0.010000000000000004;1.0;1.0;1.0;1.0
8;6;0.010000000000000004;1.0;1.0;1.0;1.0
8;7;0.010000000000000004;1.0;1.0;1.0;1.0
8;8;0.010000000000000004;1.0;1.0;1.0;1.0
8;9;0.0002684563758389262;1.0;1.0;1.0;1.0
8;10;0.010000000000000004;1.0;1.0;1.0;1.0
10;1;8.243926574625586;0.9731543624161074;0.9731543624161074;0.9731543624161074;0.9731543624161074
10;2;0.3053039150317185;0.9932885906040269;0.9932885906040269;0.9932885906040269;0.9932885906040269
10;3;0.026766538358218607;1.0;1.0;1.0;1.0
10;4;22.280958215729935;0.9731543624161074;0.9731543624161074;0.9731543624161074;0.9731543624161074
10;5;14.72746821895698;0.9731543624161074;0.9731543624161074;0.9731543624161074;0.9731543624161074
10;6;5.362910468135028;0.9865771812080537;0.9865771812080537;0.9865771812080537;0.9865771812080537
10;7;0.08370771069458219;1.0;1.0;1.0;1.0
10;8;0.9625605480203757;0.9932885906040269;0.9932885906040269;0.9932885906040269;0.9932885906040269
10;9;7.679112673065092;0.9865771812080537;0.9865771812080537;0.9865771812080537;0.9865771812080537
10;10;0.5765692474616172;0.9865771812080537;0.9865771812080537;0.9865771812080537;0.9865771812080537
11;1;0.5795285070354804;0.9932885906040269;0.9932885906040269;0.9932885906040269;0.9932885906040269
11;2;0.7397503507446225;0.9865771812080537;0.9865771812080537;0.9865771812080537;0.9865771812080537
11;3;0.6632414894020895;0.9932885906040269;0.9932885906040269;0.9932885906040269;0.9932885906040269
11;4;0.9621912108198722;0.9932885906040269;0.9932885906040269;0.9932885906040269;0.9932885906040269
11;5;0.19958886799047845;0.9865771812080537;0.9865771812080537;0.9865771812080537;0.9865771812080537
11;6;0.1964843343522794;0.9865771812080537;0.9865771812080537;0.9865771812080537;0.9865771812080537
11;7;5.512137482613054;0.9865771812080537;0.9865771812080537;0.9865771812080537;0.9865771812080537
11;8;0.3890395889459527;0.9932885906040269;0.9932885906040269;0.9932885906040269;0.9932885906040269
11;9;2.3886250208533837;0.9865771812080537;0.9865771812080537;0.9865771812080537;0.9865771812080537
11;10;0.7419272200036741;0.9865771812080537;0.9865771812080537;0.9865771812080537;0.9865771812080537
12;1;0.11238259968732685;1.0;1.0;1.0;1.0
12;2;0.33188527054509415;0.9932885906040269;0.9932885906040269;0.9932885906040269;0.9932885906040269
12;3;1.1917457440595898;0.9865771812080537;0.9865771812080537;0.9865771812080537;0.9865771812080537
12;4;0.0809542121886937;1.0;1.0;1.0;1.0
12;5;0.13997318991942517;0.9932885906040269;0.9932885906040269;0.9932885906040269;0.9932885906040269
12;6;0.35322795667504525;0.9865771812080537;0.9865771812080537;0.9865771812080537;0.9865771812080537
12;7;0.08846195237955659;1.0;1.0;1.0;1.0
12;8;0.09722102196629279;0.9932885906040269;0.9932885906040269;0.9932885906040269;0.9932885906040269
12;9;7.564867388115569;0.9865771812080537;0.9865771812080537;0.9865771812080537;0.9865771812080537
12;10;0.07268397923436873;1.0;1.0;1.0;1.0
13;1;0.010002227262759107;1.0;1.0;1.0;1.0
13;2;0.011074663003469239;1.0;1.0;1.0;1.0
13;3;0.010539171372013404;1.0;1.0;1.0;1.0
13;4;0.011074159140968633;1.0;1.0;1.0;1.0
13;5;0.010002399343174899;1.0;1.0;1.0;1.0
13;6;0.01000193108597146;1.0;1.0;1.0;1.0
13;7;0.010537878357252726;1.0;1.0;1.0;1.0
13;8;0.011073706701256451;1.0;1.0;1.0;1.0
13;9;0.011075167547507134;1.0;1.0;1.0;1.0
13;10;0.010003566206221844;1.0;1.0;1.0;1.0
14;1;0.01844015905312504;1.0;1.0;1.0;1.0
14;2;0.009963573843522613;1.0;1.0;1.0;1.0
14;3;7.391574713183422;0.9865771812080537;0.9865771812080537;0.9865771812080537;0.9865771812080537
14;4;0.08381995177259083;0.9932885906040269;0.9932885906040269;0.9932885906040269;0.9932885906040269
14;5;0.03633962173638102;1.0;1.0;1.0;1.0
14;6;0.022366700645060824;1.0;1.0;1.0;1.0
14;7;0.020166656569143362;1.0;1.0;1.0;1.0
14;8;1.3146608582131514;0.9932885906040269;0.9932885906040269;0.9932885906040269;0.9932885906040269
14;9;0.218544904665674;0.9865771812080537;0.9865771812080537;0.9865771812080537;0.9865771812080537
14;10;0.015310853222342607;1.0;1.0;1.0;1.0
15;1;0.018941933934433223;1.0;1.0;1.0;1.0
15;2;0.01536817603557842;1.0;1.0;1.0;1.0
15;3;0.022080841104610165;1.0;1.0;1.0;1.0
15;4;0.02199736503362825;1.0;1.0;1.0;1.0
15;5;0.023892406198258703;1.0;1.0;1.0;1.0
15;6;0.019648762986863414;1.0;1.0;1.0;1.0
15;7;0.02174467706345143;1.0;1.0;1.0;1.0
15;8;0.021214440501844876;1.0;1.0;1.0;1.0
15;9;0.01796734814749575;1.0;1.0;1.0;1.0
15;10;0.023269935692666666;1.0;1.0;1.0;1.0
17;1;0.010000000000000004;1.0;1.0;1.0;1.0
17;2;0.010000000000000004;1.0;1.0;1.0;1.0
17;3;0.010000000000000004;1.0;1.0;1.0;1.0
17;4;0.010000000000000004;1.0;1.0;1.0;1.0
17;5;0.010000000000000004;1.0;1.0;1.0;1.0
17;6;0.010000000000000004;1.0;1.0;1.0;1.0
17;7;0.010000000000000004;1.0;1.0;1.0;1.0
17;8;0.010000000000000004;1.0;1.0;1.0;1.0
17;9;0.010000000000000004;1.0;1.0;1.0;1.0
17;10;0.010000000000000004;1.0;1.0;1.0;1.0
19;1;6.363335450972946;0.9664429530201343;0.9664429530201343;0.9664429530201343;0.9664429530201343
19;2;0.2252065548781825;0.9932885906040269;0.9932885906040269;0.9932885906040269;0.9932885906040269
19;3;4.04463172267216;0.9932885906040269;0.9932885906040269;0.9932885906040269;0.9932885906040269
19;4;2.801206463024311;0.9932885906040269;0.9932885906040269;0.9932885906040269;0.9932885906040269
19;5;6.90266384883192;0.9731543624161074;0.9731543624161074;0.9731543624161074;0.9731543624161074
19;6;6.040860612906289;0.9798657718120806;0.9798657718120806;0.9798657718120806;0.9798657718120806
19;7;0.07374276851940358;1.0;1.0;1.0;1.0
19;8;0.12785314459576563;0.9932885906040269;0.9932885906040269;0.9932885906040269;0.9932885906040269
19;9;0.5598611439723667;0.9932885906040269;0.9932885906040269;0.9932885906040269;0.9932885906040269
19;10;0.30350779121005267;0.9865771812080537;0.9865771812080537;0.9865771812080537;0.9865771812080537
21;1;0.10076368978829414;1.0;1.0;1.0;1.0
21;2;0.08527973931046519;1.0;1.0;1.0;1.0
21;3;0.06634037748283846;1.0;1.0;1.0;1.0
21;4;0.1416899942759048;0.9932885906040269;0.9932885906040269;0.9932885906040269;0.9932885906040269
21;5;0.15263706611317593;0.9865771812080537;0.9865771812080537;0.9865771812080537;0.9865771812080537
21;6;0.7510412375236736;0.9865771812080537;0.9865771812080537;0.9865771812080537;0.9865771812080537
21;7;1.7998538386615681;0.9932885906040269;0.9932885906040269;0.9932885906040269;0.9932885906040269
21;8;0.21831003066048954;0.9798657718120806;0.9798657718120806;0.9798657718120806;0.9798657718120806
21;9;0.9990416520407092;0.9932885906040269;0.9932885906040269;0.9932885906040269;0.9932885906040269
21;10;0.023704559335004895;1.0;1.0;1.0;1.0
22;1;0.015301564713835935;1.0;1.0;1.0;1.0
22;2;0.02472050730427105;1.0;1.0;1.0;1.0
22;3;0.015516128360491478;1.0;1.0;1.0;1.0
22;4;0.012931265133139651;1.0;1.0;1.0;1.0
22;5;0.015424838741703093;1.0;1.0;1.0;1.0
22;6;0.0171372710502194;1.0;1.0;1.0;1.0
22;7;0.012997269290968094;1.0;1.0;1.0;1.0
22;8;0.016929124834993908;1.0;1.0;1.0;1.0
22;9;0.015411058766716028;1.0;1.0;1.0;1.0
22;10;0.016388461878840306;1.0;1.0;1.0;1.0
23;1;3.2048148174870037;0.9798657718120806;0.9798657718120806;0.9798657718120806;0.9798657718120806
23;2;0.379596232780501;0.9932885906040269;0.9932885906040269;0.9932885906040269;0.9932885906040269
23;3;0.03957963237105605;1.0;1.0;1.0;1.0
23;4;0.3661749084212531;0.9865771812080537;0.9865771812080537;0.9865771812080537;0.9865771812080537
23;5;0.4288399564116667;0.9798657718120806;0.9798657718120806;0.9798657718120806;0.9798657718120806
23;6;0.5562011980173749;0.9932885906040269;0.9932885906040269;0.9932885906040269;0.9932885906040269
23;7;1.4552648335190408;0.9865771812080537;0.9865771812080537;0.9865771812080537;0.9865771812080537
23;8;4.053345754283386;0.9798657718120806;0.9798657718120806;0.9798657718120806;0.9798657718120806
23;9;5.4049747783271105;0.9865771812080537;0.9865771812080537;0.9865771812080537;0.9865771812080537
23;10;0.4071302863694805;0.9932885906040269;0.9932885906040269;0.9932885906040269;0.9932885906040269
24;1;0.12267134715438328;0.9932885906040269;0.9932885906040269;0.9932885906040269;0.9932885906040269
24;2;0.24472328879088534;0.9865771812080537;0.9865771812080537;0.9865771812080537;0.9865771812080537
24;3;0.14080821693602535;0.9932885906040269;0.9932885906040269;0.9932885906040269;0.9932885906040269
24;4;2.4784121891740787;0.9798657718120806;0.9798657718120806;0.9798657718120806;0.9798657718120806
24;5;0.2216023281039772;0.9798657718120806;0.9798657718120806;0.9798657718120806;0.9798657718120806
24;6;1.0773842537110119;0.959731543624161;0.959731543624161;0.959731543624161;0.959731543624161
24;7;0.6118392437910303;0.9798657718120806;0.9798657718120806;0.9798657718120806;0.9798657718120806
24;8;0.19444619961683773;0.9865771812080537;0.9865771812080537;0.9865771812080537;0.9865771812080537
24;9;8.183972132889844;0.9865771812080537;0.9865771812080537;0.9865771812080537;0.9865771812080537
24;10;0.10441520953740008;0.9932885906040269;0.9932885906040269;0.9932885906040269;0.9932885906040269
25;1;0.0853097363613803;0.9932885906040269;0.9932885906040269;0.9932885906040269;0.9932885906040269
25;2;0.22190709713668563;0.9932885906040269;0.9932885906040269;0.9932885906040269;0.9932885906040269
25;3;7.729061584042856;0.9865771812080537;0.9865771812080537;0.9865771812080537;0.9865771812080537
25;4;0.2370000063757122;0.9865771812080537;0.9865771812080537;0.9865771812080537;0.9865771812080537
25;5;0.3116233258835341;0.9731543624161074;0.9731543624161074;0.9731543624161074;0.9731543624161074
25;6;0.6165625851603057;0.9865771812080537;0.9865771812080537;0.9865771812080537;0.9865771812080537
25;7;0.06329932827357936;1.0;1.0;1.0;1.0
25;8;0.15090919955947887;0.9932885906040269;0.9932885906040269;0.9932885906040269;0.9932885906040269
25;9;3.8579865974493814;0.9865771812080537;0.9865771812080537;0.9865771812080537;0.9865771812080537
25;10;0.15027560058125045;0.9932885906040269;0.9932885906040269;0.9932885906040269;0.9932885906040269
26;1;0.2726638703700474;0.9932885906040269;0.9932885906040269;0.9932885906040269;0.9932885906040269
26;2;0.036750936778936615;1.0;1.0;1.0;1.0
26;3;0.023310206692729967;1.0;1.0;1.0;1.0
26;4;0.5003827776790232;0.9932885906040269;0.9932885906040269;0.9932885906040269;0.9932885906040269
26;5;0.6903475043541345;0.9865771812080537;0.9865771812080537;0.9865771812080537;0.9865771812080537
26;6;0.13879079257141239;0.9932885906040269;0.9932885906040269;0.9932885906040269;0.9932885906040269
26;7;0.3647722049425469;0.9932885906040269;0.9932885906040269;0.9932885906040269;0.9932885906040269
26;8;0.48927968963323526;0.9731543624161074;0.9731543624161074;0.9731543624161074;0.9731543624161074
26;9;0.3168052948899598;0.9798657718120806;0.9798657718120806;0.9798657718120806;0.9798657718120806
26;10;0.09199903997442892;0.9932885906040269;0.9932885906040269;0.9932885906040269;0.9932885906040269
27;1;0.010005545613385746;1.0;1.0;1.0;1.0
27;2;0.02076578473384524;1.0;1.0;1.0;1.0
27;3;0.010004877142659883;1.0;1.0;1.0;1.0
27;4;0.010005081008455624;1.0;1.0;1.0;1.0
27;5;0.01000308457669393;1.0;1.0;1.0;1.0
27;6;0.02128297650306822;1.0;1.0;1.0;1.0
27;7;0.010004285957432687;1.0;1.0;1.0;1.0
27;8;0.010001974489728938;1.0;1.0;1.0;1.0
27;9;0.013097658793316248;1.0;1.0;1.0;1.0
27;10;0.032165274560517244;1.0;1.0;1.0;1.0
28;1;0.5225076893053489;0.9932885906040269;0.9932885906040269;0.9932885906040269;0.9932885906040269
28;2;1.4249151856149969;0.9865771812080537;0.9865771812080537;0.9865771812080537;0.9865771812080537
28;3;1.1786667944251534;0.9865771812080537;0.9865771812080537;0.9865771812080537;0.9865771812080537
28;4;0.4065793107643041;0.9798657718120806;0.9798657718120806;0.9798657718120806;0.9798657718120806
28;5;0.23518309812201127;0.9798657718120806;0.9798657718120806;0.9798657718120806;0.9798657718120806
28;6;0.5812784429712723;0.9932885906040269;0.9932885906040269;0.9932885906040269;0.9932885906040269
28;7;4.82259943207657;0.9865771812080537;0.9865771812080537;0.9865771812080537;0.9865771812080537
28;8;0.9333895924526499;0.9865771812080537;0.9865771812080537;0.9865771812080537;0.9865771812080537
28;9;3.7419178302926355;0.9731543624161074;0.9731543624161074;0.9731543624161074;0.9731543624161074
28;10;0.5988524345563332;0.9865771812080537;0.9865771812080537;0.9865771812080537;0.9865771812080537
29;1;0.06453670455695854;1.0;1.0;1.0;1.0
29;2;0.21648320677070373;0.9932885906040269;0.9932885906040269;0.9932885906040269;0.9932885906040269
29;3;0.18359718141610595;0.9932885906040269;0.9932885906040269;0.9932885906040269;0.9932885906040269
29;4;0.6652287922126319;0.9865771812080537;0.9865771812080537;0.9865771812080537;0.9865771812080537
29;5;0.0743015860095574;1.0;1.0;1.0;1.0
29;6;1.7615011870886697;0.9798657718120806;0.9798657718120806;0.9798657718120806;0.9798657718120806
29;7;0.21143386891177918;0.9932885906040269;0.9932885906040269;0.9932885906040269;0.9932885906040269
29;8;0.8907113700395768;0.9731543624161074;0.9731543624161074;0.9731543624161074;0.9731543624161074
29;9;0.9903849301401644;0.9865771812080537;0.9865771812080537;0.9865771812080537;0.9865771812080537
29;10;0.0558412514963442;1.0;1.0;1.0;1.0
30;1;0.013916766548742248;1.0;1.0;1.0;1.0
30;2;0.015182759573056438;1.0;1.0;1.0;1.0
30;3;0.0145469794620063;1.0;1.0;1.0;1.0
30;4;0.012477609691185306;1.0;1.0;1.0;1.0
30;5;0.013765759742604234;1.0;1.0;1.0;1.0
30;6;0.012758993483078823;1.0;1.0;1.0;1.0
30;7;0.017213004409532294;1.0;1.0;1.0;1.0
30;8;0.012974228704421734;1.0;1.0;1.0;1.0
30;9;0.027961215828232674;1.0;1.0;1.0;1.0
30;10;0.03657326085076756;1.0;1.0;1.0;1.0
31;1;0.2071056536416551;0.9932885906040269;0.9932885906040269;0.9932885906040269;0.9932885906040269
31;2;0.18329834160737737;0.9932885906040269;0.9932885906040269;0.9932885906040269;0.9932885906040269
31;3;0.020158121895181777;1.0;1.0;1.0;1.0
31;4;0.06186584717906397;1.0;1.0;1.0;1.0
31;5;0.33290385353034574;0.9865771812080537;0.9865771812080537;0.9865771812080537;0.9865771812080537
31;6;0.18838836474538564;0.9865771812080537;0.9865771812080537;0.9865771812080537;0.9865771812080537
31;7;0.1486546012203044;0.9932885906040269;0.9932885906040269;0.9932885906040269;0.9932885906040269
31;8;1.0102748282088265;0.9865771812080537;0.9865771812080537;0.9865771812080537;0.9865771812080537
31;9;0.27796706444266156;0.9865771812080537;0.9865771812080537;0.9865771812080537;0.9865771812080537
31;10;0.03838734353689965;1.0;1.0;1.0;1.0
32;1;0.030890451126043758;1.0;1.0;1.0;1.0
32;2;0.020660743283505877;1.0;1.0;1.0;1.0
32;3;0.01613395933110864;1.0;1.0;1.0;1.0
32;4;0.0193065907109336;1.0;1.0;1.0;1.0
32;5;0.01599023598755557;1.0;1.0;1.0;1.0
32;6;0.02027429672646743;1.0;1.0;1.0;1.0
32;7;0.014910909760904248;1.0;1.0;1.0;1.0
32;8;0.01754440726195592;1.0;1.0;1.0;1.0
32;9;0.01659793941693037;1.0;1.0;1.0;1.0
32;10;0.017269554861545314;1.0;1.0;1.0;1.0
33;1;0.02290377957118973;1.0;1.0;1.0;1.0
33;2;0.016879140588240155;1.0;1.0;1.0;1.0
33;3;0.013153957501883862;1.0;1.0;1.0;1.0
33;4;0.016037716045809766;1.0;1.0;1.0;1.0
33;5;0.016748131497315907;1.0;1.0;1.0;1.0
33;6;0.021962884967472382;1.0;1.0;1.0;1.0
33;7;0.01430293360830512;1.0;1.0;1.0;1.0
33;8;0.011614639088950659;1.0;1.0;1.0;1.0
33;9;0.02254929723128618;1.0;1.0;1.0;1.0
33;10;0.019441078642210487;1.0;1.0;1.0;1.0
36;1;0.024777073067495266;1.0;1.0;1.0;1.0
36;2;0.01144372920848346;1.0;1.0;1.0;1.0
36;3;0.012130463310860496;1.0;1.0;1.0;1.0
36;4;0.022569542602047677;1.0;1.0;1.0;1.0
36;5;0.01188195684955712;1.0;1.0;1.0;1.0
36;6;0.011935117786570136;1.0;1.0;1.0;1.0
36;7;0.012938171173960037;1.0;1.0;1.0;1.0
36;8;0.020877849353587476;1.0;1.0;1.0;1.0
36;9;0.011936032240927943;1.0;1.0;1.0;1.0
36;10;0.01339128817659822;1.0;1.0;1.0;1.0
37;1;0.7672121073690392;0.9932885906040269;0.9932885906040269;0.9932885906040269;0.9932885906040269
37;2;0.05799834142167677;1.0;1.0;1.0;1.0
37;3;0.09121101545297987;0.9932885906040269;0.9932885906040269;0.9932885906040269;0.9932885906040269
37;4;0.07075978262631195;1.0;1.0;1.0;1.0
37;5;0.06957786019552957;1.0;1.0;1.0;1.0
37;6;0.1105803790700707;0.9932885906040269;0.9932885906040269;0.9932885906040269;0.9932885906040269
37;7;0.05207975433944237;1.0;1.0;1.0;1.0
37;8;0.12866747165988524;1.0;1.0;1.0;1.0
37;9;0.14300473922654336;1.0;1.0;1.0;1.0
37;10;0.0663512824675588;1.0;1.0;1.0;1.0
39;1;0.010000000000000004;1.0;1.0;1.0;1.0
39;2;0.010000000000000004;1.0;1.0;1.0;1.0
39;3;0.010536912751677856;1.0;1.0;1.0;1.0
39;4;0.010000000000000004;1.0;1.0;1.0;1.0
39;5;0.010000000000000004;1.0;1.0;1.0;1.0
39;6;0.010000000000000004;1.0;1.0;1.0;1.0
39;7;0.010000000000000004;1.0;1.0;1.0;1.0
39;8;0.010000000000000004;1.0;1.0;1.0;1.0
39;9;0.010000000000000004;1.0;1.0;1.0;1.0
39;10;0.010536912751677856;1.0;1.0;1.0;1.0
43;1;0.16254403991793295;0.9664429530201343;0.9664429530201343;0.9664429530201343;0.9664429530201343
43;2;0.15621813006206955;0.9932885906040269;0.9932885906040269;0.9932885906040269;0.9932885906040269
43;3;0.08204553371605287;0.9865771812080537;0.9865771812080537;0.9865771812080537;0.9865771812080537
43;4;0.10467578237645514;0.9798657718120806;0.9798657718120806;0.9798657718120806;0.9798657718120806
43;5;0.074588115457329;0.9932885906040269;0.9932885906040269;0.9932885906040269;0.9932885906040269
43;6;0.2517922308773884;0.9664429530201343;0.9664429530201343;0.9664429530201343;0.9664429530201343
43;7;0.2810774068761533;0.9731543624161074;0.9731543624161074;0.9731543624161074;0.9731543624161074
43;8;0.14250586564053055;0.9731543624161074;0.9731543624161074;0.9731543624161074;0.9731543624161074
43;9;0.2087405838773229;0.9865771812080537;0.9865771812080537;0.9865771812080537;0.9865771812080537
43;10;0.1602033017016181;0.9932885906040269;0.9932885906040269;0.9932885906040269;0.9932885906040269
44;1;0.04903783277561503;1.0;1.0;1.0;1.0
44;2;0.09788554234881339;0.9932885906040269;0.9932885906040269;0.9932885906040269;0.9932885906040269
44;3;0.04082838689850629;1.0;1.0;1.0;1.0
44;4;0.21183510705854905;0.9932885906040269;0.9932885906040269;0.9932885906040269;0.9932885906040269
44;5;0.23186656399908653;0.9932885906040269;0.9932885906040269;0.9932885906040269;0.9932885906040269
44;6;0.058431363985442394;1.0;1.0;1.0;1.0
44;7;0.19345015996029474;0.9932885906040269;0.9932885906040269;0.9932885906040269;0.9932885906040269
44;8;0.42612404136624316;0.9798657718120806;0.9798657718120806;0.9798657718120806;0.9798657718120806
44;9;8.898205825166329;0.9865771812080537;0.9865771812080537;0.9865771812080537;0.9865771812080537
44;10;0.05211912216470368;1.0;1.0;1.0;1.0
45;1;0.1658436500810024;0.9932885906040269;0.9932885906040269;0.9932885906040269;0.9932885906040269
45;2;0.20166819488339488;0.9865771812080537;0.9865771812080537;0.9865771812080537;0.9865771812080537
45;3;0.07072750127567834;0.9932885906040269;0.9932885906040269;0.9932885906040269;0.9932885906040269
45;4;0.6113989838443497;0.9932885906040269;0.9932885906040269;0.9932885906040269;0.9932885906040269
45;5;0.15595711298769283;0.9932885906040269;0.9932885906040269;0.9932885906040269;0.9932885906040269
45;6;1.3753791896945082;0.9731543624161074;0.9731543624161074;0.9731543624161074;0.9731543624161074
45;7;11.515598937757671;0.9932885906040269;0.9932885906040269;0.9932885906040269;0.9932885906040269
45;8;0.16120590516363162;0.9932885906040269;0.9932885906040269;0.9932885906040269;0.9932885906040269
45;9;7.103416680267197;0.9865771812080537;0.9865771812080537;0.9865771812080537;0.9865771812080537
45;10;0.10415504198186994;1.0;1.0;1.0;1.0
46;1;0.010000000000000004;1.0;1.0;1.0;1.0
46;2;0.010000000000000004;1.0;1.0;1.0;1.0
46;3;0.010000000000000004;1.0;1.0;1.0;1.0
46;4;0.010000000000000004;1.0;1.0;1.0;1.0
46;5;0.010000000000000004;1.0;1.0;1.0;1.0
46;6;0.010000000000000004;1.0;1.0;1.0;1.0
46;7;0.010000000000000004;1.0;1.0;1.0;1.0
46;8;0.010000000000000004;1.0;1.0;1.0;1.0
46;9;0.010000000000000004;1.0;1.0;1.0;1.0
46;10;0.010000000000000004;1.0;1.0;1.0;1.0
47;1;0.05420659615983746;1.0;1.0;1.0;1.0
47;2;0.020766064104842163;1.0;1.0;1.0;1.0
47;3;0.016914399862018363;1.0;1.0;1.0;1.0
47;4;0.05815260216781014;1.0;1.0;1.0;1.0
47;5;0.02342511790740677;1.0;1.0;1.0;1.0
47;6;0.020597532019711366;1.0;1.0;1.0;1.0
47;7;0.030408554709155773;1.0;1.0;1.0;1.0
47;8;0.02762631815707332;1.0;1.0;1.0;1.0
47;9;0.04342603426380266;1.0;1.0;1.0;1.0
47;10;0.01937722009995461;1.0;1.0;1.0;1.0
48;1;0.5553230034494996;0.9932885906040269;0.9932885906040269;0.9932885906040269;0.9932885906040269
48;2;1.1612896215044446;0.9865771812080537;0.9865771812080537;0.9865771812080537;0.9865771812080537
48;3;1.101608134134411;0.9865771812080537;0.9865771812080537;0.9865771812080537;0.9865771812080537
48;4;0.3856096010017627;0.9865771812080537;0.9865771812080537;0.9865771812080537;0.9865771812080537
48;5;0.2479755293500382;0.9798657718120806;0.9798657718120806;0.9798657718120806;0.9798657718120806
48;6;0.5003657122819378;0.9865771812080537;0.9865771812080537;0.9865771812080537;0.9865771812080537
48;7;3.4759876687935174;0.9865771812080537;0.9865771812080537;0.9865771812080537;0.9865771812080537
48;8;0.285838114048791;0.9932885906040269;0.9932885906040269;0.9932885906040269;0.9932885906040269
48;9;4.259954105707974;0.9798657718120806;0.9798657718120806;0.9798657718120806;0.9798657718120806
48;10;0.6594737230037294;0.9865771812080537;0.9865771812080537;0.9865771812080537;0.9865771812080537
49;1;0.08213764919847272;1.0;1.0;1.0;1.0
49;2;0.08365078395686085;1.0;1.0;1.0;1.0
49;3;0.07157026233939089;1.0;1.0;1.0;1.0
49;4;0.05910957910726943;1.0;1.0;1.0;1.0
49;5;0.07134010728269774;1.0;1.0;1.0;1.0
49;6;0.07832309004440162;1.0;1.0;1.0;1.0
49;7;0.046184133266031165;1.0;1.0;1.0;1.0
49;8;0.09749818527046145;1.0;1.0;1.0;1.0
49;9;0.08614410533084813;1.0;1.0;1.0;1.0
49;10;4.053888752884553;0.9932885906040269;0.9932885906040269;0.9932885906040269;0.9932885906040269
50;1;0.02264321316272371;1.0;1.0;1.0;1.0
50;2;0.016076669334345928;1.0;1.0;1.0;1.0
50;3;0.022676277063260298;1.0;1.0;1.0;1.0
50;4;0.024775119715159465;1.0;1.0;1.0;1.0
50;5;0.019032048233155078;1.0;1.0;1.0;1.0
50;6;0.1755601159737448;0.9932885906040269;0.9932885906040269;0.9932885906040269;0.9932885906040269
50;7;0.02483240743636876;1.0;1.0;1.0;1.0
50;8;0.10519476374814869;0.9932885906040269;0.9932885906040269;0.9932885906040269;0.9932885906040269
50;9;0.017951070263778485;1.0;1.0;1.0;1.0
50;10;0.028066582760360663;1.0;1.0;1.0;1.0
52;1;0.2586689521813049;0.9798657718120806;0.9798657718120806;0.9798657718120806;0.9798657718120806
52;2;0.04949663080109143;1.0;1.0;1.0;1.0
52;3;0.020791387648086343;1.0;1.0;1.0;1.0
52;4;0.37354721649524775;0.9932885906040269;0.9932885906040269;0.9932885906040269;0.9932885906040269
52;5;0.5048936313363435;0.9798657718120806;0.9798657718120806;0.9798657718120806;0.9798657718120806
52;6;0.21161591893129011;0.9798657718120806;0.9798657718120806;0.9798657718120806;0.9798657718120806
52;7;0.15927997527118695;0.9932885906040269;0.9932885906040269;0.9932885906040269;0.9932885906040269
52;8;0.22330387770198626;0.9798657718120806;0.9798657718120806;0.9798657718120806;0.9798657718120806
52;9;0.05008202343186549;1.0;1.0;1.0;1.0
52;10;0.07075865939844748;1.0;1.0;1.0;1.0
53;1;0.29767697107855845;0.9865771812080537;0.9865771812080537;0.9865771812080537;0.9865771812080537
53;2;0.45405880386338165;0.9932885906040269;0.9932885906040269;0.9932885906040269;0.9932885906040269
53;3;0.09536729761369589;0.9932885906040269;0.9932885906040269;0.9932885906040269;0.9932885906040269
53;4;0.43961332651015605;0.9865771812080537;0.9865771812080537;0.9865771812080537;0.9865771812080537
53;5;0.12031031894168978;0.9932885906040269;0.9932885906040269;0.9932885906040269;0.9932885906040269
53;6;0.10939209148516392;0.9932885906040269;0.9932885906040269;0.9932885906040269;0.9932885906040269
53;7;1.1600958222748572;0.9932885906040269;0.9932885906040269;0.9932885906040269;0.9932885906040269
53;8;1.6339201046950078;0.9865771812080537;0.9865771812080537;0.9865771812080537;0.9865771812080537
53;9;1.8083721877627095;0.9865771812080537;0.9865771812080537;0.9865771812080537;0.9865771812080537
53;10;0.4972101142618894;0.9865771812080537;0.9865771812080537;0.9865771812080537;0.9865771812080537
57;1;0.010000000000000004;1.0;1.0;1.0;1.0
57;2;0.010000000000000004;1.0;1.0;1.0;1.0
57;3;0.010000000000000004;1.0;1.0;1.0;1.0
57;4;0.010000000000000004;1.0;1.0;1.0;1.0
57;5;0.010000000000000004;1.0;1.0;1.0;1.0
57;6;0.010000000000000004;1.0;1.0;1.0;1.0
57;7;0.010000000000000004;1.0;1.0;1.0;1.0
57;8;0.010000000000000004;1.0;1.0;1.0;1.0
57;9;0.010000000000000004;1.0;1.0;1.0;1.0
57;10;0.010000000000000004;1.0;1.0;1.0;1.0
58;1;0.029624499386068984;0.9932885906040269;0.9932885906040269;0.9932885906040269;0.9932885906040269
58;2;0.2748331499144169;0.9932885906040269;0.9932885906040269;0.9932885906040269;0.9932885906040269
58;3;0.018592265608227552;1.0;1.0;1.0;1.0
58;4;0.017902928261838473;1.0;1.0;1.0;1.0
58;5;0.019225193229194467;1.0;1.0;1.0;1.0
58;6;0.019933317653888585;1.0;1.0;1.0;1.0
58;7;0.021356222746219535;1.0;1.0;1.0;1.0
58;8;0.021937109045928684;1.0;1.0;1.0;1.0
58;9;0.021639318548217035;1.0;1.0;1.0;1.0
58;10;0.02012077303371065;1.0;1.0;1.0;1.0
59;1;3.9565599561942553;0.9731543624161074;0.9731543624161074;0.9731543624161074;0.9731543624161074
59;2;0.17002583084966777;0.9865771812080537;0.9865771812080537;0.9865771812080537;0.9865771812080537
59;3;0.019160557119439175;1.0;1.0;1.0;1.0
59;4;3.035911119446585;0.9865771812080537;0.9865771812080537;0.9865771812080537;0.9865771812080537
59;5;2.3956026554444674;0.9932885906040269;0.9932885906040269;0.9932885906040269;0.9932885906040269
59;6;1.7584204835792465;0.9865771812080537;0.9865771812080537;0.9865771812080537;0.9865771812080537
59;7;0.12609911688534178;0.9932885906040269;0.9932885906040269;0.9932885906040269;0.9932885906040269
59;8;2.893825840634681;0.9798657718120806;0.9798657718120806;0.9798657718120806;0.9798657718120806
59;9;1.2958646281251096;0.9865771812080537;0.9865771812080537;0.9865771812080537;0.9865771812080537
59;10;0.1870560925559822;0.9865771812080537;0.9865771812080537;0.9865771812080537;0.9865771812080537
60;1;0.13601213730472964;0.9932885906040269;0.9932885906040269;0.9932885906040269;0.9932885906040269
60;2;0.059447876009025645;1.0;1.0;1.0;1.0
60;3;0.014815993723874977;1.0;1.0;1.0;1.0
60;4;2.327292056454662;0.9865771812080537;0.9865771812080537;0.9865771812080537;0.9865771812080537
60;5;0.848774001217192;0.9798657718120806;0.9798657718120806;0.9798657718120806;0.9798657718120806
60;6;0.8664904791612088;0.9731543624161074;0.9731543624161074;0.9731543624161074;0.9731543624161074
60;7;0.1934624746137234;0.9932885906040269;0.9932885906040269;0.9932885906040269;0.9932885906040269
60;8;0.2480181055082407;0.9865771812080537;0.9865771812080537;0.9865771812080537;0.9865771812080537
60;9;7.489677271138986;0.9865771812080537;0.9865771812080537;0.9865771812080537;0.9865771812080537
60;10;0.6181156132058079;0.9932885906040269;0.9932885906040269;0.9932885906040269;0.9932885906040269
61;1;0.017806503631381556;1.0;1.0;1.0;1.0
61;2;0.017675545696545496;1.0;1.0;1.0;1.0
61;3;0.01365973487587469;1.0;1.0;1.0;1.0
61;4;0.013518350503794688;1.0;1.0;1.0;1.0
61;5;0.013783867118965093;1.0;1.0;1.0;1.0
61;6;0.013857423285038209;1.0;1.0;1.0;1.0
61;7;0.01480019657080404;1.0;1.0;1.0;1.0
61;8;0.01658871455154823;1.0;1.0;1.0;1.0
61;9;0.012640450391148653;1.0;1.0;1.0;1.0
61;10;0.011916942802581976;1.0;1.0;1.0;1.0
62;1;0.1754061208335432;0.9865771812080537;0.9865771812080537;0.9865771812080537;0.9865771812080537
62;2;0.08700516550668773;0.9932885906040269;0.9932885906040269;0.9932885906040269;0.9932885906040269
62;3;0.0233957430160031;1.0;1.0;1.0;1.0
62;4;0.12806248903384723;0.9932885906040269;0.9932885906040269;0.9932885906040269;0.9932885906040269
62;5;0.14550227737010274;0.9932885906040269;0.9932885906040269;0.9932885906040269;0.9932885906040269
62;6;0.33576563198305615;0.9798657718120806;0.9798657718120806;0.9798657718120806;0.9798657718120806
62;7;0.09379817573163399;0.9932885906040269;0.9932885906040269;0.9932885906040269;0.9932885906040269
62;8;0.522572717189383;0.9731543624161074;0.9731543624161074;0.9731543624161074;0.9731543624161074
62;9;10.03541355344511;0.9865771812080537;0.9865771812080537;0.9865771812080537;0.9865771812080537
62;10;0.0587803084510146;1.0;1.0;1.0;1.0
64;1;0.010000000000000004;1.0;1.0;1.0;1.0
64;2;0.010000000000000004;1.0;1.0;1.0;1.0
64;3;0.010000000000000004;1.0;1.0;1.0;1.0
64;4;0.010000000000000004;1.0;1.0;1.0;1.0
64;5;0.010000000000000004;1.0;1.0;1.0;1.0
64;6;0.010000000000000004;1.0;1.0;1.0;1.0
64;7;0.010000000000000004;1.0;1.0;1.0;1.0
64;8;0.010000000000000004;1.0;1.0;1.0;1.0
64;9;0.010000000000000004;1.0;1.0;1.0;1.0
64;10;0.010000000000000004;1.0;1.0;1.0;1.0
65;1;0.11644000820767762;1.0;1.0;1.0;1.0
65;2;0.21849554323068515;0.9798657718120806;0.9798657718120806;0.9798657718120806;0.9798657718120806
65;3;0.09152911626041339;1.0;1.0;1.0;1.0
65;4;0.776186111094957;0.9798657718120806;0.9798657718120806;0.9798657718120806;0.9798657718120806
65;5;0.2043777150781551;0.9932885906040269;0.9932885906040269;0.9932885906040269;0.9932885906040269
65;6;0.21928763734390166;0.9932885906040269;0.9932885906040269;0.9932885906040269;0.9932885906040269
65;7;2.90816486012233;0.9865771812080537;0.9865771812080537;0.9865771812080537;0.9865771812080537
65;8;0.15622135512870564;0.9932885906040269;0.9932885906040269;0.9932885906040269;0.9932885906040269
65;9;0.6494079886612129;0.9932885906040269;0.9932885906040269;0.9932885906040269;0.9932885906040269
65;10;0.08318147351785618;0.9932885906040269;0.9932885906040269;0.9932885906040269;0.9932885906040269
67;1;0.010000000000000004;1.0;1.0;1.0;1.0
67;2;0.010000000000000004;1.0;1.0;1.0;1.0
67;3;0.010000000000000004;1.0;1.0;1.0;1.0
67;4;0.010000000000000004;1.0;1.0;1.0;1.0
67;5;0.010000000000000004;1.0;1.0;1.0;1.0
67;6;0.010000000000000004;1.0;1.0;1.0;1.0
67;7;0.010000000000000004;1.0;1.0;1.0;1.0
67;8;0.010000000000000004;1.0;1.0;1.0;1.0
67;9;0.010000000000000004;1.0;1.0;1.0;1.0
67;10;0.010000000000000004;1.0;1.0;1.0;1.0
68;1;0.010000000000000004;1.0;1.0;1.0;1.0
68;2;0.010000000000000004;1.0;1.0;1.0;1.0
68;3;0.010000000000000004;1.0;1.0;1.0;1.0
68;4;0.010000000000000004;1.0;1.0;1.0;1.0
68;5;0.010000000000000004;1.0;1.0;1.0;1.0
68;6;0.010000000000000004;1.0;1.0;1.0;1.0
68;7;0.010000000000000004;1.0;1.0;1.0;1.0
68;8;0.010000000000000004;1.0;1.0;1.0;1.0
68;9;0.010000000000000004;1.0;1.0;1.0;1.0
68;10;0.010000000000000004;1.0;1.0;1.0;1.0
69;1;0.12794217027633126;0.9932885906040269;0.9932885906040269;0.9932885906040269;0.9932885906040269
69;2;0.3621315965144666;0.9932885906040269;0.9932885906040269;0.9932885906040269;0.9932885906040269
69;3;0.08790564762350694;0.9932885906040269;0.9932885906040269;0.9932885906040269;0.9932885906040269
69;4;0.18953404013612332;0.9798657718120806;0.9798657718120806;0.9798657718120806;0.9798657718120806
69;5;0.19771096296704863;0.9798657718120806;0.9798657718120806;0.9798657718120806;0.9798657718120806
69;6;1.2456616414675468;0.9865771812080537;0.9865771812080537;0.9865771812080537;0.9865771812080537
69;7;2.826214746539277;0.9932885906040269;0.9932885906040269;0.9932885906040269;0.9932885906040269
69;8;0.2676460899544546;0.9932885906040269;0.9932885906040269;0.9932885906040269;0.9932885906040269
69;9;6.310003558042958;0.9865771812080537;0.9865771812080537;0.9865771812080537;0.9865771812080537
69;10;0.23466781673481346;0.9798657718120806;0.9798657718120806;0.9798657718120806;0.9798657718120806
70;1;0.010000000000000004;1.0;1.0;1.0;1.0
70;2;0.010000000000000004;1.0;1.0;1.0;1.0
70;3;0.010000000000000004;1.0;1.0;1.0;1.0
70;4;0.010000000000000004;1.0;1.0;1.0;1.0
70;5;0.010000000000000004;1.0;1.0;1.0;1.0
70;6;0.010000000000000004;1.0;1.0;1.0;1.0
70;7;0.010000000000000004;1.0;1.0;1.0;1.0
70;8;0.010000000000000004;1.0;1.0;1.0;1.0
70;9;0.010000000000000004;1.0;1.0;1.0;1.0
70;10;0.010000000000000004;1.0;1.0;1.0;1.0
71;1;0.01782345580855102;1.0;1.0;1.0;1.0
71;2;0.017356638127156498;1.0;1.0;1.0;1.0
71;3;0.016256676092032567;1.0;1.0;1.0;1.0
71;4;0.015424236985305251;1.0;1.0;1.0;1.0
71;5;0.014264106225564397;1.0;1.0;1.0;1.0
71;6;0.013781881768963038;1.0;1.0;1.0;1.0
71;7;0.019666968660314366;1.0;1.0;1.0;1.0
71;8;0.018499307172466166;1.0;1.0;1.0;1.0
71;9;0.016723486933831976;1.0;1.0;1.0;1.0
71;10;0.018910803527247038;1.0;1.0;1.0;1.0
72;1;0.01871502148345857;1.0;1.0;1.0;1.0
72;2;0.013710021821797544;1.0;1.0;1.0;1.0
72;3;0.016226251714167653;1.0;1.0;1.0;1.0
72;4;0.01647566161799159;1.0;1.0;1.0;1.0
72;5;0.020081095446735003;1.0;1.0;1.0;1.0
72;6;0.015742252345965914;1.0;1.0;1.0;1.0
72;7;0.020730703111654383;1.0;1.0;1.0;1.0
72;8;0.019406009885158622;1.0;1.0;1.0;1.0
72;9;0.02306504786229339;1.0;1.0;1.0;1.0
72;10;0.020113504501292342;1.0;1.0;1.0;1.0
73;1;0.8225393775339538;0.9798657718120806;0.9798657718120806;0.9798657718120806;0.9798657718120806
73;2;1.531371492539391;0.959731543624161;0.959731543624161;0.959731543624161;0.959731543624161
73;3;0.19250230208038524;0.9865771812080537;0.9865771812080537;0.9865771812080537;0.9865771812080537
73;4;1.7123387065685591;0.9664429530201343;0.9664429530201343;0.9664429530201343;0.9664429530201343
73;5;0.8116878878168603;0.9798657718120806;0.9798657718120806;0.9798657718120806;0.9798657718120806
73;6;0.2608338534489414;0.9798657718120806;0.9798657718120806;0.9798657718120806;0.9798657718120806
73;7;0.9995276376643694;0.9731543624161074;0.9731543624161074;0.9731543624161074;0.9731543624161074
73;8;0.2850745600954339;0.9865771812080537;0.9865771812080537;0.9865771812080537;0.9865771812080537
73;9;0.8839922829468003;0.9932885906040269;0.9932885906040269;0.9932885906040269;0.9932885906040269
73;10;0.8562926357377976;0.9731543624161074;0.9731543624161074;0.9731543624161074;0.9731543624161074
76;1;0.12047467719887181;0.9932885906040269;0.9932885906040269;0.9932885906040269;0.9932885906040269
76;2;0.37625444253239965;0.9865771812080537;0.9865771812080537;0.9865771812080537;0.9865771812080537
76;3;0.2871315043023262;0.9932885906040269;0.9932885906040269;0.9932885906040269;0.9932885906040269
76;4;0.23827083439063004;0.9932885906040269;0.9932885906040269;0.9932885906040269;0.9932885906040269
76;5;0.3858056515166417;0.9798657718120806;0.9798657718120806;0.9798657718120806;0.9798657718120806
76;6;1.5560239562881575;0.9664429530201343;0.9664429530201343;0.9664429530201343;0.9664429530201343
76;7;0.36566123282544316;0.9865771812080537;0.9865771812080537;0.9865771812080537;0.9865771812080537
76;8;0.29970983767705206;0.9865771812080537;0.9865771812080537;0.9865771812080537;0.9865771812080537
76;9;0.8864383487306274;0.9798657718120806;0.9798657718120806;0.9798657718120806;0.9798657718120806
76;10;0.1711149571379927;0.9865771812080537;0.9865771812080537;0.9865771812080537;0.9865771812080537
77;1;0.014607180265844982;1.0;1.0;1.0;1.0
77;2;0.030652941414758883;1.0;1.0;1.0;1.0
77;3;0.013162863403128262;1.0;1.0;1.0;1.0
77;4;0.016610020117264295;1.0;1.0;1.0;1.0
77;5;0.01514583857561753;1.0;1.0;1.0;1.0
77;6;0.01699637664417684;1.0;1.0;1.0;1.0
77;7;0.012981741348532411;1.0;1.0;1.0;1.0
77;8;0.015797659521633256;1.0;1.0;1.0;1.0
77;9;0.03879988731524631;1.0;1.0;1.0;1.0
77;10;0.014185669906546489;1.0;1.0;1.0;1.0
80;1;0.0;1.0;1.0;1.0;1.0
80;2;0.0;1.0;1.0;1.0;1.0
80;3;0.0;1.0;1.0;1.0;1.0
80;4;0.0;1.0;1.0;1.0;1.0
80;5;0.0;1.0;1.0;1.0;1.0
80;6;0.0;1.0;1.0;1.0;1.0
80;7;0.0;1.0;1.0;1.0;1.0
80;8;0.0;1.0;1.0;1.0;1.0
80;9;0.0;1.0;1.0;1.0;1.0
80;10;0.0;1.0;1.0;1.0;1.0
81;1;0.03243990258990555;1.0;1.0;1.0;1.0
81;2;0.01940623864668683;1.0;1.0;1.0;1.0
81;3;0.014667921390844859;1.0;1.0;1.0;1.0
81;4;0.028334499530024;1.0;1.0;1.0;1.0
81;5;0.02806456686413333;0.9932885906040269;0.9932885906040269;0.9932885906040269;0.9932885906040269
81;6;0.04206894381069149;0.9865771812080537;0.9865771812080537;0.9865771812080537;0.9865771812080537
81;7;0.029276051727870678;1.0;1.0;1.0;1.0
81;8;0.02949970321542971;1.0;1.0;1.0;1.0
81;9;0.14646847916502898;0.9932885906040269;0.9932885906040269;0.9932885906040269;0.9932885906040269
81;10;0.01774881443977542;1.0;1.0;1.0;1.0
6;1;0.6362310568784347;0.9865771812080537;0.9865771812080537;0.9865771812080537;0.9865771812080537
6;2;0.35540094943962397;0.9865771812080537;0.9865771812080537;0.9865771812080537;0.9865771812080537
6;3;0.04259617911323882;1.0;1.0;1.0;1.0
6;4;8.166066567609617;0.9865771812080537;0.9865771812080537;0.9865771812080537;0.9865771812080537
6;5;8.175811570036982;0.9798657718120806;0.9798657718120806;0.9798657718120806;0.9798657718120806
6;6;6.221076101866117;0.9798657718120806;0.9798657718120806;0.9798657718120806;0.9798657718120806
6;7;0.05973884431466394;1.0;1.0;1.0;1.0
6;8;0.6104382801825518;0.9798657718120806;0.9798657718120806;0.9798657718120806;0.9798657718120806
6;9;0.9405977975626628;0.9798657718120806;0.9798657718120806;0.9798657718120806;0.9798657718120806
6;10;0.67253752231826;0.9798657718120806;0.9798657718120806;0.9798657718120806;0.9798657718120806
9;1;0.023774811517879003;1.0;1.0;1.0;1.0
9;2;0.046758902471040045;0.9932885906040269;0.9932885906040269;0.9932885906040269;0.9932885906040269
9;3;0.039768746390413855;1.0;1.0;1.0;1.0
9;4;0.05206879688334259;1.0;1.0;1.0;1.0
9;5;0.022174736879956615;1.0;1.0;1.0;1.0
9;6;0.026245357596522766;1.0;1.0;1.0;1.0
9;7;0.04173317989076248;1.0;1.0;1.0;1.0
9;8;0.028266972156868336;1.0;1.0;1.0;1.0
9;9;0.07248483599641545;0.9865771812080537;0.9865771812080537;0.9865771812080537;0.9865771812080537
9;10;0.01870071757080926;1.0;1.0;1.0;1.0
16;1;0.010000000000000004;1.0;1.0;1.0;1.0
16;2;0.010000000000000004;1.0;1.0;1.0;1.0
16;3;0.010000000000000004;1.0;1.0;1.0;1.0
16;4;0.010000000000000004;1.0;1.0;1.0;1.0
16;5;0.010000000000000004;1.0;1.0;1.0;1.0
16;6;0.010000000000000004;1.0;1.0;1.0;1.0
16;7;0.010000000000000004;1.0;1.0;1.0;1.0
16;8;0.010000000000000004;1.0;1.0;1.0;1.0
16;9;0.010000000000000004;1.0;1.0;1.0;1.0
16;10;0.010000000000000004;1.0;1.0;1.0;1.0
18;1;2.6580849255424432;0.9798657718120806;0.9798657718120806;0.9798657718120806;0.9798657718120806
18;2;0.13695535051760852;0.9865771812080537;0.9865771812080537;0.9865771812080537;0.9865771812080537
18;3;0.034985327810506714;1.0;1.0;1.0;1.0
18;4;2.2923360663526005;0.9865771812080537;0.9865771812080537;0.9865771812080537;0.9865771812080537
18;5;2.6500745838687467;0.9798657718120806;0.9798657718120806;0.9798657718120806;0.9798657718120806
18;6;2.821178592448052;0.9865771812080537;0.9865771812080537;0.9865771812080537;0.9865771812080537
18;7;0.0645649065559508;1.0;1.0;1.0;1.0
18;8;0.16096230375077367;0.9865771812080537;0.9865771812080537;0.9865771812080537;0.9865771812080537
18;9;0.1102197462428293;0.9932885906040269;0.9932885906040269;0.9932885906040269;0.9932885906040269
18;10;0.19619785158399117;0.9865771812080537;0.9865771812080537;0.9865771812080537;0.9865771812080537
20;1;0.08684370525538582;0.9932885906040269;0.9932885906040269;0.9932885906040269;0.9932885906040269
20;2;0.02209878330749406;1.0;1.0;1.0;1.0
20;3;0.014865018048791716;1.0;1.0;1.0;1.0
20;4;0.019066583353850707;1.0;1.0;1.0;1.0
20;5;0.01564022193278764;1.0;1.0;1.0;1.0
20;6;0.013030510220526063;1.0;1.0;1.0;1.0
20;7;0.03649263497578927;1.0;1.0;1.0;1.0
20;8;0.012472444809619423;1.0;1.0;1.0;1.0
20;9;0.018927976857530792;1.0;1.0;1.0;1.0
20;10;0.01626173200892596;1.0;1.0;1.0;1.0
34;1;0.014437188690155667;1.0;1.0;1.0;1.0
34;2;0.013009666335885963;1.0;1.0;1.0;1.0
34;3;0.01349949335859832;1.0;1.0;1.0;1.0
34;4;0.01262295609250498;1.0;1.0;1.0;1.0
34;5;0.015071146270734985;1.0;1.0;1.0;1.0
34;6;0.012446978386322546;1.0;1.0;1.0;1.0
34;7;0.012376490192381373;1.0;1.0;1.0;1.0
34;8;0.013565506028254735;1.0;1.0;1.0;1.0
34;9;0.014466859593823144;1.0;1.0;1.0;1.0
34;10;0.013634659528095623;1.0;1.0;1.0;1.0
35;1;0.0;1.0;1.0;1.0;1.0
35;2;0.0;1.0;1.0;1.0;1.0
35;3;0.0;1.0;1.0;1.0;1.0
35;4;0.0;1.0;1.0;1.0;1.0
35;5;0.0;1.0;1.0;1.0;1.0
35;6;0.0;1.0;1.0;1.0;1.0
35;7;0.0;1.0;1.0;1.0;1.0
35;8;0.0;1.0;1.0;1.0;1.0
35;9;0.0;1.0;1.0;1.0;1.0
35;10;0.0;1.0;1.0;1.0;1.0
38;1;0.08153848502139582;0.9932885906040269;0.9932885906040269;0.9932885906040269;0.9932885906040269
38;2;0.08455826188281848;0.9932885906040269;0.9932885906040269;0.9932885906040269;0.9932885906040269
38;3;0.04120943098585134;1.0;1.0;1.0;1.0
38;4;0.27687422402556344;0.9865771812080537;0.9865771812080537;0.9865771812080537;0.9865771812080537
38;5;0.4103358449796784;0.9865771812080537;0.9865771812080537;0.9865771812080537;0.9865771812080537
38;6;1.2171905894786297;0.9798657718120806;0.9798657718120806;0.9798657718120806;0.9798657718120806
38;7;0.274838230750918;0.9932885906040269;0.9932885906040269;0.9932885906040269;0.9932885906040269
38;8;0.38580389886197103;0.9798657718120806;0.9798657718120806;0.9798657718120806;0.9798657718120806
38;9;3.8508208958977823;0.9865771812080537;0.9865771812080537;0.9865771812080537;0.9865771812080537
38;10;0.16364326562693457;0.9932885906040269;0.9932885906040269;0.9932885906040269;0.9932885906040269
40;1;4.844146202377451;0.9731543624161074;0.9731543624161074;0.9731543624161074;0.9731543624161074
40;2;0.0930551407251514;0.9932885906040269;0.9932885906040269;0.9932885906040269;0.9932885906040269
40;3;0.02913508792867592;1.0;1.0;1.0;1.0
40;4;0.8341091159530212;0.9865771812080537;0.9865771812080537;0.9865771812080537;0.9865771812080537
40;5;0.201720413286226;0.9932885906040269;0.9932885906040269;0.9932885906040269;0.9932885906040269
40;6;3.2159061859888873;0.9865771812080537;0.9865771812080537;0.9865771812080537;0.9865771812080537
40;7;0.15685746037420065;0.9932885906040269;0.9932885906040269;0.9932885906040269;0.9932885906040269
40;8;2.5724760918188845;0.9798657718120806;0.9798657718120806;0.9798657718120806;0.9798657718120806
40;9;1.5972496816321855;0.9865771812080537;0.9865771812080537;0.9865771812080537;0.9865771812080537
40;10;0.6321675010203589;0.9865771812080537;0.9865771812080537;0.9865771812080537;0.9865771812080537
41;1;0.010000000000000881;1.0;1.0;1.0;1.0
41;2;0.010000000000001032;1.0;1.0;1.0;1.0
41;3;0.010000000000000956;1.0;1.0;1.0;1.0
41;4;0.010000000000000881;1.0;1.0;1.0;1.0
41;5;0.010000000000001072;1.0;1.0;1.0;1.0
41;6;0.010000000000000842;1.0;1.0;1.0;1.0
41;7;0.010000000000000842;1.0;1.0;1.0;1.0
41;8;0.010000000000000803;1.0;1.0;1.0;1.0
41;9;0.01776107382550336;1.0;1.0;1.0;1.0
41;10;0.01776107382550336;1.0;1.0;1.0;1.0
42;1;0.0;1.0;1.0;1.0;1.0
42;2;0.0;1.0;1.0;1.0;1.0
42;3;0.0;1.0;1.0;1.0;1.0
42;4;0.0;1.0;1.0;1.0;1.0
42;5;0.0;1.0;1.0;1.0;1.0
42;6;0.0;1.0;1.0;1.0;1.0
42;7;0.0;1.0;1.0;1.0;1.0
42;8;0.0;1.0;1.0;1.0;1.0
42;9;0.0;1.0;1.0;1.0;1.0
42;10;0.0;1.0;1.0;1.0;1.0
51;1;0.1952611060578981;0.9932885906040269;0.9932885906040269;0.9932885906040269;0.9932885906040269
51;2;0.14538359855218544;0.9865771812080537;0.9865771812080537;0.9865771812080537;0.9865771812080537
51;3;0.09028793860209218;0.9932885906040269;0.9932885906040269;0.9932885906040269;0.9932885906040269
51;4;0.44230753988423543;0.9798657718120806;0.9798657718120806;0.9798657718120806;0.9798657718120806
51;5;0.2144480213808315;0.9798657718120806;0.9798657718120806;0.9798657718120806;0.9798657718120806
51;6;0.06722148965626876;1.0;1.0;1.0;1.0
51;7;2.9348314084991016;0.9865771812080537;0.9865771812080537;0.9865771812080537;0.9865771812080537
51;8;2.0577810663980247;0.9865771812080537;0.9865771812080537;0.9865771812080537;0.9865771812080537
51;9;0.9279991526925541;0.9865771812080537;0.9865771812080537;0.9865771812080537;0.9865771812080537
51;10;0.15734222389957703;0.9932885906040269;0.9932885906040269;0.9932885906040269;0.9932885906040269
