Hora;Dia;Total de Tweets;Total de Relacionados;Precipitação (mm/30min);Hora (normalizado);Dia (normalizado);Total de Tweets (normalizado);Total de Relacionados (normalizado);Precipitação (mm/30min) (normalizado); Precipitação para próxima meia hora (mm/30min)16;0;0;0;0.0;0.6956521739130435;0.0;0.0;0.0;0.0;0.0
4;30;0;0;0.0;0.17391304347826086;1.0;0.0;0.0;0.0;0.0
6;0;0;0;0.2;0.2608695652173913;0.0;0.0;0.0;0.1449275362318841;0.0
11;0;0;0;0.2;0.4782608695652174;0.0;0.0;0.0;0.1449275362318841;0.0
14;30;0;0;0.2;0.6086956521739131;1.0;0.0;0.0;0.1449275362318841;0.0
13;30;0;0;0.0;0.5652173913043478;1.0;0.0;0.0;0.0;0.0
4;30;4;0;0.2;0.17391304347826086;1.0;0.10256410256410256;0.0;0.1449275362318841;0.2
17;0;0;0;0.0;0.7391304347826086;0.0;0.0;0.0;0.0;0.0
6;30;0;0;0.0;0.2608695652173913;1.0;0.0;0.0;0.0;0.0
5;0;4;0;0.0;0.21739130434782608;0.0;0.10256410256410256;0.0;0.0;0.0
17;30;0;0;0.0;0.7391304347826086;1.0;0.0;0.0;0.0;0.0
11;30;0;0;0.0;0.4782608695652174;1.0;0.0;0.0;0.0;0.2
17;30;4;0;0.0;0.7391304347826086;1.0;0.10256410256410256;0.0;0.0;0.0
17;0;1;0;0.0;0.7391304347826086;0.0;0.02564102564102564;0.0;0.0;0.0
21;0;0;0;0.0;0.9130434782608695;0.0;0.0;0.0;0.0;0.0
11;30;0;0;0.98;0.4782608695652174;1.0;0.0;0.0;0.7101449275362319;0.79
4;30;0;0;0.0;0.17391304347826086;1.0;0.0;0.0;0.0;0.0
5;0;0;0;0.0;0.21739130434782608;0.0;0.0;0.0;0.0;0.0
2;0;0;0;0.2;0.08695652173913043;0.0;0.0;0.0;0.1449275362318841;0.0
17;30;0;0;0.2;0.7391304347826086;1.0;0.0;0.0;0.1449275362318841;0.0
1;30;0;0;0.2;0.043478260869565216;1.0;0.0;0.0;0.1449275362318841;0.0
1;30;1;0;0.0;0.043478260869565216;1.0;0.02564102564102564;0.0;0.0;0.0
2;30;0;0;0.2;0.08695652173913043;1.0;0.0;0.0;0.1449275362318841;0.2
21;0;0;0;0.2;0.9130434782608695;0.0;0.0;0.0;0.1449275362318841;0.0
5;30;0;0;0.0;0.21739130434782608;1.0;0.0;0.0;0.0;0.0
13;0;2;0;0.0;0.5652173913043478;0.0;0.05128205128205128;0.0;0.0;0.0
4;0;0;0;0.2;0.17391304347826086;0.0;0.0;0.0;0.1449275362318841;0.2
2;30;0;0;0.0;0.08695652173913043;1.0;0.0;0.0;0.0;0.0
7;0;0;0;0.0;0.30434782608695654;0.0;0.0;0.0;0.0;0.0
16;30;0;0;0.0;0.6956521739130435;1.0;0.0;0.0;0.0;0.0
18;30;4;0;0.0;0.782608695652174;1.0;0.10256410256410256;0.0;0.0;0.2
17;0;0;0;0.0;0.7391304347826086;0.0;0.0;0.0;0.0;0.0
14;0;1;0;0.0;0.6086956521739131;0.0;0.02564102564102564;0.0;0.0;0.0
19;0;0;0;0.0;0.8260869565217391;0.0;0.0;0.0;0.0;0.2
22;30;0;0;0.0;0.9565217391304348;1.0;0.0;0.0;0.0;0.0
22;30;5;0;0.0;0.9565217391304348;1.0;0.1282051282051282;0.0;0.0;0.2
14;0;0;0;0.2;0.6086956521739131;0.0;0.0;0.0;0.1449275362318841;0.4
0;0;0;0;0.0;0.0;0.0;0.0;0.0;0.0;0.0
19;0;0;0;0.4;0.8260869565217391;0.0;0.0;0.0;0.2898550724637682;0.2
2;0;0;0;0.0;0.08695652173913043;0.0;0.0;0.0;0.0;0.0
3;0;0;0;0.0;0.13043478260869565;0.0;0.0;0.0;0.0;0.0
23;0;1;0;0.2;1.0;0.0;0.02564102564102564;0.0;0.1449275362318841;0.2
8;30;0;0;0.0;0.34782608695652173;1.0;0.0;0.0;0.0;0.0
6;30;0;0;0.0;0.2608695652173913;1.0;0.0;0.0;0.0;0.0
19;0;0;0;0.0;0.8260869565217391;0.0;0.0;0.0;0.0;0.0
21;30;0;0;0.4;0.9130434782608695;1.0;0.0;0.0;0.2898550724637682;0.6
22;30;0;0;0.4;0.9565217391304348;1.0;0.0;0.0;0.2898550724637682;0.4
23;30;0;0;0.0;1.0;1.0;0.0;0.0;0.0;0.0
23;30;3;0;0.0;1.0;1.0;0.07692307692307693;0.0;0.0;0.0
4;0;0;0;0.79;0.17391304347826086;0.0;0.0;0.0;0.5724637681159421;0.98
3;30;0;0;0.0;0.13043478260869565;1.0;0.0;0.0;0.0;0.0
2;0;0;0;0.4;0.08695652173913043;0.0;0.0;0.0;0.2898550724637682;0.2
1;0;1;0;0.0;0.043478260869565216;0.0;0.02564102564102564;0.0;0.0;0.0
23;0;0;0;0.0;1.0;0.0;0.0;0.0;0.0;0.0
18;0;0;0;0.0;0.782608695652174;0.0;0.0;0.0;0.0;0.0
1;0;0;0;0.2;0.043478260869565216;0.0;0.0;0.0;0.1449275362318841;0.2
14;30;1;0;0.4;0.6086956521739131;1.0;0.02564102564102564;0.0;0.2898550724637682;0.2
18;30;0;0;0.6;0.782608695652174;1.0;0.0;0.0;0.4347826086956522;0.2
13;30;1;0;0.0;0.5652173913043478;1.0;0.02564102564102564;0.0;0.0;0.0
15;0;0;0;0.2;0.6521739130434783;0.0;0.0;0.0;0.1449275362318841;0.0
8;0;0;0;0.0;0.34782608695652173;0.0;0.0;0.0;0.0;0.2
13;30;0;0;0.0;0.5652173913043478;1.0;0.0;0.0;0.0;0.0
4;30;0;0;0.0;0.17391304347826086;1.0;0.0;0.0;0.0;0.0
16;30;0;0;0.0;0.6956521739130435;1.0;0.0;0.0;0.0;0.2
10;0;1;0;0.0;0.43478260869565216;0.0;0.02564102564102564;0.0;0.0;0.0
19;0;0;0;0.2;0.8260869565217391;0.0;0.0;0.0;0.1449275362318841;0.0
5;30;3;0;0.0;0.21739130434782608;1.0;0.07692307692307693;0.0;0.0;0.2
21;0;0;0;0.4;0.9130434782608695;0.0;0.0;0.0;0.2898550724637682;0.4
5;0;0;0;0.0;0.21739130434782608;0.0;0.0;0.0;0.0;0.0
3;0;0;0;0.0;0.13043478260869565;0.0;0.0;0.0;0.0;0.0
17;30;0;0;0.2;0.7391304347826086;1.0;0.0;0.0;0.1449275362318841;0.0
19;0;0;0;0.2;0.8260869565217391;0.0;0.0;0.0;0.1449275362318841;0.2
6;0;0;0;0.4;0.2608695652173913;0.0;0.0;0.0;0.2898550724637682;0.2
22;30;1;0;0.0;0.9565217391304348;1.0;0.02564102564102564;0.0;0.0;0.0
21;30;2;0;0.0;0.9130434782608695;1.0;0.05128205128205128;0.0;0.0;0.0
8;30;0;0;0.0;0.34782608695652173;1.0;0.0;0.0;0.0;0.0
16;0;0;0;0.2;0.6956521739130435;0.0;0.0;0.0;0.1449275362318841;0.2
16;0;0;0;0.2;0.6956521739130435;0.0;0.0;0.0;0.1449275362318841;0.2
3;30;0;0;0.4;0.13043478260869565;1.0;0.0;0.0;0.2898550724637682;0.2
17;0;0;0;0.4;0.7391304347826086;0.0;0.0;0.0;0.2898550724637682;0.4
13;0;0;0;0.0;0.5652173913043478;0.0;0.0;0.0;0.0;0.0
2;30;0;0;0.4;0.08695652173913043;1.0;0.0;0.0;0.2898550724637682;0.2
9;30;0;0;0.0;0.391304347826087;1.0;0.0;0.0;0.0;0.0
12;0;0;0;0.0;0.5217391304347826;0.0;0.0;0.0;0.0;0.0
13;0;0;0;0.98;0.5652173913043478;0.0;0.0;0.0;0.7101449275362319;0.79
11;30;0;0;0.0;0.4782608695652174;1.0;0.0;0.0;0.0;0.0
11;0;0;0;0.2;0.4782608695652174;0.0;0.0;0.0;0.1449275362318841;0.2
7;30;0;0;0.2;0.30434782608695654;1.0;0.0;0.0;0.1449275362318841;0.2
18;0;0;0;0.0;0.782608695652174;0.0;0.0;0.0;0.0;0.0
21;0;1;0;0.0;0.9130434782608695;0.0;0.02564102564102564;0.0;0.0;0.0
3;30;3;0;0.0;0.13043478260869565;1.0;0.07692307692307693;0.0;0.0;0.0
13;30;1;0;0.0;0.5652173913043478;1.0;0.02564102564102564;0.0;0.0;0.0
16;30;4;0;0.0;0.6956521739130435;1.0;0.10256410256410256;0.0;0.0;0.0
8;0;5;0;0.0;0.34782608695652173;0.0;0.1282051282051282;0.0;0.0;0.0
7;30;0;0;0.0;0.30434782608695654;1.0;0.0;0.0;0.0;0.0
18;0;0;0;0.0;0.782608695652174;0.0;0.0;0.0;0.0;0.0
19;30;0;0;0.0;0.8260869565217391;1.0;0.0;0.0;0.0;0.0
14;0;0;0;0.4;0.6086956521739131;0.0;0.0;0.0;0.2898550724637682;0.4
16;30;0;0;0.0;0.6956521739130435;1.0;0.0;0.0;0.0;0.0
4;0;0;0;0.2;0.17391304347826086;0.0;0.0;0.0;0.1449275362318841;0.0
10;30;0;0;0.4;0.43478260869565216;1.0;0.0;0.0;0.2898550724637682;0.4
8;30;1;0;0.0;0.34782608695652173;1.0;0.02564102564102564;0.0;0.0;0.0
21;0;1;0;0.2;0.9130434782608695;0.0;0.02564102564102564;0.0;0.1449275362318841;0.4
7;30;0;0;0.2;0.30434782608695654;1.0;0.0;0.0;0.1449275362318841;0.2
5;30;0;0;0.0;0.21739130434782608;1.0;0.0;0.0;0.0;0.0
16;0;0;0;0.4;0.6956521739130435;0.0;0.0;0.0;0.2898550724637682;0.4
15;30;7;0;0.0;0.6521739130434783;1.0;0.1794871794871795;0.0;0.0;0.0
7;30;0;0;0.0;0.30434782608695654;1.0;0.0;0.0;0.0;0.0
2;0;0;0;0.2;0.08695652173913043;0.0;0.0;0.0;0.1449275362318841;0.2
20;30;0;0;0.0;0.8695652173913043;1.0;0.0;0.0;0.0;0.2
6;30;0;0;0.2;0.2608695652173913;1.0;0.0;0.0;0.1449275362318841;0.2
16;30;0;0;0.0;0.6956521739130435;1.0;0.0;0.0;0.0;0.2
5;30;0;0;0.0;0.21739130434782608;1.0;0.0;0.0;0.0;0.2
17;0;1;0;0.0;0.7391304347826086;0.0;0.02564102564102564;0.0;0.0;0.0
23;0;1;0;0.0;1.0;0.0;0.02564102564102564;0.0;0.0;0.0
13;30;0;0;0.4;0.5652173913043478;1.0;0.0;0.0;0.2898550724637682;0.4
6;0;0;0;0.2;0.2608695652173913;0.0;0.0;0.0;0.1449275362318841;0.2
5;30;0;0;0.0;0.21739130434782608;1.0;0.0;0.0;0.0;0.0
9;0;0;0;0.0;0.391304347826087;0.0;0.0;0.0;0.0;0.0
15;30;0;0;0.0;0.6521739130434783;1.0;0.0;0.0;0.0;0.0
0;0;5;0;0.0;0.0;0.0;0.1282051282051282;0.0;0.0;0.0
22;30;2;0;0.6;0.9565217391304348;1.0;0.05128205128205128;0.0;0.4347826086956522;0.4
1;30;1;0;0.0;0.043478260869565216;1.0;0.02564102564102564;0.0;0.0;0.0
3;0;0;0;0.0;0.13043478260869565;0.0;0.0;0.0;0.0;0.0
11;0;0;0;0.98;0.4782608695652174;0.0;0.0;0.0;0.7101449275362319;0.98
12;30;0;0;0.0;0.5217391304347826;1.0;0.0;0.0;0.0;0.0
1;30;0;0;0.0;0.043478260869565216;1.0;0.0;0.0;0.0;0.0
0;0;0;0;0.0;0.0;0.0;0.0;0.0;0.0;0.0
10;30;0;0;0.2;0.43478260869565216;1.0;0.0;0.0;0.1449275362318841;0.0
12;30;0;0;0.0;0.5217391304347826;1.0;0.0;0.0;0.0;0.0
20;30;0;0;0.4;0.8695652173913043;1.0;0.0;0.0;0.2898550724637682;0.4
6;30;0;0;0.0;0.2608695652173913;1.0;0.0;0.0;0.0;0.0
5;30;0;0;0.0;0.21739130434782608;1.0;0.0;0.0;0.0;0.0
8;30;0;0;0.2;0.34782608695652173;1.0;0.0;0.0;0.1449275362318841;0.2
9;30;0;0;0.0;0.391304347826087;1.0;0.0;0.0;0.0;0.0
10;0;0;0;0.4;0.43478260869565216;0.0;0.0;0.0;0.2898550724637682;0.4
7;0;0;0;0.0;0.30434782608695654;0.0;0.0;0.0;0.0;0.0
0;30;5;0;0.0;0.0;1.0;0.1282051282051282;0.0;0.0;0.0
20;0;0;0;0.2;0.8695652173913043;0.0;0.0;0.0;0.1449275362318841;0.0
20;0;0;0;0.0;0.8695652173913043;0.0;0.0;0.0;0.0;0.0
5;30;0;0;0.2;0.21739130434782608;1.0;0.0;0.0;0.1449275362318841;0.2
16;30;0;0;0.2;0.6956521739130435;1.0;0.0;0.0;0.1449275362318841;0.0
15;30;0;0;0.0;0.6521739130434783;1.0;0.0;0.0;0.0;0.0
0;0;0;0;0.4;0.0;0.0;0.0;0.0;0.2898550724637682;0.6
22;30;0;0;0.0;0.9565217391304348;1.0;0.0;0.0;0.0;0.0
22;0;1;0;0.4;0.9565217391304348;0.0;0.02564102564102564;0.0;0.2898550724637682;0.6
16;0;0;0;0.0;0.6956521739130435;0.0;0.0;0.0;0.0;0.0
15;0;0;0;0.0;0.6521739130434783;0.0;0.0;0.0;0.0;0.0
5;30;0;0;0.0;0.21739130434782608;1.0;0.0;0.0;0.0;0.0
3;30;0;0;0.0;0.13043478260869565;1.0;0.0;0.0;0.0;0.2
15;30;0;0;0.79;0.6521739130434783;1.0;0.0;0.0;0.5724637681159421;0.6
3;30;0;0;0.0;0.13043478260869565;1.0;0.0;0.0;0.0;0.0
7;0;0;0;0.0;0.30434782608695654;0.0;0.0;0.0;0.0;0.0
18;0;0;0;0.0;0.782608695652174;0.0;0.0;0.0;0.0;0.0
17;30;0;0;0.0;0.7391304347826086;1.0;0.0;0.0;0.0;0.0
17;30;3;0;0.0;0.7391304347826086;1.0;0.07692307692307693;0.0;0.0;0.0
7;30;0;0;0.2;0.30434782608695654;1.0;0.0;0.0;0.1449275362318841;0.2
5;30;0;0;0.2;0.21739130434782608;1.0;0.0;0.0;0.1449275362318841;0.2
22;0;2;0;0.0;0.9565217391304348;0.0;0.05128205128205128;0.0;0.0;0.0
5;0;0;0;0.4;0.21739130434782608;0.0;0.0;0.0;0.2898550724637682;0.4
22;0;1;0;0.0;0.9565217391304348;0.0;0.02564102564102564;0.0;0.0;0.0
14;0;0;0;0.0;0.6086956521739131;0.0;0.0;0.0;0.0;0.0
10;0;0;0;0.2;0.43478260869565216;0.0;0.0;0.0;0.1449275362318841;0.2
0;30;0;0;0.2;0.0;1.0;0.0;0.0;0.1449275362318841;0.0
2;0;0;0;0.0;0.08695652173913043;0.0;0.0;0.0;0.0;0.0
2;30;0;0;0.2;0.08695652173913043;1.0;0.0;0.0;0.1449275362318841;0.0
3;30;0;0;0.2;0.13043478260869565;1.0;0.0;0.0;0.1449275362318841;0.2
12;30;0;0;0.0;0.5217391304347826;1.0;0.0;0.0;0.0;0.2
0;0;1;0;0.0;0.0;0.0;0.02564102564102564;0.0;0.0;0.0
23;0;5;0;0.0;1.0;0.0;0.1282051282051282;0.0;0.0;0.0
18;30;0;0;0.2;0.782608695652174;1.0;0.0;0.0;0.1449275362318841;0.2
11;0;0;0;0.0;0.4782608695652174;0.0;0.0;0.0;0.0;0.0
6;0;0;0;0.2;0.2608695652173913;0.0;0.0;0.0;0.1449275362318841;0.2
2;0;0;0;0.2;0.08695652173913043;0.0;0.0;0.0;0.1449275362318841;0.0
22;0;0;0;0.0;0.9565217391304348;0.0;0.0;0.0;0.0;0.2
5;30;0;0;0.0;0.21739130434782608;1.0;0.0;0.0;0.0;0.0
13;0;1;0;0.0;0.5652173913043478;0.0;0.02564102564102564;0.0;0.0;0.0
18;0;0;0;0.4;0.782608695652174;0.0;0.0;0.0;0.2898550724637682;0.6
16;0;0;0;0.0;0.6956521739130435;0.0;0.0;0.0;0.0;0.0
18;30;1;0;0.0;0.782608695652174;1.0;0.02564102564102564;0.0;0.0;0.0
7;30;0;0;0.0;0.30434782608695654;1.0;0.0;0.0;0.0;0.0
17;0;0;0;0.0;0.7391304347826086;0.0;0.0;0.0;0.0;0.2
8;30;0;0;0.2;0.34782608695652173;1.0;0.0;0.0;0.1449275362318841;0.0
7;30;0;0;0.2;0.30434782608695654;1.0;0.0;0.0;0.1449275362318841;0.2
21;0;0;0;0.0;0.9130434782608695;0.0;0.0;0.0;0.0;0.2
17;0;0;0;0.2;0.7391304347826086;0.0;0.0;0.0;0.1449275362318841;0.2
23;0;3;0;0.4;1.0;0.0;0.07692307692307693;0.0;0.2898550724637682;0.4
16;0;0;0;0.0;0.6956521739130435;0.0;0.0;0.0;0.0;0.2
3;0;0;0;0.2;0.13043478260869565;0.0;0.0;0.0;0.1449275362318841;0.2
11;30;1;0;0.2;0.4782608695652174;1.0;0.02564102564102564;0.0;0.1449275362318841;0.2
5;30;5;0;0.2;0.21739130434782608;1.0;0.1282051282051282;0.0;0.1449275362318841;0.0
11;30;0;0;0.2;0.4782608695652174;1.0;0.0;0.0;0.1449275362318841;0.0
20;0;0;0;0.2;0.8695652173913043;0.0;0.0;0.0;0.1449275362318841;0.0
21;30;0;0;0.0;0.9130434782608695;1.0;0.0;0.0;0.0;0.0
7;0;0;0;0.0;0.30434782608695654;0.0;0.0;0.0;0.0;0.0
16;0;0;0;0.0;0.6956521739130435;0.0;0.0;0.0;0.0;0.0
4;0;0;0;0.2;0.17391304347826086;0.0;0.0;0.0;0.1449275362318841;0.2
21;0;2;0;0.2;0.9130434782608695;0.0;0.05128205128205128;0.0;0.1449275362318841;0.4
14;30;1;0;0.0;0.6086956521739131;1.0;0.02564102564102564;0.0;0.0;0.0
15;30;0;0;0.2;0.6521739130434783;1.0;0.0;0.0;0.1449275362318841;0.2
15;0;0;0;0.2;0.6521739130434783;0.0;0.0;0.0;0.1449275362318841;0.2
0;30;0;0;0.6;0.0;1.0;0.0;0.0;0.4347826086956522;0.6
21;30;1;0;0.4;0.9130434782608695;1.0;0.02564102564102564;0.0;0.2898550724637682;0.2
4;0;0;0;0.0;0.17391304347826086;0.0;0.0;0.0;0.0;0.0
12;0;1;0;0.0;0.5217391304347826;0.0;0.02564102564102564;0.0;0.0;0.0
7;0;0;0;0.0;0.30434782608695654;0.0;0.0;0.0;0.0;0.0
0;0;2;0;0.0;0.0;0.0;0.05128205128205128;0.0;0.0;0.0
5;0;0;0;0.0;0.21739130434782608;0.0;0.0;0.0;0.0;0.2
22;30;0;0;0.2;0.9565217391304348;1.0;0.0;0.0;0.1449275362318841;0.2
2;30;0;0;0.0;0.08695652173913043;1.0;0.0;0.0;0.0;0.0
12;30;0;0;0.0;0.5217391304347826;1.0;0.0;0.0;0.0;0.0
6;30;0;0;0.0;0.2608695652173913;1.0;0.0;0.0;0.0;0.0
4;0;0;0;0.0;0.17391304347826086;0.0;0.0;0.0;0.0;0.2
8;0;0;0;0.0;0.34782608695652173;0.0;0.0;0.0;0.0;0.0
11;0;1;0;0.0;0.4782608695652174;0.0;0.02564102564102564;0.0;0.0;0.0
16;30;0;0;0.0;0.6956521739130435;1.0;0.0;0.0;0.0;0.0
7;0;0;0;0.0;0.30434782608695654;0.0;0.0;0.0;0.0;0.0
23;0;0;0;0.0;1.0;0.0;0.0;0.0;0.0;0.0
11;30;1;0;0.2;0.4782608695652174;1.0;0.02564102564102564;0.0;0.1449275362318841;0.2
11;30;0;0;0.0;0.4782608695652174;1.0;0.0;0.0;0.0;0.0
2;30;0;0;0.0;0.08695652173913043;1.0;0.0;0.0;0.0;0.2
22;30;0;0;0.0;0.9565217391304348;1.0;0.0;0.0;0.0;0.0
1;0;0;0;0.2;0.043478260869565216;0.0;0.0;0.0;0.1449275362318841;0.2
20;0;2;0;0.0;0.8695652173913043;0.0;0.05128205128205128;0.0;0.0;0.0
2;30;0;0;0.0;0.08695652173913043;1.0;0.0;0.0;0.0;0.0
5;30;0;0;0.0;0.21739130434782608;1.0;0.0;0.0;0.0;0.0
10;0;0;0;0.0;0.43478260869565216;0.0;0.0;0.0;0.0;0.0
10;30;0;0;0.0;0.43478260869565216;1.0;0.0;0.0;0.0;0.0
23;0;3;0;0.0;1.0;0.0;0.07692307692307693;0.0;0.0;0.0
13;0;0;0;0.4;0.5652173913043478;0.0;0.0;0.0;0.2898550724637682;0.2
10;30;0;0;0.0;0.43478260869565216;1.0;0.0;0.0;0.0;0.2
13;0;0;0;0.0;0.5652173913043478;0.0;0.0;0.0;0.0;0.0
8;0;0;0;0.0;0.34782608695652173;0.0;0.0;0.0;0.0;0.0
8;30;0;0;0.0;0.34782608695652173;1.0;0.0;0.0;0.0;0.0
21;30;0;0;0.0;0.9130434782608695;1.0;0.0;0.0;0.0;0.2
15;30;1;0;0.0;0.6521739130434783;1.0;0.02564102564102564;0.0;0.0;0.0
4;0;12;0;0.0;0.17391304347826086;0.0;0.3076923076923077;0.0;0.0;0.0
2;0;0;0;0.4;0.08695652173913043;0.0;0.0;0.0;0.2898550724637682;0.2
7;30;0;0;0.0;0.30434782608695654;1.0;0.0;0.0;0.0;0.0
22;0;0;0;0.2;0.9565217391304348;0.0;0.0;0.0;0.1449275362318841;0.0
8;30;0;0;0.0;0.34782608695652173;1.0;0.0;0.0;0.0;0.0
13;30;0;0;0.0;0.5652173913043478;1.0;0.0;0.0;0.0;0.2
17;30;0;0;0.2;0.7391304347826086;1.0;0.0;0.0;0.1449275362318841;0.0
23;30;0;0;0.2;1.0;1.0;0.0;0.0;0.1449275362318841;0.2
7;0;0;0;0.2;0.30434782608695654;0.0;0.0;0.0;0.1449275362318841;0.2
11;30;0;0;0.0;0.4782608695652174;1.0;0.0;0.0;0.0;0.0
2;30;0;0;0.0;0.08695652173913043;1.0;0.0;0.0;0.0;0.0
23;30;0;0;0.0;1.0;1.0;0.0;0.0;0.0;0.2
10;30;4;0;0.0;0.43478260869565216;1.0;0.10256410256410256;0.0;0.0;0.0
21;0;0;0;0.2;0.9130434782608695;0.0;0.0;0.0;0.1449275362318841;0.2
8;0;0;0;0.2;0.34782608695652173;0.0;0.0;0.0;0.1449275362318841;0.2
21;0;0;0;0.0;0.9130434782608695;0.0;0.0;0.0;0.0;0.0
18;30;0;0;0.0;0.782608695652174;1.0;0.0;0.0;0.0;0.0
2;0;0;0;0.0;0.08695652173913043;0.0;0.0;0.0;0.0;0.0
23;30;0;0;0.2;1.0;1.0;0.0;0.0;0.1449275362318841;0.0
12;0;0;0;0.4;0.5217391304347826;0.0;0.0;0.0;0.2898550724637682;0.2
5;0;0;0;0.0;0.21739130434782608;0.0;0.0;0.0;0.0;0.0
22;30;1;0;0.2;0.9565217391304348;1.0;0.02564102564102564;0.0;0.1449275362318841;0.2
23;0;0;0;0.0;1.0;0.0;0.0;0.0;0.0;0.0
11;0;1;0;0.2;0.4782608695652174;0.0;0.02564102564102564;0.0;0.1449275362318841;0.0
3;0;0;0;0.2;0.13043478260869565;0.0;0.0;0.0;0.1449275362318841;0.0
21;30;1;0;0.0;0.9130434782608695;1.0;0.02564102564102564;0.0;0.0;0.0
21;0;0;0;0.0;0.9130434782608695;0.0;0.0;0.0;0.0;0.0
21;0;0;0;0.0;0.9130434782608695;0.0;0.0;0.0;0.0;0.2
17;0;1;0;0.0;0.7391304347826086;0.0;0.02564102564102564;0.0;0.0;0.0
3;30;0;0;0.0;0.13043478260869565;1.0;0.0;0.0;0.0;0.0
8;30;0;0;0.0;0.34782608695652173;1.0;0.0;0.0;0.0;0.0
11;30;0;0;0.0;0.4782608695652174;1.0;0.0;0.0;0.0;0.0
20;0;4;0;0.0;0.8695652173913043;0.0;0.10256410256410256;0.0;0.0;0.0
15;0;1;0;0.0;0.6521739130434783;0.0;0.02564102564102564;0.0;0.0;0.0
23;0;2;0;0.0;1.0;0.0;0.05128205128205128;0.0;0.0;0.0
11;0;0;0;0.2;0.4782608695652174;0.0;0.0;0.0;0.1449275362318841;0.0
1;30;1;0;0.2;0.043478260869565216;1.0;0.02564102564102564;0.0;0.1449275362318841;0.2
22;0;0;0;0.4;0.9565217391304348;0.0;0.0;0.0;0.2898550724637682;0.6
9;0;0;0;0.0;0.391304347826087;0.0;0.0;0.0;0.0;0.0
12;30;1;0;0.4;0.5217391304347826;1.0;0.02564102564102564;0.0;0.2898550724637682;0.2
17;0;0;0;0.0;0.7391304347826086;0.0;0.0;0.0;0.0;0.0
16;0;4;0;0.0;0.6956521739130435;0.0;0.10256410256410256;0.0;0.0;0.0
18;30;0;0;0.0;0.782608695652174;1.0;0.0;0.0;0.0;0.0
4;0;0;0;0.0;0.17391304347826086;0.0;0.0;0.0;0.0;0.0
23;0;0;0;0.4;1.0;0.0;0.0;0.0;0.2898550724637682;0.6
1;0;0;0;0.0;0.043478260869565216;0.0;0.0;0.0;0.0;0.2
11;30;0;0;0.2;0.4782608695652174;1.0;0.0;0.0;0.1449275362318841;0.0
0;0;0;0;0.2;0.0;0.0;0.0;0.0;0.1449275362318841;0.2
10;30;0;0;0.0;0.43478260869565216;1.0;0.0;0.0;0.0;0.0
22;0;0;0;0.2;0.9565217391304348;0.0;0.0;0.0;0.1449275362318841;0.2
10;0;6;0;0.0;0.43478260869565216;0.0;0.15384615384615385;0.0;0.0;0.0
4;30;0;0;0.2;0.17391304347826086;1.0;0.0;0.0;0.1449275362318841;0.2
6;30;0;0;0.4;0.2608695652173913;1.0;0.0;0.0;0.2898550724637682;0.4
16;0;1;0;0.2;0.6956521739130435;0.0;0.02564102564102564;0.0;0.1449275362318841;0.2
18;0;0;0;0.0;0.782608695652174;0.0;0.0;0.0;0.0;0.2
17;30;0;0;0.4;0.7391304347826086;1.0;0.0;0.0;0.2898550724637682;0.4
23;0;0;0;0.0;1.0;0.0;0.0;0.0;0.0;0.2
16;0;0;0;0.0;0.6956521739130435;0.0;0.0;0.0;0.0;0.0
18;0;0;0;0.0;0.782608695652174;0.0;0.0;0.0;0.0;0.0
13;30;0;0;0.0;0.5652173913043478;1.0;0.0;0.0;0.0;0.0
7;30;0;0;0.0;0.30434782608695654;1.0;0.0;0.0;0.0;0.0
1;30;1;0;0.0;0.043478260869565216;1.0;0.02564102564102564;0.0;0.0;0.0
19;30;0;0;0.4;0.8260869565217391;1.0;0.0;0.0;0.2898550724637682;0.6
19;0;0;0;0.0;0.8260869565217391;0.0;0.0;0.0;0.0;0.2
21;30;1;0;0.0;0.9130434782608695;1.0;0.02564102564102564;0.0;0.0;0.0
5;30;9;0;0.2;0.21739130434782608;1.0;0.23076923076923078;0.0;0.1449275362318841;0.4
11;0;0;0;0.0;0.4782608695652174;0.0;0.0;0.0;0.0;0.0
8;0;0;0;0.0;0.34782608695652173;0.0;0.0;0.0;0.0;0.0
11;0;0;0;0.4;0.4782608695652174;0.0;0.0;0.0;0.2898550724637682;0.2
17;30;5;0;0.0;0.7391304347826086;1.0;0.1282051282051282;0.0;0.0;0.0
13;30;0;0;0.0;0.5652173913043478;1.0;0.0;0.0;0.0;0.0
12;0;1;0;0.2;0.5217391304347826;0.0;0.02564102564102564;0.0;0.1449275362318841;0.2
12;30;0;0;0.0;0.5217391304347826;1.0;0.0;0.0;0.0;0.0
20;0;0;0;0.0;0.8695652173913043;0.0;0.0;0.0;0.0;0.0
5;0;0;0;0.0;0.21739130434782608;0.0;0.0;0.0;0.0;0.0
16;30;0;0;0.0;0.6956521739130435;1.0;0.0;0.0;0.0;0.2
23;0;0;0;0.0;1.0;0.0;0.0;0.0;0.0;0.0
7;30;0;0;0.2;0.30434782608695654;1.0;0.0;0.0;0.1449275362318841;0.0
13;0;1;0;0.0;0.5652173913043478;0.0;0.02564102564102564;0.0;0.0;0.0
13;0;0;0;0.4;0.5652173913043478;0.0;0.0;0.0;0.2898550724637682;0.4
15;0;1;0;0.0;0.6521739130434783;0.0;0.02564102564102564;0.0;0.0;0.0
10;0;2;0;0.0;0.43478260869565216;0.0;0.05128205128205128;0.0;0.0;0.0
6;30;0;0;0.0;0.2608695652173913;1.0;0.0;0.0;0.0;0.0
23;30;5;0;0.0;1.0;1.0;0.1282051282051282;0.0;0.0;0.0
9;30;3;0;0.2;0.391304347826087;1.0;0.07692307692307693;0.0;0.1449275362318841;0.4
23;30;0;0;0.0;1.0;1.0;0.0;0.0;0.0;0.2
7;0;0;0;0.2;0.30434782608695654;0.0;0.0;0.0;0.1449275362318841;0.2
20;0;2;0;0.0;0.8695652173913043;0.0;0.05128205128205128;0.0;0.0;0.2
10;30;0;0;0.2;0.43478260869565216;1.0;0.0;0.0;0.1449275362318841;0.2
11;30;0;0;0.0;0.4782608695652174;1.0;0.0;0.0;0.0;0.0
21;30;0;0;0.2;0.9130434782608695;1.0;0.0;0.0;0.1449275362318841;0.0
18;0;0;0;0.0;0.782608695652174;0.0;0.0;0.0;0.0;0.2
14;30;0;0;0.79;0.6086956521739131;1.0;0.0;0.0;0.5724637681159421;0.79
4;0;0;0;0.0;0.17391304347826086;0.0;0.0;0.0;0.0;0.0
19;30;0;0;0.2;0.8260869565217391;1.0;0.0;0.0;0.1449275362318841;0.2
21;0;2;0;0.0;0.9130434782608695;0.0;0.05128205128205128;0.0;0.0;0.0
20;0;0;0;0.2;0.8695652173913043;0.0;0.0;0.0;0.1449275362318841;0.2
19;0;0;0;0.0;0.8260869565217391;0.0;0.0;0.0;0.0;0.0
0;0;0;0;0.0;0.0;0.0;0.0;0.0;0.0;0.0
9;30;0;0;0.4;0.391304347826087;1.0;0.0;0.0;0.2898550724637682;0.4
17;30;0;0;0.0;0.7391304347826086;1.0;0.0;0.0;0.0;0.0
2;30;0;0;0.0;0.08695652173913043;1.0;0.0;0.0;0.0;0.0
13;30;4;0;0.0;0.5652173913043478;1.0;0.10256410256410256;0.0;0.0;0.0
13;0;4;0;0.0;0.5652173913043478;0.0;0.10256410256410256;0.0;0.0;0.0
15;0;0;0;0.0;0.6521739130434783;0.0;0.0;0.0;0.0;0.0
22;0;0;0;0.0;0.9565217391304348;0.0;0.0;0.0;0.0;0.2
20;0;0;0;0.0;0.8695652173913043;0.0;0.0;0.0;0.0;0.0
11;30;0;0;0.0;0.4782608695652174;1.0;0.0;0.0;0.0;0.2
4;0;0;0;0.2;0.17391304347826086;0.0;0.0;0.0;0.1449275362318841;0.2
14;30;0;0;0.0;0.6086956521739131;1.0;0.0;0.0;0.0;0.2
15;0;0;0;0.0;0.6521739130434783;0.0;0.0;0.0;0.0;0.0
8;30;0;0;0.0;0.34782608695652173;1.0;0.0;0.0;0.0;0.0
17;30;1;0;0.0;0.7391304347826086;1.0;0.02564102564102564;0.0;0.0;0.0
6;0;0;0;0.0;0.2608695652173913;0.0;0.0;0.0;0.0;0.0
6;30;0;0;0.0;0.2608695652173913;1.0;0.0;0.0;0.0;0.0
23;30;3;0;0.4;1.0;1.0;0.07692307692307693;0.0;0.2898550724637682;0.4
20;30;0;0;0.0;0.8695652173913043;1.0;0.0;0.0;0.0;0.2
12;0;0;0;0.2;0.5217391304347826;0.0;0.0;0.0;0.1449275362318841;0.2
11;0;0;0;0.0;0.4782608695652174;0.0;0.0;0.0;0.0;0.0
1;0;0;0;0.2;0.043478260869565216;0.0;0.0;0.0;0.1449275362318841;0.2
17;0;0;0;0.0;0.7391304347826086;0.0;0.0;0.0;0.0;0.4
6;0;0;0;0.0;0.2608695652173913;0.0;0.0;0.0;0.0;0.2
3;0;0;0;0.2;0.13043478260869565;0.0;0.0;0.0;0.1449275362318841;0.4
14;30;1;0;0.0;0.6086956521739131;1.0;0.02564102564102564;0.0;0.0;0.0
6;30;0;0;0.2;0.2608695652173913;1.0;0.0;0.0;0.1449275362318841;0.0
18;30;0;0;0.2;0.782608695652174;1.0;0.0;0.0;0.1449275362318841;0.0
8;30;0;0;0.0;0.34782608695652173;1.0;0.0;0.0;0.0;0.0
17;30;2;0;0.2;0.7391304347826086;1.0;0.05128205128205128;0.0;0.1449275362318841;0.0
20;30;2;0;0.0;0.8695652173913043;1.0;0.05128205128205128;0.0;0.0;0.0
21;0;1;0;0.0;0.9130434782608695;0.0;0.02564102564102564;0.0;0.0;0.0
12;30;0;0;0.0;0.5217391304347826;1.0;0.0;0.0;0.0;0.0
5;0;0;0;0.0;0.21739130434782608;0.0;0.0;0.0;0.0;0.0
23;30;4;0;0.0;1.0;1.0;0.10256410256410256;0.0;0.0;0.2
19;0;0;0;0.0;0.8260869565217391;0.0;0.0;0.0;0.0;0.0
8;30;0;0;0.0;0.34782608695652173;1.0;0.0;0.0;0.0;0.0
14;30;0;0;0.2;0.6086956521739131;1.0;0.0;0.0;0.1449275362318841;0.2
17;0;0;0;0.0;0.7391304347826086;0.0;0.0;0.0;0.0;0.2
4;0;1;0;0.0;0.17391304347826086;0.0;0.02564102564102564;0.0;0.0;0.0
18;30;0;0;0.4;0.782608695652174;1.0;0.0;0.0;0.2898550724637682;0.2
14;0;0;0;0.0;0.6086956521739131;0.0;0.0;0.0;0.0;0.0
9;0;0;0;0.0;0.391304347826087;0.0;0.0;0.0;0.0;0.0
7;30;0;0;1.17;0.30434782608695654;1.0;0.0;0.0;0.8478260869565217;1.17
5;30;0;0;0.0;0.21739130434782608;1.0;0.0;0.0;0.0;0.0
16;30;0;0;0.0;0.6956521739130435;1.0;0.0;0.0;0.0;0.0
19;30;0;0;0.2;0.8260869565217391;1.0;0.0;0.0;0.1449275362318841;0.2
20;0;1;0;0.0;0.8695652173913043;0.0;0.02564102564102564;0.0;0.0;0.0
15;30;1;0;0.2;0.6521739130434783;1.0;0.02564102564102564;0.0;0.1449275362318841;0.0
16;0;0;0;0.0;0.6956521739130435;0.0;0.0;0.0;0.0;0.0
15;30;0;0;0.0;0.6521739130434783;1.0;0.0;0.0;0.0;0.0
11;30;0;0;0.0;0.4782608695652174;1.0;0.0;0.0;0.0;0.0
6;30;0;0;0.2;0.2608695652173913;1.0;0.0;0.0;0.1449275362318841;0.2
15;30;0;0;0.0;0.6521739130434783;1.0;0.0;0.0;0.0;0.0
10;0;3;0;1.17;0.43478260869565216;0.0;0.07692307692307693;0.0;0.8478260869565217;0.98
12;0;0;0;0.0;0.5217391304347826;0.0;0.0;0.0;0.0;0.0
3;0;0;0;0.2;0.13043478260869565;0.0;0.0;0.0;0.1449275362318841;0.2
3;0;0;0;0.2;0.13043478260869565;0.0;0.0;0.0;0.1449275362318841;0.0
20;30;1;0;0.0;0.8695652173913043;1.0;0.02564102564102564;0.0;0.0;0.0
6;0;0;0;0.0;0.2608695652173913;0.0;0.0;0.0;0.0;0.0
2;30;0;0;0.0;0.08695652173913043;1.0;0.0;0.0;0.0;0.0
1;30;2;0;0.0;0.043478260869565216;1.0;0.05128205128205128;0.0;0.0;0.0
11;0;0;0;0.0;0.4782608695652174;0.0;0.0;0.0;0.0;0.0
16;30;1;0;0.2;0.6956521739130435;1.0;0.02564102564102564;0.0;0.1449275362318841;0.0
1;0;0;0;0.0;0.043478260869565216;0.0;0.0;0.0;0.0;0.0
12;0;0;0;0.0;0.5217391304347826;0.0;0.0;0.0;0.0;0.0
16;30;0;0;0.0;0.6956521739130435;1.0;0.0;0.0;0.0;0.0
16;0;12;0;0.6;0.6956521739130435;0.0;0.3076923076923077;0.0;0.4347826086956522;0.6
1;30;0;0;0.0;0.043478260869565216;1.0;0.0;0.0;0.0;0.0
14;0;0;0;0.0;0.6086956521739131;0.0;0.0;0.0;0.0;0.0
20;30;6;0;0.0;0.8695652173913043;1.0;0.15384615384615385;0.0;0.0;0.0
1;0;0;0;0.0;0.043478260869565216;0.0;0.0;0.0;0.0;0.0
13;0;0;0;0.2;0.5652173913043478;0.0;0.0;0.0;0.1449275362318841;0.2
8;0;0;0;0.0;0.34782608695652173;0.0;0.0;0.0;0.0;0.0
5;0;0;0;0.0;0.21739130434782608;0.0;0.0;0.0;0.0;0.0
10;30;0;0;0.2;0.43478260869565216;1.0;0.0;0.0;0.1449275362318841;0.2
16;0;0;0;0.0;0.6956521739130435;0.0;0.0;0.0;0.0;0.0
21;30;0;0;0.0;0.9130434782608695;1.0;0.0;0.0;0.0;0.0
18;30;0;0;0.0;0.782608695652174;1.0;0.0;0.0;0.0;0.0
1;30;0;0;0.2;0.043478260869565216;1.0;0.0;0.0;0.1449275362318841;0.2
12;0;0;0;0.0;0.5217391304347826;0.0;0.0;0.0;0.0;0.0
11;0;0;0;0.0;0.4782608695652174;0.0;0.0;0.0;0.0;0.0
4;0;0;0;0.2;0.17391304347826086;0.0;0.0;0.0;0.1449275362318841;0.2
4;0;0;0;0.0;0.17391304347826086;0.0;0.0;0.0;0.0;0.0
15;0;1;0;0.0;0.6521739130434783;0.0;0.02564102564102564;0.0;0.0;0.0
16;0;0;0;0.0;0.6956521739130435;0.0;0.0;0.0;0.0;0.0
12;30;0;0;0.0;0.5217391304347826;1.0;0.0;0.0;0.0;0.0
15;0;0;0;0.79;0.6521739130434783;0.0;0.0;0.0;0.5724637681159421;0.79
23;0;1;0;0.4;1.0;0.0;0.02564102564102564;0.0;0.2898550724637682;0.4
8;30;0;0;0.0;0.34782608695652173;1.0;0.0;0.0;0.0;0.0
20;30;1;0;0.0;0.8695652173913043;1.0;0.02564102564102564;0.0;0.0;0.0
4;0;0;0;0.0;0.17391304347826086;0.0;0.0;0.0;0.0;0.0
12;0;0;0;0.0;0.5217391304347826;0.0;0.0;0.0;0.0;0.0
0;0;0;0;0.2;0.0;0.0;0.0;0.0;0.1449275362318841;0.2
2;0;0;0;0.0;0.08695652173913043;0.0;0.0;0.0;0.0;0.0
9;0;1;0;0.2;0.391304347826087;0.0;0.02564102564102564;0.0;0.1449275362318841;0.0
13;0;0;0;0.0;0.5652173913043478;0.0;0.0;0.0;0.0;0.2
4;30;0;0;0.0;0.17391304347826086;1.0;0.0;0.0;0.0;0.0
7;0;0;0;0.0;0.30434782608695654;0.0;0.0;0.0;0.0;0.0
3;0;0;0;0.0;0.13043478260869565;0.0;0.0;0.0;0.0;0.0
21;30;0;0;0.0;0.9130434782608695;1.0;0.0;0.0;0.0;0.0
19;30;2;0;0.0;0.8260869565217391;1.0;0.05128205128205128;0.0;0.0;0.0
10;0;3;0;0.0;0.43478260869565216;0.0;0.07692307692307693;0.0;0.0;0.0
22;30;4;0;0.0;0.9565217391304348;1.0;0.10256410256410256;0.0;0.0;0.0
10;30;0;0;0.0;0.43478260869565216;1.0;0.0;0.0;0.0;0.2
6;30;0;0;0.0;0.2608695652173913;1.0;0.0;0.0;0.0;0.0
20;0;0;0;0.0;0.8695652173913043;0.0;0.0;0.0;0.0;0.0
19;0;0;0;0.2;0.8260869565217391;0.0;0.0;0.0;0.1449275362318841;0.4
20;30;0;0;0.0;0.8695652173913043;1.0;0.0;0.0;0.0;0.0
5;30;0;0;0.2;0.21739130434782608;1.0;0.0;0.0;0.1449275362318841;0.0
2;30;0;0;0.0;0.08695652173913043;1.0;0.0;0.0;0.0;0.0
14;0;0;0;0.0;0.6086956521739131;0.0;0.0;0.0;0.0;0.0
8;0;0;0;0.2;0.34782608695652173;0.0;0.0;0.0;0.1449275362318841;0.2
1;30;0;0;0.0;0.043478260869565216;1.0;0.0;0.0;0.0;0.0
9;0;0;0;0.0;0.391304347826087;0.0;0.0;0.0;0.0;0.2
3;0;0;0;0.0;0.13043478260869565;0.0;0.0;0.0;0.0;0.0
8;0;0;0;0.0;0.34782608695652173;0.0;0.0;0.0;0.0;0.0
20;0;3;0;0.0;0.8695652173913043;0.0;0.07692307692307693;0.0;0.0;0.0
15;30;0;0;0.4;0.6521739130434783;1.0;0.0;0.0;0.2898550724637682;0.4
9;30;0;0;0.0;0.391304347826087;1.0;0.0;0.0;0.0;0.0
3;0;0;0;0.0;0.13043478260869565;0.0;0.0;0.0;0.0;0.0
18;30;7;0;0.0;0.782608695652174;1.0;0.1794871794871795;0.0;0.0;0.0
13;30;0;0;0.2;0.5652173913043478;1.0;0.0;0.0;0.1449275362318841;0.0
0;30;9;0;0.0;0.0;1.0;0.23076923076923078;0.0;0.0;0.0
10;0;0;0;0.0;0.43478260869565216;0.0;0.0;0.0;0.0;0.0
0;30;0;0;0.0;0.0;1.0;0.0;0.0;0.0;0.0
4;30;0;0;0.0;0.17391304347826086;1.0;0.0;0.0;0.0;0.0
3;30;0;0;0.4;0.13043478260869565;1.0;0.0;0.0;0.2898550724637682;0.2
9;30;0;0;0.0;0.391304347826087;1.0;0.0;0.0;0.0;0.0
16;0;0;0;0.4;0.6956521739130435;0.0;0.0;0.0;0.2898550724637682;0.2
4;30;0;0;0.2;0.17391304347826086;1.0;0.0;0.0;0.1449275362318841;0.2
14;0;1;0;0.2;0.6086956521739131;0.0;0.02564102564102564;0.0;0.1449275362318841;0.4
1;0;7;0;0.0;0.043478260869565216;0.0;0.1794871794871795;0.0;0.0;0.0
21;0;0;0;0.0;0.9130434782608695;0.0;0.0;0.0;0.0;0.0
11;0;0;0;0.2;0.4782608695652174;0.0;0.0;0.0;0.1449275362318841;0.2
20;0;1;0;0.0;0.8695652173913043;0.0;0.02564102564102564;0.0;0.0;0.0
8;0;0;0;0.0;0.34782608695652173;0.0;0.0;0.0;0.0;0.0
10;0;0;0;0.2;0.43478260869565216;0.0;0.0;0.0;0.1449275362318841;0.2
4;30;0;0;0.0;0.17391304347826086;1.0;0.0;0.0;0.0;0.0
5;30;0;0;0.0;0.21739130434782608;1.0;0.0;0.0;0.0;0.0
20;30;0;0;0.2;0.8695652173913043;1.0;0.0;0.0;0.1449275362318841;0.0
7;30;6;0;0.0;0.30434782608695654;1.0;0.15384615384615385;0.0;0.0;0.0
11;30;0;0;0.0;0.4782608695652174;1.0;0.0;0.0;0.0;0.0
15;0;0;0;0.2;0.6521739130434783;0.0;0.0;0.0;0.1449275362318841;0.2
21;30;0;0;0.4;0.9130434782608695;1.0;0.0;0.0;0.2898550724637682;0.4
1;0;0;0;0.0;0.043478260869565216;0.0;0.0;0.0;0.0;0.0
18;0;0;0;0.2;0.782608695652174;0.0;0.0;0.0;0.1449275362318841;0.2
23;30;1;0;0.0;1.0;1.0;0.02564102564102564;0.0;0.0;0.0
12;0;0;0;0.0;0.5217391304347826;0.0;0.0;0.0;0.0;0.0
11;0;0;0;0.0;0.4782608695652174;0.0;0.0;0.0;0.0;0.0
18;0;0;0;0.0;0.782608695652174;0.0;0.0;0.0;0.0;0.0
0;30;0;0;0.0;0.0;1.0;0.0;0.0;0.0;0.0
20;30;0;0;0.0;0.8695652173913043;1.0;0.0;0.0;0.0;0.2
21;30;0;0;0.0;0.9130434782608695;1.0;0.0;0.0;0.0;0.0
15;30;0;0;0.0;0.6521739130434783;1.0;0.0;0.0;0.0;0.2
3;0;0;0;0.0;0.13043478260869565;0.0;0.0;0.0;0.0;0.0
10;30;1;0;0.2;0.43478260869565216;1.0;0.02564102564102564;0.0;0.1449275362318841;0.4
22;0;1;0;0.0;0.9565217391304348;0.0;0.02564102564102564;0.0;0.0;0.0
5;30;0;0;0.0;0.21739130434782608;1.0;0.0;0.0;0.0;0.0
12;30;0;0;0.0;0.5217391304347826;1.0;0.0;0.0;0.0;0.0
13;0;0;0;0.2;0.5652173913043478;0.0;0.0;0.0;0.1449275362318841;0.2
1;30;0;0;0.0;0.043478260869565216;1.0;0.0;0.0;0.0;0.0
0;0;1;0;0.2;0.0;0.0;0.02564102564102564;0.0;0.1449275362318841;0.0
17;0;4;0;0.0;0.7391304347826086;0.0;0.10256410256410256;0.0;0.0;0.0
4;0;0;0;0.2;0.17391304347826086;0.0;0.0;0.0;0.1449275362318841;0.2
14;0;0;0;0.2;0.6086956521739131;0.0;0.0;0.0;0.1449275362318841;0.0
7;0;0;0;0.0;0.30434782608695654;0.0;0.0;0.0;0.0;0.2
2;0;0;0;0.2;0.08695652173913043;0.0;0.0;0.0;0.1449275362318841;0.2
2;0;0;0;0.6;0.08695652173913043;0.0;0.0;0.0;0.4347826086956522;0.79
1;30;0;0;0.0;0.043478260869565216;1.0;0.0;0.0;0.0;0.0
11;30;0;0;0.0;0.4782608695652174;1.0;0.0;0.0;0.0;0.0
19;0;1;0;0.0;0.8260869565217391;0.0;0.02564102564102564;0.0;0.0;0.0
14;0;4;0;0.0;0.6086956521739131;0.0;0.10256410256410256;0.0;0.0;0.0
3;0;0;0;0.0;0.13043478260869565;0.0;0.0;0.0;0.0;0.0
13;0;0;0;0.0;0.5652173913043478;0.0;0.0;0.0;0.0;0.0
0;0;1;0;0.0;0.0;0.0;0.02564102564102564;0.0;0.0;0.0
0;0;0;0;0.2;0.0;0.0;0.0;0.0;0.1449275362318841;0.0
23;30;1;0;0.0;1.0;1.0;0.02564102564102564;0.0;0.0;0.0
2;30;0;0;0.0;0.08695652173913043;1.0;0.0;0.0;0.0;0.0
18;0;0;0;0.0;0.782608695652174;0.0;0.0;0.0;0.0;0.0
10;30;1;0;0.0;0.43478260869565216;1.0;0.02564102564102564;0.0;0.0;0.0
9;0;0;0;0.0;0.391304347826087;0.0;0.0;0.0;0.0;0.0
18;30;1;0;0.2;0.782608695652174;1.0;0.02564102564102564;0.0;0.1449275362318841;0.2
13;30;0;0;0.0;0.5652173913043478;1.0;0.0;0.0;0.0;0.0
0;30;0;0;0.0;0.0;1.0;0.0;0.0;0.0;0.0
7;30;0;0;0.6;0.30434782608695654;1.0;0.0;0.0;0.4347826086956522;0.4
9;30;0;0;0.2;0.391304347826087;1.0;0.0;0.0;0.1449275362318841;0.2
21;30;2;0;0.0;0.9130434782608695;1.0;0.05128205128205128;0.0;0.0;0.0
11;0;4;0;0.0;0.4782608695652174;0.0;0.10256410256410256;0.0;0.0;0.0
7;30;0;0;0.0;0.30434782608695654;1.0;0.0;0.0;0.0;0.0
11;0;1;0;0.0;0.4782608695652174;0.0;0.02564102564102564;0.0;0.0;0.0
21;30;0;0;0.0;0.9130434782608695;1.0;0.0;0.0;0.0;0.0
10;0;0;0;0.0;0.43478260869565216;0.0;0.0;0.0;0.0;0.0
15;0;0;0;0.2;0.6521739130434783;0.0;0.0;0.0;0.1449275362318841;0.2
2;30;3;0;0.0;0.08695652173913043;1.0;0.07692307692307693;0.0;0.0;0.0
18;30;0;0;0.2;0.782608695652174;1.0;0.0;0.0;0.1449275362318841;0.2
21;30;4;0;0.2;0.9130434782608695;1.0;0.10256410256410256;0.0;0.1449275362318841;0.2
13;30;1;0;0.2;0.5652173913043478;1.0;0.02564102564102564;0.0;0.1449275362318841;0.2
12;0;0;0;0.0;0.5217391304347826;0.0;0.0;0.0;0.0;0.0
7;0;0;0;0.2;0.30434782608695654;0.0;0.0;0.0;0.1449275362318841;0.0
8;0;3;0;0.0;0.34782608695652173;0.0;0.07692307692307693;0.0;0.0;0.0
8;0;0;0;0.2;0.34782608695652173;0.0;0.0;0.0;0.1449275362318841;0.2
10;30;0;0;0.0;0.43478260869565216;1.0;0.0;0.0;0.0;0.0
4;30;0;0;0.2;0.17391304347826086;1.0;0.0;0.0;0.1449275362318841;0.2
6;30;0;0;0.0;0.2608695652173913;1.0;0.0;0.0;0.0;0.0
19;30;0;0;0.4;0.8260869565217391;1.0;0.0;0.0;0.2898550724637682;0.6
10;0;0;0;0.2;0.43478260869565216;0.0;0.0;0.0;0.1449275362318841;0.0
3;30;0;0;0.0;0.13043478260869565;1.0;0.0;0.0;0.0;0.0
22;0;1;0;0.2;0.9565217391304348;0.0;0.02564102564102564;0.0;0.1449275362318841;0.0
2;0;0;0;0.0;0.08695652173913043;0.0;0.0;0.0;0.0;0.0
7;0;0;0;0.4;0.30434782608695654;0.0;0.0;0.0;0.2898550724637682;0.2
19;0;0;0;0.2;0.8260869565217391;0.0;0.0;0.0;0.1449275362318841;0.2
8;30;0;0;0.2;0.34782608695652173;1.0;0.0;0.0;0.1449275362318841;0.0
9;0;0;0;0.0;0.391304347826087;0.0;0.0;0.0;0.0;0.2
9;30;0;0;0.2;0.391304347826087;1.0;0.0;0.0;0.1449275362318841;0.2
7;30;0;0;0.0;0.30434782608695654;1.0;0.0;0.0;0.0;0.0
12;30;2;0;0.2;0.5217391304347826;1.0;0.05128205128205128;0.0;0.1449275362318841;0.4
15;30;2;0;0.0;0.6521739130434783;1.0;0.05128205128205128;0.0;0.0;0.0
12;30;4;0;0.2;0.5217391304347826;1.0;0.10256410256410256;0.0;0.1449275362318841;0.0
14;30;6;0;0.0;0.6086956521739131;1.0;0.15384615384615385;0.0;0.0;0.0
5;30;0;0;0.0;0.21739130434782608;1.0;0.0;0.0;0.0;0.0
0;30;0;0;0.0;0.0;1.0;0.0;0.0;0.0;0.0
22;30;0;0;0.0;0.9565217391304348;1.0;0.0;0.0;0.0;0.0
3;30;0;0;0.0;0.13043478260869565;1.0;0.0;0.0;0.0;0.0
1;30;0;0;0.2;0.043478260869565216;1.0;0.0;0.0;0.1449275362318841;0.2
11;0;0;0;0.4;0.4782608695652174;0.0;0.0;0.0;0.2898550724637682;0.4
1;30;0;0;0.2;0.043478260869565216;1.0;0.0;0.0;0.1449275362318841;0.4
19;30;0;0;0.0;0.8260869565217391;1.0;0.0;0.0;0.0;0.2
12;0;0;0;0.0;0.5217391304347826;0.0;0.0;0.0;0.0;0.0
1;0;0;0;0.0;0.043478260869565216;0.0;0.0;0.0;0.0;0.0
20;0;0;0;0.0;0.8695652173913043;0.0;0.0;0.0;0.0;0.0
16;0;0;0;0.0;0.6956521739130435;0.0;0.0;0.0;0.0;0.0
12;0;0;0;0.0;0.5217391304347826;0.0;0.0;0.0;0.0;0.0
16;0;1;0;0.0;0.6956521739130435;0.0;0.02564102564102564;0.0;0.0;0.0
22;30;0;0;0.0;0.9565217391304348;1.0;0.0;0.0;0.0;0.0
20;30;0;0;0.2;0.8695652173913043;1.0;0.0;0.0;0.1449275362318841;0.2
1;30;0;0;0.0;0.043478260869565216;1.0;0.0;0.0;0.0;0.0
13;0;5;0;0.0;0.5652173913043478;0.0;0.1282051282051282;0.0;0.0;0.0
16;30;0;0;0.0;0.6956521739130435;1.0;0.0;0.0;0.0;0.0
5;30;0;0;0.2;0.21739130434782608;1.0;0.0;0.0;0.1449275362318841;0.2
20;0;0;0;0.2;0.8695652173913043;0.0;0.0;0.0;0.1449275362318841;0.0
18;30;0;0;0.6;0.782608695652174;1.0;0.0;0.0;0.4347826086956522;0.6
16;30;0;0;0.0;0.6956521739130435;1.0;0.0;0.0;0.0;0.0
19;30;1;0;0.0;0.8260869565217391;1.0;0.02564102564102564;0.0;0.0;0.0
20;30;6;0;0.0;0.8695652173913043;1.0;0.15384615384615385;0.0;0.0;0.0
1;30;3;0;0.0;0.043478260869565216;1.0;0.07692307692307693;0.0;0.0;0.2
15;0;0;0;0.0;0.6521739130434783;0.0;0.0;0.0;0.0;0.0
16;30;0;0;0.0;0.6956521739130435;1.0;0.0;0.0;0.0;0.0
14;30;0;0;0.0;0.6086956521739131;1.0;0.0;0.0;0.0;0.0
6;30;0;0;1.17;0.2608695652173913;1.0;0.0;0.0;0.8478260869565217;0.98
3;0;0;0;0.79;0.13043478260869565;0.0;0.0;0.0;0.5724637681159421;0.79
6;30;0;0;0.2;0.2608695652173913;1.0;0.0;0.0;0.1449275362318841;0.2
3;0;0;0;0.0;0.13043478260869565;0.0;0.0;0.0;0.0;0.0
8;0;0;0;0.2;0.34782608695652173;0.0;0.0;0.0;0.1449275362318841;0.4
1;0;0;0;0.0;0.043478260869565216;0.0;0.0;0.0;0.0;0.2
23;30;0;0;0.2;1.0;1.0;0.0;0.0;0.1449275362318841;0.2
3;30;0;0;0.0;0.13043478260869565;1.0;0.0;0.0;0.0;0.0
21;0;0;0;0.2;0.9130434782608695;0.0;0.0;0.0;0.1449275362318841;0.0
7;0;0;0;0.0;0.30434782608695654;0.0;0.0;0.0;0.0;0.0
15;30;0;0;0.0;0.6521739130434783;1.0;0.0;0.0;0.0;0.0
4;0;0;0;0.2;0.17391304347826086;0.0;0.0;0.0;0.1449275362318841;0.2
4;0;0;0;0.2;0.17391304347826086;0.0;0.0;0.0;0.1449275362318841;0.2
0;0;0;0;0.0;0.0;0.0;0.0;0.0;0.0;0.0
1;30;0;0;0.2;0.043478260869565216;1.0;0.0;0.0;0.1449275362318841;0.4
11;0;1;0;0.0;0.4782608695652174;0.0;0.02564102564102564;0.0;0.0;0.2
5;0;0;0;0.2;0.21739130434782608;0.0;0.0;0.0;0.1449275362318841;0.0
12;0;0;0;0.0;0.5217391304347826;0.0;0.0;0.0;0.0;0.2
9;30;0;0;0.0;0.391304347826087;1.0;0.0;0.0;0.0;0.0
11;0;0;0;0.0;0.4782608695652174;0.0;0.0;0.0;0.0;0.0
5;0;0;0;0.0;0.21739130434782608;0.0;0.0;0.0;0.0;0.0
19;0;1;0;0.0;0.8260869565217391;0.0;0.02564102564102564;0.0;0.0;0.0
9;30;0;0;0.2;0.391304347826087;1.0;0.0;0.0;0.1449275362318841;0.2
13;30;1;0;0.0;0.5652173913043478;1.0;0.02564102564102564;0.0;0.0;0.0
14;30;0;0;0.0;0.6086956521739131;1.0;0.0;0.0;0.0;0.0
3;30;0;0;0.0;0.13043478260869565;1.0;0.0;0.0;0.0;0.0
6;30;0;0;0.0;0.2608695652173913;1.0;0.0;0.0;0.0;0.0
21;0;0;0;0.4;0.9130434782608695;0.0;0.0;0.0;0.2898550724637682;0.4
17;0;0;0;0.0;0.7391304347826086;0.0;0.0;0.0;0.0;0.0
1;0;5;0;0.0;0.043478260869565216;0.0;0.1282051282051282;0.0;0.0;0.0
19;30;1;0;0.0;0.8260869565217391;1.0;0.02564102564102564;0.0;0.0;0.0
4;30;0;0;0.0;0.17391304347826086;1.0;0.0;0.0;0.0;0.0
21;0;3;0;0.0;0.9130434782608695;0.0;0.07692307692307693;0.0;0.0;0.0
4;30;0;0;0.2;0.17391304347826086;1.0;0.0;0.0;0.1449275362318841;0.2
7;30;0;0;0.0;0.30434782608695654;1.0;0.0;0.0;0.0;0.0
13;0;0;0;0.0;0.5652173913043478;0.0;0.0;0.0;0.0;0.0
19;30;0;0;0.4;0.8260869565217391;1.0;0.0;0.0;0.2898550724637682;0.2
18;0;0;0;0.0;0.782608695652174;0.0;0.0;0.0;0.0;0.2
3;30;0;0;0.0;0.13043478260869565;1.0;0.0;0.0;0.0;0.0
4;30;0;0;0.0;0.17391304347826086;1.0;0.0;0.0;0.0;0.0
18;30;3;0;0.0;0.782608695652174;1.0;0.07692307692307693;0.0;0.0;0.0
10;30;0;0;0.0;0.43478260869565216;1.0;0.0;0.0;0.0;0.0
0;30;0;0;0.2;0.0;1.0;0.0;0.0;0.1449275362318841;0.2
23;0;1;0;0.2;1.0;0.0;0.02564102564102564;0.0;0.1449275362318841;0.2
14;30;0;0;0.0;0.6086956521739131;1.0;0.0;0.0;0.0;0.2
23;30;0;0;0.6;1.0;1.0;0.0;0.0;0.4347826086956522;0.4
9;0;0;0;0.0;0.391304347826087;0.0;0.0;0.0;0.0;0.0
10;0;1;0;0.0;0.43478260869565216;0.0;0.02564102564102564;0.0;0.0;0.0
2;0;0;0;0.0;0.08695652173913043;0.0;0.0;0.0;0.0;0.2
15;30;0;0;0.0;0.6521739130434783;1.0;0.0;0.0;0.0;0.0
9;30;0;0;0.0;0.391304347826087;1.0;0.0;0.0;0.0;0.0
20;30;2;0;0.0;0.8695652173913043;1.0;0.05128205128205128;0.0;0.0;0.0
8;0;0;0;0.0;0.34782608695652173;0.0;0.0;0.0;0.0;0.0
18;30;0;0;0.0;0.782608695652174;1.0;0.0;0.0;0.0;0.0
6;0;0;0;0.0;0.2608695652173913;0.0;0.0;0.0;0.0;0.0
6;30;0;0;0.2;0.2608695652173913;1.0;0.0;0.0;0.1449275362318841;0.0
9;0;0;0;0.0;0.391304347826087;0.0;0.0;0.0;0.0;0.0
4;30;0;0;0.2;0.17391304347826086;1.0;0.0;0.0;0.1449275362318841;0.4
23;0;2;0;0.2;1.0;0.0;0.05128205128205128;0.0;0.1449275362318841;0.0
5;0;0;0;0.0;0.21739130434782608;0.0;0.0;0.0;0.0;0.0
19;30;0;0;0.0;0.8260869565217391;1.0;0.0;0.0;0.0;0.0
0;0;0;0;0.0;0.0;0.0;0.0;0.0;0.0;0.0
15;0;2;0;0.0;0.6521739130434783;0.0;0.05128205128205128;0.0;0.0;0.0
11;0;1;0;0.0;0.4782608695652174;0.0;0.02564102564102564;0.0;0.0;0.0
5;30;0;0;0.0;0.21739130434782608;1.0;0.0;0.0;0.0;0.0
2;30;1;0;0.0;0.08695652173913043;1.0;0.02564102564102564;0.0;0.0;0.2
8;0;0;0;0.0;0.34782608695652173;0.0;0.0;0.0;0.0;0.2
18;30;0;0;0.0;0.782608695652174;1.0;0.0;0.0;0.0;0.0
1;30;0;0;0.2;0.043478260869565216;1.0;0.0;0.0;0.1449275362318841;0.2
18;0;0;0;0.4;0.782608695652174;0.0;0.0;0.0;0.2898550724637682;0.4
13;0;0;0;0.0;0.5652173913043478;0.0;0.0;0.0;0.0;0.0
5;0;0;0;0.2;0.21739130434782608;0.0;0.0;0.0;0.1449275362318841;0.2
12;30;0;0;0.0;0.5217391304347826;1.0;0.0;0.0;0.0;0.2
1;30;0;0;0.0;0.043478260869565216;1.0;0.0;0.0;0.0;0.0
9;30;0;0;0.4;0.391304347826087;1.0;0.0;0.0;0.2898550724637682;0.2
8;0;0;0;0.0;0.34782608695652173;0.0;0.0;0.0;0.0;0.0
1;30;0;0;0.0;0.043478260869565216;1.0;0.0;0.0;0.0;0.0
19;30;4;0;0.0;0.8260869565217391;1.0;0.10256410256410256;0.0;0.0;0.0
18;0;0;0;0.0;0.782608695652174;0.0;0.0;0.0;0.0;0.0
0;0;0;0;0.2;0.0;0.0;0.0;0.0;0.1449275362318841;0.2
14;30;0;0;0.0;0.6086956521739131;1.0;0.0;0.0;0.0;0.0
20;0;0;0;0.0;0.8695652173913043;0.0;0.0;0.0;0.0;0.0
9;0;0;0;0.98;0.391304347826087;0.0;0.0;0.0;0.7101449275362319;1.17
3;30;0;0;0.0;0.13043478260869565;1.0;0.0;0.0;0.0;0.2
5;0;0;0;0.0;0.21739130434782608;0.0;0.0;0.0;0.0;0.2
21;30;2;0;0.0;0.9130434782608695;1.0;0.05128205128205128;0.0;0.0;0.0
10;0;1;0;0.2;0.43478260869565216;0.0;0.02564102564102564;0.0;0.1449275362318841;0.2
5;0;0;0;0.4;0.21739130434782608;0.0;0.0;0.0;0.2898550724637682;0.2
1;0;0;0;0.0;0.043478260869565216;0.0;0.0;0.0;0.0;0.0
14;30;0;0;0.0;0.6086956521739131;1.0;0.0;0.0;0.0;0.0
23;0;4;0;0.0;1.0;0.0;0.10256410256410256;0.0;0.0;0.0
20;30;1;0;0.0;0.8695652173913043;1.0;0.02564102564102564;0.0;0.0;0.0
13;30;0;0;0.2;0.5652173913043478;1.0;0.0;0.0;0.1449275362318841;0.0
9;0;0;0;0.0;0.391304347826087;0.0;0.0;0.0;0.0;0.0
21;0;0;0;0.2;0.9130434782608695;0.0;0.0;0.0;0.1449275362318841;0.0
18;30;0;0;0.0;0.782608695652174;1.0;0.0;0.0;0.0;0.0
17;30;0;0;0.0;0.7391304347826086;1.0;0.0;0.0;0.0;0.0
16;0;0;0;0.0;0.6956521739130435;0.0;0.0;0.0;0.0;0.0
0;0;4;0;0.0;0.0;0.0;0.10256410256410256;0.0;0.0;0.0
22;30;1;0;0.0;0.9565217391304348;1.0;0.02564102564102564;0.0;0.0;0.0
15;30;0;0;0.2;0.6521739130434783;1.0;0.0;0.0;0.1449275362318841;0.2
9;0;0;0;0.0;0.391304347826087;0.0;0.0;0.0;0.0;0.0
3;30;0;0;0.0;0.13043478260869565;1.0;0.0;0.0;0.0;0.0
6;0;0;0;0.0;0.2608695652173913;0.0;0.0;0.0;0.0;0.0
14;30;0;0;0.4;0.6086956521739131;1.0;0.0;0.0;0.2898550724637682;0.2
6;30;5;0;0.0;0.2608695652173913;1.0;0.1282051282051282;0.0;0.0;0.0
19;0;0;0;0.0;0.8260869565217391;0.0;0.0;0.0;0.0;0.0
23;0;0;0;0.0;1.0;0.0;0.0;0.0;0.0;0.0
4;30;1;0;0.0;0.17391304347826086;1.0;0.02564102564102564;0.0;0.0;0.0
7;30;1;0;0.0;0.30434782608695654;1.0;0.02564102564102564;0.0;0.0;0.0
11;30;0;0;0.0;0.4782608695652174;1.0;0.0;0.0;0.0;0.0
21;30;0;0;0.0;0.9130434782608695;1.0;0.0;0.0;0.0;0.2
9;30;0;0;0.0;0.391304347826087;1.0;0.0;0.0;0.0;0.0
4;30;0;0;0.0;0.17391304347826086;1.0;0.0;0.0;0.0;0.2
14;30;1;0;0.0;0.6086956521739131;1.0;0.02564102564102564;0.0;0.0;0.0
0;0;1;0;0.0;0.0;0.0;0.02564102564102564;0.0;0.0;0.0
9;0;0;0;0.0;0.391304347826087;0.0;0.0;0.0;0.0;0.0
12;0;0;0;0.0;0.5217391304347826;0.0;0.0;0.0;0.0;0.0
14;0;0;0;0.0;0.6086956521739131;0.0;0.0;0.0;0.0;0.0
4;0;0;0;0.0;0.17391304347826086;0.0;0.0;0.0;0.0;0.0
12;0;1;0;0.0;0.5217391304347826;0.0;0.02564102564102564;0.0;0.0;0.0
7;30;0;0;0.0;0.30434782608695654;1.0;0.0;0.0;0.0;0.2
7;0;0;0;0.98;0.30434782608695654;0.0;0.0;0.0;0.7101449275362319;1.17
22;0;5;0;0.0;0.9565217391304348;0.0;0.1282051282051282;0.0;0.0;0.0
19;30;0;0;0.0;0.8260869565217391;1.0;0.0;0.0;0.0;0.0
10;0;0;0;0.0;0.43478260869565216;0.0;0.0;0.0;0.0;0.0
17;0;1;0;0.0;0.7391304347826086;0.0;0.02564102564102564;0.0;0.0;0.0
10;0;0;0;0.2;0.43478260869565216;0.0;0.0;0.0;0.1449275362318841;0.4
19;0;1;0;0.0;0.8260869565217391;0.0;0.02564102564102564;0.0;0.0;0.0
3;30;0;0;0.0;0.13043478260869565;1.0;0.0;0.0;0.0;0.0
11;0;0;0;0.0;0.4782608695652174;0.0;0.0;0.0;0.0;0.0
22;0;0;0;0.2;0.9565217391304348;0.0;0.0;0.0;0.1449275362318841;0.2
17;0;0;0;0.2;0.7391304347826086;0.0;0.0;0.0;0.1449275362318841;0.0
10;30;0;0;0.0;0.43478260869565216;1.0;0.0;0.0;0.0;0.0
10;30;1;0;0.0;0.43478260869565216;1.0;0.02564102564102564;0.0;0.0;0.0
16;30;1;0;0.4;0.6956521739130435;1.0;0.02564102564102564;0.0;0.2898550724637682;0.4
7;0;0;0;0.0;0.30434782608695654;0.0;0.0;0.0;0.0;0.0
2;30;0;0;0.0;0.08695652173913043;1.0;0.0;0.0;0.0;0.0
7;0;0;0;0.0;0.30434782608695654;0.0;0.0;0.0;0.0;0.0
10;30;0;0;0.0;0.43478260869565216;1.0;0.0;0.0;0.0;0.0
12;0;1;0;0.0;0.5217391304347826;0.0;0.02564102564102564;0.0;0.0;0.0
11;30;0;0;0.0;0.4782608695652174;1.0;0.0;0.0;0.0;0.0
6;0;1;0;0.0;0.2608695652173913;0.0;0.02564102564102564;0.0;0.0;0.0
6;0;0;0;0.0;0.2608695652173913;0.0;0.0;0.0;0.0;0.0
1;0;0;0;0.2;0.043478260869565216;0.0;0.0;0.0;0.1449275362318841;0.2
20;0;0;0;0.0;0.8695652173913043;0.0;0.0;0.0;0.0;0.0
7;30;0;0;0.2;0.30434782608695654;1.0;0.0;0.0;0.1449275362318841;0.2
2;0;0;0;0.0;0.08695652173913043;0.0;0.0;0.0;0.0;0.0
22;30;0;0;0.0;0.9565217391304348;1.0;0.0;0.0;0.0;0.0
16;30;1;0;0.0;0.6956521739130435;1.0;0.02564102564102564;0.0;0.0;0.0
15;30;0;0;0.2;0.6521739130434783;1.0;0.0;0.0;0.1449275362318841;0.2
15;30;7;0;0.0;0.6521739130434783;1.0;0.1794871794871795;0.0;0.0;0.0
16;0;0;0;0.0;0.6956521739130435;0.0;0.0;0.0;0.0;0.0
3;30;0;0;0.6;0.13043478260869565;1.0;0.0;0.0;0.4347826086956522;0.4
12;30;4;0;0.0;0.5217391304347826;1.0;0.10256410256410256;0.0;0.0;0.0
22;30;0;0;0.0;0.9565217391304348;1.0;0.0;0.0;0.0;0.0
22;0;0;0;0.2;0.9565217391304348;0.0;0.0;0.0;0.1449275362318841;0.0
9;30;1;0;0.0;0.391304347826087;1.0;0.02564102564102564;0.0;0.0;0.2
19;0;0;0;0.2;0.8260869565217391;0.0;0.0;0.0;0.1449275362318841;0.2
19;30;0;0;0.2;0.8260869565217391;1.0;0.0;0.0;0.1449275362318841;0.4
4;0;0;0;0.0;0.17391304347826086;0.0;0.0;0.0;0.0;0.0
18;0;0;0;0.4;0.782608695652174;0.0;0.0;0.0;0.2898550724637682;0.4
3;30;0;0;0.0;0.13043478260869565;1.0;0.0;0.0;0.0;0.2
0;30;0;0;0.0;0.0;1.0;0.0;0.0;0.0;0.0
7;30;0;0;0.0;0.30434782608695654;1.0;0.0;0.0;0.0;0.0
1;0;0;0;0.4;0.043478260869565216;0.0;0.0;0.0;0.2898550724637682;0.2
23;0;0;0;0.0;1.0;0.0;0.0;0.0;0.0;0.0
5;0;1;0;0.0;0.21739130434782608;0.0;0.02564102564102564;0.0;0.0;0.0
5;0;0;0;0.0;0.21739130434782608;0.0;0.0;0.0;0.0;0.0
17;0;1;0;0.0;0.7391304347826086;0.0;0.02564102564102564;0.0;0.0;0.0
4;0;0;0;0.0;0.17391304347826086;0.0;0.0;0.0;0.0;0.0
18;30;1;0;0.0;0.782608695652174;1.0;0.02564102564102564;0.0;0.0;0.0
1;0;0;0;0.2;0.043478260869565216;0.0;0.0;0.0;0.1449275362318841;0.0
10;30;0;0;0.0;0.43478260869565216;1.0;0.0;0.0;0.0;0.0
2;0;0;0;0.0;0.08695652173913043;0.0;0.0;0.0;0.0;0.2
19;30;0;0;0.2;0.8260869565217391;1.0;0.0;0.0;0.1449275362318841;0.0
12;30;0;0;0.2;0.5217391304347826;1.0;0.0;0.0;0.1449275362318841;0.0
10;0;1;0;0.0;0.43478260869565216;0.0;0.02564102564102564;0.0;0.0;0.0
3;30;0;0;0.2;0.13043478260869565;1.0;0.0;0.0;0.1449275362318841;0.0
9;30;0;0;0.0;0.391304347826087;1.0;0.0;0.0;0.0;0.0
13;30;0;0;0.0;0.5652173913043478;1.0;0.0;0.0;0.0;0.0
8;0;0;0;0.0;0.34782608695652173;0.0;0.0;0.0;0.0;0.0
6;0;0;0;0.0;0.2608695652173913;0.0;0.0;0.0;0.0;0.0
9;30;0;0;0.0;0.391304347826087;1.0;0.0;0.0;0.0;0.0
20;0;2;0;0.6;0.8695652173913043;0.0;0.05128205128205128;0.0;0.4347826086956522;0.4
16;0;0;0;0.0;0.6956521739130435;0.0;0.0;0.0;0.0;0.0
21;0;2;0;0.0;0.9130434782608695;0.0;0.05128205128205128;0.0;0.0;0.0
17;0;3;2;0.2;0.7391304347826086;0.0;0.07692307692307693;1.0;0.1449275362318841;0.2
10;30;0;0;0.2;0.43478260869565216;1.0;0.0;0.0;0.1449275362318841;0.2
13;0;0;0;0.2;0.5652173913043478;0.0;0.0;0.0;0.1449275362318841;0.2
22;0;0;0;0.0;0.9565217391304348;0.0;0.0;0.0;0.0;0.2
14;30;0;0;0.4;0.6086956521739131;1.0;0.0;0.0;0.2898550724637682;0.4
22;0;0;0;0.0;0.9565217391304348;0.0;0.0;0.0;0.0;0.0
11;0;0;0;0.2;0.4782608695652174;0.0;0.0;0.0;0.1449275362318841;0.0
3;30;0;0;0.2;0.13043478260869565;1.0;0.0;0.0;0.1449275362318841;0.0
8;30;0;0;0.4;0.34782608695652173;1.0;0.0;0.0;0.2898550724637682;0.4
15;30;3;0;0.2;0.6521739130434783;1.0;0.07692307692307693;0.0;0.1449275362318841;0.2
2;30;0;0;0.0;0.08695652173913043;1.0;0.0;0.0;0.0;0.0
4;0;0;0;0.0;0.17391304347826086;0.0;0.0;0.0;0.0;0.0
9;0;0;0;0.2;0.391304347826087;0.0;0.0;0.0;0.1449275362318841;0.2
3;0;0;0;0.2;0.13043478260869565;0.0;0.0;0.0;0.1449275362318841;0.4
9;30;0;0;0.0;0.391304347826087;1.0;0.0;0.0;0.0;0.0
8;0;0;0;0.0;0.34782608695652173;0.0;0.0;0.0;0.0;0.0
12;0;1;0;0.2;0.5217391304347826;0.0;0.02564102564102564;0.0;0.1449275362318841;0.0
9;0;1;0;0.0;0.391304347826087;0.0;0.02564102564102564;0.0;0.0;0.0
19;0;0;0;0.2;0.8260869565217391;0.0;0.0;0.0;0.1449275362318841;0.2
5;0;0;0;0.0;0.21739130434782608;0.0;0.0;0.0;0.0;0.2
3;30;0;0;0.0;0.13043478260869565;1.0;0.0;0.0;0.0;0.0
2;0;0;0;0.0;0.08695652173913043;0.0;0.0;0.0;0.0;0.0
15;0;1;0;0.2;0.6521739130434783;0.0;0.02564102564102564;0.0;0.1449275362318841;0.2
22;0;3;0;0.0;0.9565217391304348;0.0;0.07692307692307693;0.0;0.0;0.0
7;0;0;0;0.2;0.30434782608695654;0.0;0.0;0.0;0.1449275362318841;0.2
2;0;0;0;0.0;0.08695652173913043;0.0;0.0;0.0;0.0;0.2
1;0;1;0;0.0;0.043478260869565216;0.0;0.02564102564102564;0.0;0.0;0.0
20;0;0;0;0.2;0.8695652173913043;0.0;0.0;0.0;0.1449275362318841;0.2
2;0;0;0;0.0;0.08695652173913043;0.0;0.0;0.0;0.0;0.0
6;30;1;0;0.0;0.2608695652173913;1.0;0.02564102564102564;0.0;0.0;0.0
3;0;1;0;0.2;0.13043478260869565;0.0;0.02564102564102564;0.0;0.1449275362318841;0.0
2;30;1;0;0.0;0.08695652173913043;1.0;0.02564102564102564;0.0;0.0;0.0
14;0;0;0;0.0;0.6086956521739131;0.0;0.0;0.0;0.0;0.0
9;0;0;0;0.0;0.391304347826087;0.0;0.0;0.0;0.0;0.2
2;30;0;0;0.4;0.08695652173913043;1.0;0.0;0.0;0.2898550724637682;0.2
3;30;0;0;0.0;0.13043478260869565;1.0;0.0;0.0;0.0;0.0
8;30;0;0;0.2;0.34782608695652173;1.0;0.0;0.0;0.1449275362318841;0.2
12;30;0;0;0.0;0.5217391304347826;1.0;0.0;0.0;0.0;0.0
4;30;0;0;0.2;0.17391304347826086;1.0;0.0;0.0;0.1449275362318841;0.2
19;0;0;0;0.2;0.8260869565217391;0.0;0.0;0.0;0.1449275362318841;0.4
21;0;0;0;0.0;0.9130434782608695;0.0;0.0;0.0;0.0;0.0
18;0;0;0;0.2;0.782608695652174;0.0;0.0;0.0;0.1449275362318841;0.2
0;30;0;0;0.0;0.0;1.0;0.0;0.0;0.0;0.0
20;30;1;0;0.0;0.8695652173913043;1.0;0.02564102564102564;0.0;0.0;0.0
23;30;0;0;0.0;1.0;1.0;0.0;0.0;0.0;0.0
18;0;5;0;0.0;0.782608695652174;0.0;0.1282051282051282;0.0;0.0;0.0
14;30;1;0;0.0;0.6086956521739131;1.0;0.02564102564102564;0.0;0.0;0.0
17;30;0;0;0.0;0.7391304347826086;1.0;0.0;0.0;0.0;0.0
13;0;1;0;0.0;0.5652173913043478;0.0;0.02564102564102564;0.0;0.0;0.2
22;0;1;0;0.0;0.9565217391304348;0.0;0.02564102564102564;0.0;0.0;0.0
8;0;0;0;0.2;0.34782608695652173;0.0;0.0;0.0;0.1449275362318841;0.0
5;0;0;0;0.0;0.21739130434782608;0.0;0.0;0.0;0.0;0.2
15;30;0;0;0.2;0.6521739130434783;1.0;0.0;0.0;0.1449275362318841;0.0
5;0;0;0;0.0;0.21739130434782608;0.0;0.0;0.0;0.0;0.0
6;0;0;0;0.2;0.2608695652173913;0.0;0.0;0.0;0.1449275362318841;0.0
2;30;0;0;0.0;0.08695652173913043;1.0;0.0;0.0;0.0;0.0
14;0;0;0;0.0;0.6086956521739131;0.0;0.0;0.0;0.0;0.0
22;0;0;0;0.0;0.9565217391304348;0.0;0.0;0.0;0.0;0.0
11;0;1;0;0.2;0.4782608695652174;0.0;0.02564102564102564;0.0;0.1449275362318841;0.2
13;30;2;0;0.0;0.5652173913043478;1.0;0.05128205128205128;0.0;0.0;0.0
18;0;0;0;0.0;0.782608695652174;0.0;0.0;0.0;0.0;0.0
21;30;0;0;0.0;0.9130434782608695;1.0;0.0;0.0;0.0;0.0
20;30;0;0;0.0;0.8695652173913043;1.0;0.0;0.0;0.0;0.0
10;30;18;1;0.0;0.43478260869565216;1.0;0.46153846153846156;0.5;0.0;0.0
19;0;0;0;0.0;0.8260869565217391;0.0;0.0;0.0;0.0;0.0
14;0;5;0;0.0;0.6086956521739131;0.0;0.1282051282051282;0.0;0.0;0.0
15;30;1;0;0.0;0.6521739130434783;1.0;0.02564102564102564;0.0;0.0;0.0
5;30;0;0;0.0;0.21739130434782608;1.0;0.0;0.0;0.0;0.0
19;30;0;0;0.0;0.8260869565217391;1.0;0.0;0.0;0.0;0.2
14;0;0;0;0.0;0.6086956521739131;0.0;0.0;0.0;0.0;0.0
22;0;0;0;0.0;0.9565217391304348;0.0;0.0;0.0;0.0;0.0
23;30;0;0;0.0;1.0;1.0;0.0;0.0;0.0;0.0
8;0;0;0;0.4;0.34782608695652173;0.0;0.0;0.0;0.2898550724637682;0.4
1;30;0;0;0.0;0.043478260869565216;1.0;0.0;0.0;0.0;0.0
8;0;1;0;0.0;0.34782608695652173;0.0;0.02564102564102564;0.0;0.0;0.0
8;0;0;0;0.0;0.34782608695652173;0.0;0.0;0.0;0.0;0.0
0;30;0;0;0.0;0.0;1.0;0.0;0.0;0.0;0.0
21;30;1;0;0.0;0.9130434782608695;1.0;0.02564102564102564;0.0;0.0;0.0
16;30;0;0;0.0;0.6956521739130435;1.0;0.0;0.0;0.0;0.0
20;30;5;0;0.0;0.8695652173913043;1.0;0.1282051282051282;0.0;0.0;0.0
9;30;0;0;0.2;0.391304347826087;1.0;0.0;0.0;0.1449275362318841;0.0
22;0;0;0;0.0;0.9565217391304348;0.0;0.0;0.0;0.0;0.0
14;30;0;0;0.4;0.6086956521739131;1.0;0.0;0.0;0.2898550724637682;0.2
3;30;1;0;0.0;0.13043478260869565;1.0;0.02564102564102564;0.0;0.0;0.0
5;0;0;0;0.2;0.21739130434782608;0.0;0.0;0.0;0.1449275362318841;0.0
17;0;5;0;0.79;0.7391304347826086;0.0;0.1282051282051282;0.0;0.5724637681159421;0.6
8;30;0;0;0.2;0.34782608695652173;1.0;0.0;0.0;0.1449275362318841;0.0
0;0;0;0;0.2;0.0;0.0;0.0;0.0;0.1449275362318841;0.0
10;0;1;0;0.2;0.43478260869565216;0.0;0.02564102564102564;0.0;0.1449275362318841;0.2
16;30;0;0;0.0;0.6956521739130435;1.0;0.0;0.0;0.0;0.0
0;30;0;0;0.2;0.0;1.0;0.0;0.0;0.1449275362318841;0.4
13;0;0;0;0.2;0.5652173913043478;0.0;0.0;0.0;0.1449275362318841;0.0
16;30;0;0;0.0;0.6956521739130435;1.0;0.0;0.0;0.0;0.2
23;0;0;0;0.0;1.0;0.0;0.0;0.0;0.0;0.0
9;0;0;0;0.0;0.391304347826087;0.0;0.0;0.0;0.0;0.0
0;30;2;0;0.4;0.0;1.0;0.05128205128205128;0.0;0.2898550724637682;0.2
1;0;0;0;0.0;0.043478260869565216;0.0;0.0;0.0;0.0;0.0
23;30;0;0;0.0;1.0;1.0;0.0;0.0;0.0;0.0
23;0;0;0;0.0;1.0;0.0;0.0;0.0;0.0;0.0
14;30;0;0;0.0;0.6086956521739131;1.0;0.0;0.0;0.0;0.0
2;0;0;0;0.0;0.08695652173913043;0.0;0.0;0.0;0.0;0.0
4;30;0;0;0.0;0.17391304347826086;1.0;0.0;0.0;0.0;0.0
11;0;0;0;0.0;0.4782608695652174;0.0;0.0;0.0;0.0;0.0
18;0;1;0;0.0;0.782608695652174;0.0;0.02564102564102564;0.0;0.0;0.2
23;0;0;0;0.0;1.0;0.0;0.0;0.0;0.0;0.0
16;30;0;0;0.0;0.6956521739130435;1.0;0.0;0.0;0.0;0.0
9;0;1;0;0.0;0.391304347826087;0.0;0.02564102564102564;0.0;0.0;0.2
10;0;0;0;0.0;0.43478260869565216;0.0;0.0;0.0;0.0;0.2
4;0;0;0;0.0;0.17391304347826086;0.0;0.0;0.0;0.0;0.0
11;30;0;0;0.0;0.4782608695652174;1.0;0.0;0.0;0.0;0.2
11;0;0;0;0.0;0.4782608695652174;0.0;0.0;0.0;0.0;0.0
13;30;5;0;0.0;0.5652173913043478;1.0;0.1282051282051282;0.0;0.0;0.0
9;0;1;0;0.2;0.391304347826087;0.0;0.02564102564102564;0.0;0.1449275362318841;0.2
2;0;0;0;0.2;0.08695652173913043;0.0;0.0;0.0;0.1449275362318841;0.4
22;0;0;0;0.0;0.9565217391304348;0.0;0.0;0.0;0.0;0.0
17;30;1;0;0.2;0.7391304347826086;1.0;0.02564102564102564;0.0;0.1449275362318841;0.0
1;30;0;0;0.0;0.043478260869565216;1.0;0.0;0.0;0.0;0.0
23;0;0;0;0.2;1.0;0.0;0.0;0.0;0.1449275362318841;0.2
0;30;0;0;0.2;0.0;1.0;0.0;0.0;0.1449275362318841;0.0
16;0;0;0;0.2;0.6956521739130435;0.0;0.0;0.0;0.1449275362318841;0.0
5;30;0;0;0.4;0.21739130434782608;1.0;0.0;0.0;0.2898550724637682;0.4
15;30;3;0;0.0;0.6521739130434783;1.0;0.07692307692307693;0.0;0.0;0.0
4;30;0;0;0.0;0.17391304347826086;1.0;0.0;0.0;0.0;0.0
9;30;0;0;0.0;0.391304347826087;1.0;0.0;0.0;0.0;0.0
20;30;0;0;0.0;0.8695652173913043;1.0;0.0;0.0;0.0;0.0
0;30;0;0;0.4;0.0;1.0;0.0;0.0;0.2898550724637682;0.4
17;0;2;0;0.2;0.7391304347826086;0.0;0.05128205128205128;0.0;0.1449275362318841;0.0
10;0;0;0;0.2;0.43478260869565216;0.0;0.0;0.0;0.1449275362318841;0.0
2;30;0;0;0.2;0.08695652173913043;1.0;0.0;0.0;0.1449275362318841;0.2
4;0;1;0;0.0;0.17391304347826086;0.0;0.02564102564102564;0.0;0.0;0.0
0;0;1;0;0.0;0.0;0.0;0.02564102564102564;0.0;0.0;0.0
10;0;0;0;0.0;0.43478260869565216;0.0;0.0;0.0;0.0;0.0
10;30;0;0;0.0;0.43478260869565216;1.0;0.0;0.0;0.0;0.0
6;30;0;0;0.0;0.2608695652173913;1.0;0.0;0.0;0.0;0.0
10;0;0;0;0.0;0.43478260869565216;0.0;0.0;0.0;0.0;0.2
14;0;1;0;0.0;0.6086956521739131;0.0;0.02564102564102564;0.0;0.0;0.2
14;30;5;0;0.0;0.6086956521739131;1.0;0.1282051282051282;0.0;0.0;0.0
1;30;1;0;0.2;0.043478260869565216;1.0;0.02564102564102564;0.0;0.1449275362318841;0.2
1;30;0;0;0.2;0.043478260869565216;1.0;0.0;0.0;0.1449275362318841;0.0
16;0;1;0;0.2;0.6956521739130435;0.0;0.02564102564102564;0.0;0.1449275362318841;0.0
15;30;0;0;0.0;0.6521739130434783;1.0;0.0;0.0;0.0;0.0
8;0;0;0;0.0;0.34782608695652173;0.0;0.0;0.0;0.0;0.0
15;0;0;0;0.2;0.6521739130434783;0.0;0.0;0.0;0.1449275362318841;0.2
11;30;2;0;0.0;0.4782608695652174;1.0;0.05128205128205128;0.0;0.0;0.0
15;30;0;0;0.0;0.6521739130434783;1.0;0.0;0.0;0.0;0.0
19;30;0;0;0.0;0.8260869565217391;1.0;0.0;0.0;0.0;0.0
3;30;0;0;0.79;0.13043478260869565;1.0;0.0;0.0;0.5724637681159421;0.79
12;0;0;0;0.2;0.5217391304347826;0.0;0.0;0.0;0.1449275362318841;0.0
14;30;0;0;0.0;0.6086956521739131;1.0;0.0;0.0;0.0;0.0
9;0;0;0;0.0;0.391304347826087;0.0;0.0;0.0;0.0;0.0
0;30;0;0;0.2;0.0;1.0;0.0;0.0;0.1449275362318841;0.2
13;0;0;0;0.0;0.5652173913043478;0.0;0.0;0.0;0.0;0.0
17;30;0;0;0.2;0.7391304347826086;1.0;0.0;0.0;0.1449275362318841;0.0
7;30;0;0;0.2;0.30434782608695654;1.0;0.0;0.0;0.1449275362318841;0.2
11;30;0;0;0.0;0.4782608695652174;1.0;0.0;0.0;0.0;0.0
13;30;0;0;0.2;0.5652173913043478;1.0;0.0;0.0;0.1449275362318841;0.2
19;30;0;0;0.0;0.8260869565217391;1.0;0.0;0.0;0.0;0.0
23;0;0;0;0.4;1.0;0.0;0.0;0.0;0.2898550724637682;0.2
12;0;0;0;0.0;0.5217391304347826;0.0;0.0;0.0;0.0;0.0
3;0;0;0;0.0;0.13043478260869565;0.0;0.0;0.0;0.0;0.0
17;30;1;0;0.0;0.7391304347826086;1.0;0.02564102564102564;0.0;0.0;0.0
16;30;1;0;0.2;0.6956521739130435;1.0;0.02564102564102564;0.0;0.1449275362318841;0.2
22;0;0;0;0.2;0.9565217391304348;0.0;0.0;0.0;0.1449275362318841;0.0
11;0;0;0;0.2;0.4782608695652174;0.0;0.0;0.0;0.1449275362318841;0.0
16;30;0;0;0.2;0.6956521739130435;1.0;0.0;0.0;0.1449275362318841;0.2
19;30;0;0;0.0;0.8260869565217391;1.0;0.0;0.0;0.0;0.0
20;30;0;0;0.0;0.8695652173913043;1.0;0.0;0.0;0.0;0.0
3;0;4;0;0.0;0.13043478260869565;0.0;0.10256410256410256;0.0;0.0;0.0
17;0;0;0;0.0;0.7391304347826086;0.0;0.0;0.0;0.0;0.0
21;30;0;0;0.4;0.9130434782608695;1.0;0.0;0.0;0.2898550724637682;0.2
11;0;0;0;0.0;0.4782608695652174;0.0;0.0;0.0;0.0;0.0
17;0;0;0;0.0;0.7391304347826086;0.0;0.0;0.0;0.0;0.2
22;30;0;0;0.0;0.9565217391304348;1.0;0.0;0.0;0.0;0.2
1;0;0;0;0.0;0.043478260869565216;0.0;0.0;0.0;0.0;0.0
18;30;0;0;0.4;0.782608695652174;1.0;0.0;0.0;0.2898550724637682;0.4
14;0;0;0;0.0;0.6086956521739131;0.0;0.0;0.0;0.0;0.0
11;30;0;0;0.0;0.4782608695652174;1.0;0.0;0.0;0.0;0.0
10;30;0;0;0.98;0.43478260869565216;1.0;0.0;0.0;0.7101449275362319;0.98
22;30;1;0;0.2;0.9565217391304348;1.0;0.02564102564102564;0.0;0.1449275362318841;0.2
2;0;0;0;0.0;0.08695652173913043;0.0;0.0;0.0;0.0;0.0
9;30;0;0;0.0;0.391304347826087;1.0;0.0;0.0;0.0;0.0
16;30;0;0;0.0;0.6956521739130435;1.0;0.0;0.0;0.0;0.0
15;0;1;0;0.0;0.6521739130434783;0.0;0.02564102564102564;0.0;0.0;0.2
17;0;1;0;0.0;0.7391304347826086;0.0;0.02564102564102564;0.0;0.0;0.0
22;30;0;0;0.6;0.9565217391304348;1.0;0.0;0.0;0.4347826086956522;0.4
0;30;0;0;0.0;0.0;1.0;0.0;0.0;0.0;0.0
5;0;0;0;0.98;0.21739130434782608;0.0;0.0;0.0;0.7101449275362319;1.17
22;30;1;0;0.0;0.9565217391304348;1.0;0.02564102564102564;0.0;0.0;0.0
1;0;1;0;0.0;0.043478260869565216;0.0;0.02564102564102564;0.0;0.0;0.0
20;0;0;0;0.4;0.8695652173913043;0.0;0.0;0.0;0.2898550724637682;0.4
22;30;0;0;0.0;0.9565217391304348;1.0;0.0;0.0;0.0;0.0
5;30;0;0;0.4;0.21739130434782608;1.0;0.0;0.0;0.2898550724637682;0.2
20;30;0;0;0.0;0.8695652173913043;1.0;0.0;0.0;0.0;0.0
6;0;0;0;0.0;0.2608695652173913;0.0;0.0;0.0;0.0;0.0
7;0;0;0;0.0;0.30434782608695654;0.0;0.0;0.0;0.0;0.0
13;30;1;0;0.79;0.5652173913043478;1.0;0.02564102564102564;0.0;0.5724637681159421;0.79
2;30;0;0;0.2;0.08695652173913043;1.0;0.0;0.0;0.1449275362318841;0.2
12;30;0;0;0.2;0.5217391304347826;1.0;0.0;0.0;0.1449275362318841;0.4
17;30;0;0;1.38;0.7391304347826086;1.0;0.0;0.0;1.0;0.4
20;0;0;0;0.0;0.8695652173913043;0.0;0.0;0.0;0.0;0.2
19;30;2;0;0.0;0.8260869565217391;1.0;0.05128205128205128;0.0;0.0;0.0
8;0;0;0;0.2;0.34782608695652173;0.0;0.0;0.0;0.1449275362318841;0.0
14;0;3;0;0.0;0.6086956521739131;0.0;0.07692307692307693;0.0;0.0;0.0
23;30;1;0;0.2;1.0;1.0;0.02564102564102564;0.0;0.1449275362318841;0.2
1;30;1;0;0.4;0.043478260869565216;1.0;0.02564102564102564;0.0;0.2898550724637682;0.6
6;0;0;0;0.2;0.2608695652173913;0.0;0.0;0.0;0.1449275362318841;0.4
0;0;0;0;0.2;0.0;0.0;0.0;0.0;0.1449275362318841;0.0
9;0;0;0;0.0;0.391304347826087;0.0;0.0;0.0;0.0;0.0
2;0;0;0;0.0;0.08695652173913043;0.0;0.0;0.0;0.0;0.0
6;0;0;0;0.2;0.2608695652173913;0.0;0.0;0.0;0.1449275362318841;0.2
9;0;0;0;0.4;0.391304347826087;0.0;0.0;0.0;0.2898550724637682;0.4
3;0;0;0;0.0;0.13043478260869565;0.0;0.0;0.0;0.0;0.2
0;30;0;0;0.0;0.0;1.0;0.0;0.0;0.0;0.0
22;30;0;0;0.2;0.9565217391304348;1.0;0.0;0.0;0.1449275362318841;0.2
23;0;0;0;0.0;1.0;0.0;0.0;0.0;0.0;0.0
13;30;0;0;0.0;0.5652173913043478;1.0;0.0;0.0;0.0;0.0
12;0;0;0;0.0;0.5217391304347826;0.0;0.0;0.0;0.0;0.0
18;0;0;0;0.0;0.782608695652174;0.0;0.0;0.0;0.0;0.2
16;0;0;0;0.0;0.6956521739130435;0.0;0.0;0.0;0.0;0.0
1;0;0;0;0.0;0.043478260869565216;0.0;0.0;0.0;0.0;0.0
2;0;3;0;0.6;0.08695652173913043;0.0;0.07692307692307693;0.0;0.4347826086956522;0.4
14;30;0;0;0.0;0.6086956521739131;1.0;0.0;0.0;0.0;0.0
19;30;3;0;0.2;0.8260869565217391;1.0;0.07692307692307693;0.0;0.1449275362318841;0.4
8;0;0;0;1.17;0.34782608695652173;0.0;0.0;0.0;0.8478260869565217;1.17
19;30;1;0;0.0;0.8260869565217391;1.0;0.02564102564102564;0.0;0.0;0.0
21;0;2;0;0.2;0.9130434782608695;0.0;0.05128205128205128;0.0;0.1449275362318841;0.2
19;0;1;0;0.0;0.8260869565217391;0.0;0.02564102564102564;0.0;0.0;0.2
8;30;1;0;0.0;0.34782608695652173;1.0;0.02564102564102564;0.0;0.0;0.0
14;30;0;0;0.0;0.6086956521739131;1.0;0.0;0.0;0.0;0.0
18;30;0;0;0.2;0.782608695652174;1.0;0.0;0.0;0.1449275362318841;0.2
10;30;5;0;0.0;0.43478260869565216;1.0;0.1282051282051282;0.0;0.0;0.0
12;0;0;0;0.0;0.5217391304347826;0.0;0.0;0.0;0.0;0.2
2;30;0;0;0.2;0.08695652173913043;1.0;0.0;0.0;0.1449275362318841;0.2
4;0;0;0;0.0;0.17391304347826086;0.0;0.0;0.0;0.0;0.0
3;0;0;0;0.2;0.13043478260869565;0.0;0.0;0.0;0.1449275362318841;0.6
18;30;0;0;0.2;0.782608695652174;1.0;0.0;0.0;0.1449275362318841;0.0
18;0;1;0;0.0;0.782608695652174;0.0;0.02564102564102564;0.0;0.0;0.0
15;30;0;0;0.0;0.6521739130434783;1.0;0.0;0.0;0.0;0.0
4;0;0;0;0.0;0.17391304347826086;0.0;0.0;0.0;0.0;0.0
1;30;0;0;0.6;0.043478260869565216;1.0;0.0;0.0;0.4347826086956522;0.6
5;30;0;0;0.2;0.21739130434782608;1.0;0.0;0.0;0.1449275362318841;0.2
2;0;0;0;0.0;0.08695652173913043;0.0;0.0;0.0;0.0;0.0
1;30;1;0;0.0;0.043478260869565216;1.0;0.02564102564102564;0.0;0.0;0.0
14;30;0;0;0.2;0.6086956521739131;1.0;0.0;0.0;0.1449275362318841;0.0
8;30;1;0;0.0;0.34782608695652173;1.0;0.02564102564102564;0.0;0.0;0.0
17;0;0;0;0.0;0.7391304347826086;0.0;0.0;0.0;0.0;0.0
0;30;0;0;0.0;0.0;1.0;0.0;0.0;0.0;0.0
23;0;0;0;0.0;1.0;0.0;0.0;0.0;0.0;0.0
9;30;0;0;0.2;0.391304347826087;1.0;0.0;0.0;0.1449275362318841;0.2
12;30;1;0;0.0;0.5217391304347826;1.0;0.02564102564102564;0.0;0.0;0.0
14;0;0;0;0.0;0.6086956521739131;0.0;0.0;0.0;0.0;0.0
14;0;0;0;0.2;0.6086956521739131;0.0;0.0;0.0;0.1449275362318841;0.4
14;30;0;0;0.0;0.6086956521739131;1.0;0.0;0.0;0.0;0.0
12;30;0;0;0.0;0.5217391304347826;1.0;0.0;0.0;0.0;0.0
7;0;0;0;0.2;0.30434782608695654;0.0;0.0;0.0;0.1449275362318841;0.0
3;30;0;0;0.4;0.13043478260869565;1.0;0.0;0.0;0.2898550724637682;0.2
13;30;0;0;0.0;0.5652173913043478;1.0;0.0;0.0;0.0;0.0
6;0;0;0;0.0;0.2608695652173913;0.0;0.0;0.0;0.0;0.0
17;30;0;0;0.0;0.7391304347826086;1.0;0.0;0.0;0.0;0.0
19;30;0;0;0.0;0.8260869565217391;1.0;0.0;0.0;0.0;0.0
20;30;0;0;0.2;0.8695652173913043;1.0;0.0;0.0;0.1449275362318841;0.2
20;0;1;0;0.4;0.8695652173913043;0.0;0.02564102564102564;0.0;0.2898550724637682;0.2
15;0;0;0;0.0;0.6521739130434783;0.0;0.0;0.0;0.0;0.0
0;0;0;0;0.4;0.0;0.0;0.0;0.0;0.2898550724637682;0.2
4;0;0;0;0.0;0.17391304347826086;0.0;0.0;0.0;0.0;0.0
21;30;1;0;0.0;0.9130434782608695;1.0;0.02564102564102564;0.0;0.0;0.2
22;30;3;0;0.0;0.9565217391304348;1.0;0.07692307692307693;0.0;0.0;0.0
14;0;4;0;0.79;0.6086956521739131;0.0;0.10256410256410256;0.0;0.5724637681159421;0.79
17;0;4;0;0.0;0.7391304347826086;0.0;0.10256410256410256;0.0;0.0;0.2
15;0;0;0;0.4;0.6521739130434783;0.0;0.0;0.0;0.2898550724637682;0.4
3;0;0;0;0.0;0.13043478260869565;0.0;0.0;0.0;0.0;0.0
3;0;0;0;0.2;0.13043478260869565;0.0;0.0;0.0;0.1449275362318841;0.2
17;30;0;0;0.0;0.7391304347826086;1.0;0.0;0.0;0.0;0.0
0;0;0;0;0.0;0.0;0.0;0.0;0.0;0.0;0.0
23;0;0;0;0.0;1.0;0.0;0.0;0.0;0.0;0.0
0;0;0;0;0.2;0.0;0.0;0.0;0.0;0.1449275362318841;0.0
9;0;0;0;0.2;0.391304347826087;0.0;0.0;0.0;0.1449275362318841;0.4
7;30;0;0;0.0;0.30434782608695654;1.0;0.0;0.0;0.0;0.0
9;0;0;0;0.2;0.391304347826087;0.0;0.0;0.0;0.1449275362318841;0.0
9;30;0;0;0.2;0.391304347826087;1.0;0.0;0.0;0.1449275362318841;0.2
4;0;0;0;0.2;0.17391304347826086;0.0;0.0;0.0;0.1449275362318841;0.2
0;0;0;0;0.0;0.0;0.0;0.0;0.0;0.0;0.0
8;30;0;0;0.0;0.34782608695652173;1.0;0.0;0.0;0.0;0.0
16;0;0;0;0.0;0.6956521739130435;0.0;0.0;0.0;0.0;0.0
6;30;0;0;0.0;0.2608695652173913;1.0;0.0;0.0;0.0;0.0
10;30;0;0;0.0;0.43478260869565216;1.0;0.0;0.0;0.0;0.0
8;30;0;0;0.0;0.34782608695652173;1.0;0.0;0.0;0.0;0.0
6;0;0;0;0.0;0.2608695652173913;0.0;0.0;0.0;0.0;0.0
23;30;2;0;0.0;1.0;1.0;0.05128205128205128;0.0;0.0;0.0
10;30;0;0;0.0;0.43478260869565216;1.0;0.0;0.0;0.0;0.2
5;0;0;0;0.2;0.21739130434782608;0.0;0.0;0.0;0.1449275362318841;0.0
20;30;1;0;0.2;0.8695652173913043;1.0;0.02564102564102564;0.0;0.1449275362318841;0.0
23;30;0;0;0.0;1.0;1.0;0.0;0.0;0.0;0.2
19;30;0;0;0.0;0.8260869565217391;1.0;0.0;0.0;0.0;0.0
15;0;0;0;0.0;0.6521739130434783;0.0;0.0;0.0;0.0;0.2
20;0;1;0;0.0;0.8695652173913043;0.0;0.02564102564102564;0.0;0.0;0.0
13;30;1;0;0.0;0.5652173913043478;1.0;0.02564102564102564;0.0;0.0;0.0
15;0;0;0;0.0;0.6521739130434783;0.0;0.0;0.0;0.0;0.0
18;30;0;0;0.0;0.782608695652174;1.0;0.0;0.0;0.0;0.0
9;0;0;0;0.2;0.391304347826087;0.0;0.0;0.0;0.1449275362318841;0.0
12;0;5;0;0.0;0.5217391304347826;0.0;0.1282051282051282;0.0;0.0;0.0
17;0;0;0;0.0;0.7391304347826086;0.0;0.0;0.0;0.0;0.2
12;30;0;0;0.2;0.5217391304347826;1.0;0.0;0.0;0.1449275362318841;0.4
5;30;0;0;0.2;0.21739130434782608;1.0;0.0;0.0;0.1449275362318841;0.2
3;0;0;0;0.0;0.13043478260869565;0.0;0.0;0.0;0.0;0.2
9;30;0;0;0.0;0.391304347826087;1.0;0.0;0.0;0.0;0.0
3;30;0;0;0.2;0.13043478260869565;1.0;0.0;0.0;0.1449275362318841;0.2
8;30;0;0;1.17;0.34782608695652173;1.0;0.0;0.0;0.8478260869565217;0.98
23;30;1;0;0.0;1.0;1.0;0.02564102564102564;0.0;0.0;0.0
20;0;0;0;0.2;0.8695652173913043;0.0;0.0;0.0;0.1449275362318841;0.2
11;30;0;0;0.4;0.4782608695652174;1.0;0.0;0.0;0.2898550724637682;0.2
8;30;0;0;0.0;0.34782608695652173;1.0;0.0;0.0;0.0;0.0
16;30;0;0;0.0;0.6956521739130435;1.0;0.0;0.0;0.0;0.0
14;0;0;0;0.2;0.6086956521739131;0.0;0.0;0.0;0.1449275362318841;0.2
18;0;0;0;0.0;0.782608695652174;0.0;0.0;0.0;0.0;0.0
4;30;0;0;0.2;0.17391304347826086;1.0;0.0;0.0;0.1449275362318841;0.0
4;0;0;0;0.0;0.17391304347826086;0.0;0.0;0.0;0.0;0.0
18;0;8;0;0.0;0.782608695652174;0.0;0.20512820512820512;0.0;0.0;0.0
16;0;1;0;0.0;0.6956521739130435;0.0;0.02564102564102564;0.0;0.0;0.0
7;30;0;0;0.0;0.30434782608695654;1.0;0.0;0.0;0.0;0.2
14;0;0;0;0.0;0.6086956521739131;0.0;0.0;0.0;0.0;0.0
9;0;0;0;0.0;0.391304347826087;0.0;0.0;0.0;0.0;0.0
18;30;1;0;0.0;0.782608695652174;1.0;0.02564102564102564;0.0;0.0;0.0
15;0;8;0;0.0;0.6521739130434783;0.0;0.20512820512820512;0.0;0.0;0.0
23;30;0;0;0.0;1.0;1.0;0.0;0.0;0.0;0.0
5;0;0;0;0.0;0.21739130434782608;0.0;0.0;0.0;0.0;0.0
21;30;1;0;0.2;0.9130434782608695;1.0;0.02564102564102564;0.0;0.1449275362318841;0.0
21;0;0;0;0.0;0.9130434782608695;0.0;0.0;0.0;0.0;0.0
21;0;0;0;0.0;0.9130434782608695;0.0;0.0;0.0;0.0;0.0
14;0;0;0;0.0;0.6086956521739131;0.0;0.0;0.0;0.0;0.2
17;30;2;0;0.0;0.7391304347826086;1.0;0.05128205128205128;0.0;0.0;0.0
4;30;0;0;0.0;0.17391304347826086;1.0;0.0;0.0;0.0;0.0
6;0;0;0;0.98;0.2608695652173913;0.0;0.0;0.0;0.7101449275362319;1.17
13;30;0;0;0.0;0.5652173913043478;1.0;0.0;0.0;0.0;0.0
6;0;0;0;0.0;0.2608695652173913;0.0;0.0;0.0;0.0;0.0
12;0;0;0;0.2;0.5217391304347826;0.0;0.0;0.0;0.1449275362318841;0.2
6;30;0;0;0.0;0.2608695652173913;1.0;0.0;0.0;0.0;0.0
10;0;0;0;0.0;0.43478260869565216;0.0;0.0;0.0;0.0;0.0
6;30;0;0;0.0;0.2608695652173913;1.0;0.0;0.0;0.0;0.0
6;0;0;0;0.0;0.2608695652173913;0.0;0.0;0.0;0.0;0.0
7;30;0;0;0.2;0.30434782608695654;1.0;0.0;0.0;0.1449275362318841;0.0
14;0;0;0;0.0;0.6086956521739131;0.0;0.0;0.0;0.0;0.0
10;0;1;0;0.0;0.43478260869565216;0.0;0.02564102564102564;0.0;0.0;0.0
1;30;0;0;0.2;0.043478260869565216;1.0;0.0;0.0;0.1449275362318841;0.0
1;30;0;0;0.0;0.043478260869565216;1.0;0.0;0.0;0.0;0.0
0;0;0;0;0.0;0.0;0.0;0.0;0.0;0.0;0.2
11;30;0;0;0.0;0.4782608695652174;1.0;0.0;0.0;0.0;0.0
20;0;7;0;0.2;0.8695652173913043;0.0;0.1794871794871795;0.0;0.1449275362318841;0.0
5;30;0;0;0.0;0.21739130434782608;1.0;0.0;0.0;0.0;0.0
7;0;0;0;0.0;0.30434782608695654;0.0;0.0;0.0;0.0;0.0
14;0;0;0;0.0;0.6086956521739131;0.0;0.0;0.0;0.0;0.0
8;30;0;0;0.0;0.34782608695652173;1.0;0.0;0.0;0.0;0.2
5;0;0;0;0.0;0.21739130434782608;0.0;0.0;0.0;0.0;0.2
23;30;0;0;0.4;1.0;1.0;0.0;0.0;0.2898550724637682;0.2
16;30;3;0;0.2;0.6956521739130435;1.0;0.07692307692307693;0.0;0.1449275362318841;0.0
2;0;0;0;0.2;0.08695652173913043;0.0;0.0;0.0;0.1449275362318841;0.4
0;0;0;0;0.0;0.0;0.0;0.0;0.0;0.0;0.0
0;0;0;0;0.0;0.0;0.0;0.0;0.0;0.0;0.2
0;30;0;0;0.0;0.0;1.0;0.0;0.0;0.0;0.2
12;30;0;0;0.0;0.5217391304347826;1.0;0.0;0.0;0.0;0.0
19;30;0;0;0.0;0.8260869565217391;1.0;0.0;0.0;0.0;0.0
1;30;0;0;0.0;0.043478260869565216;1.0;0.0;0.0;0.0;0.2
20;0;0;0;0.0;0.8695652173913043;0.0;0.0;0.0;0.0;0.0
12;0;1;0;0.2;0.5217391304347826;0.0;0.02564102564102564;0.0;0.1449275362318841;0.4
19;0;0;0;0.0;0.8260869565217391;0.0;0.0;0.0;0.0;0.0
5;0;39;0;0.2;0.21739130434782608;0.0;1.0;0.0;0.1449275362318841;0.2
19;0;3;0;0.0;0.8260869565217391;0.0;0.07692307692307693;0.0;0.0;0.0
18;0;8;0;0.0;0.782608695652174;0.0;0.20512820512820512;0.0;0.0;0.0
9;30;1;0;0.0;0.391304347826087;1.0;0.02564102564102564;0.0;0.0;0.2
12;0;0;0;0.79;0.5217391304347826;0.0;0.0;0.0;0.5724637681159421;0.79
17;30;1;0;0.6;0.7391304347826086;1.0;0.02564102564102564;0.0;0.4347826086956522;0.6
13;0;4;0;0.0;0.5652173913043478;0.0;0.10256410256410256;0.0;0.0;0.0
1;0;0;0;0.0;0.043478260869565216;0.0;0.0;0.0;0.0;0.0
8;30;0;0;0.2;0.34782608695652173;1.0;0.0;0.0;0.1449275362318841;0.2
9;30;0;0;0.0;0.391304347826087;1.0;0.0;0.0;0.0;0.0
3;0;0;0;0.2;0.13043478260869565;0.0;0.0;0.0;0.1449275362318841;0.4
12;30;0;0;0.0;0.5217391304347826;1.0;0.0;0.0;0.0;0.2
21;0;2;0;0.0;0.9130434782608695;0.0;0.05128205128205128;0.0;0.0;0.0
7;0;0;0;0.0;0.30434782608695654;0.0;0.0;0.0;0.0;0.0
6;30;0;0;0.0;0.2608695652173913;1.0;0.0;0.0;0.0;0.0
19;0;0;0;0.0;0.8260869565217391;0.0;0.0;0.0;0.0;0.0
2;30;1;0;0.4;0.08695652173913043;1.0;0.02564102564102564;0.0;0.2898550724637682;0.2
4;30;0;0;0.4;0.17391304347826086;1.0;0.0;0.0;0.2898550724637682;0.4
6;0;0;0;0.2;0.2608695652173913;0.0;0.0;0.0;0.1449275362318841;0.2
22;0;0;0;0.0;0.9565217391304348;0.0;0.0;0.0;0.0;0.0
16;0;0;0;0.0;0.6956521739130435;0.0;0.0;0.0;0.0;0.2
13;30;2;0;0.2;0.5652173913043478;1.0;0.05128205128205128;0.0;0.1449275362318841;0.2
4;30;0;0;0.2;0.17391304347826086;1.0;0.0;0.0;0.1449275362318841;0.0
11;0;0;0;0.0;0.4782608695652174;0.0;0.0;0.0;0.0;0.0
3;30;0;0;0.0;0.13043478260869565;1.0;0.0;0.0;0.0;0.0
6;0;0;0;0.2;0.2608695652173913;0.0;0.0;0.0;0.1449275362318841;0.2
8;30;0;0;0.4;0.34782608695652173;1.0;0.0;0.0;0.2898550724637682;0.2
18;30;1;0;0.2;0.782608695652174;1.0;0.02564102564102564;0.0;0.1449275362318841;0.0
23;0;0;0;0.2;1.0;0.0;0.0;0.0;0.1449275362318841;0.2
11;30;0;0;0.0;0.4782608695652174;1.0;0.0;0.0;0.0;0.0
5;0;0;0;0.0;0.21739130434782608;0.0;0.0;0.0;0.0;0.0
13;0;1;0;0.4;0.5652173913043478;0.0;0.02564102564102564;0.0;0.2898550724637682;0.2
14;0;3;0;0.0;0.6086956521739131;0.0;0.07692307692307693;0.0;0.0;0.0
0;30;0;0;0.2;0.0;1.0;0.0;0.0;0.1449275362318841;0.2
14;0;0;0;0.0;0.6086956521739131;0.0;0.0;0.0;0.0;0.2
2;30;0;0;0.2;0.08695652173913043;1.0;0.0;0.0;0.1449275362318841;0.2
6;30;0;0;0.2;0.2608695652173913;1.0;0.0;0.0;0.1449275362318841;0.4
6;30;0;0;0.0;0.2608695652173913;1.0;0.0;0.0;0.0;0.2
5;30;0;0;0.2;0.21739130434782608;1.0;0.0;0.0;0.1449275362318841;0.0
5;30;0;0;0.2;0.21739130434782608;1.0;0.0;0.0;0.1449275362318841;0.0
2;0;0;0;0.0;0.08695652173913043;0.0;0.0;0.0;0.0;0.0
14;30;1;0;0.0;0.6086956521739131;1.0;0.02564102564102564;0.0;0.0;0.0
22;30;0;0;0.4;0.9565217391304348;1.0;0.0;0.0;0.2898550724637682;0.4
17;30;0;0;0.2;0.7391304347826086;1.0;0.0;0.0;0.1449275362318841;0.2
14;30;0;0;0.2;0.6086956521739131;1.0;0.0;0.0;0.1449275362318841;0.0
1;0;0;0;0.6;0.043478260869565216;0.0;0.0;0.0;0.4347826086956522;0.6
12;30;1;0;0.0;0.5217391304347826;1.0;0.02564102564102564;0.0;0.0;0.0
0;30;0;0;0.0;0.0;1.0;0.0;0.0;0.0;0.0
7;0;0;0;0.0;0.30434782608695654;0.0;0.0;0.0;0.0;0.0
22;30;0;0;0.0;0.9565217391304348;1.0;0.0;0.0;0.0;0.0
3;0;0;0;0.0;0.13043478260869565;0.0;0.0;0.0;0.0;0.0
11;30;0;0;0.0;0.4782608695652174;1.0;0.0;0.0;0.0;0.0
8;0;0;0;0.2;0.34782608695652173;0.0;0.0;0.0;0.1449275362318841;0.2
22;30;0;0;0.2;0.9565217391304348;1.0;0.0;0.0;0.1449275362318841;0.0
13;0;0;0;0.2;0.5652173913043478;0.0;0.0;0.0;0.1449275362318841;0.0
18;0;2;0;0.2;0.782608695652174;0.0;0.05128205128205128;0.0;0.1449275362318841;0.0
20;0;1;0;0.0;0.8695652173913043;0.0;0.02564102564102564;0.0;0.0;0.0
19;0;0;0;0.0;0.8260869565217391;0.0;0.0;0.0;0.0;0.0
19;0;0;0;0.0;0.8260869565217391;0.0;0.0;0.0;0.0;0.0
7;0;0;0;0.0;0.30434782608695654;0.0;0.0;0.0;0.0;0.2
22;30;4;0;0.0;0.9565217391304348;1.0;0.10256410256410256;0.0;0.0;0.0
20;30;0;0;0.4;0.8695652173913043;1.0;0.0;0.0;0.2898550724637682;0.4
18;30;0;0;0.2;0.782608695652174;1.0;0.0;0.0;0.1449275362318841;0.2
4;30;0;0;0.98;0.17391304347826086;1.0;0.0;0.0;0.7101449275362319;0.98
21;30;0;0;0.2;0.9130434782608695;1.0;0.0;0.0;0.1449275362318841;0.0
17;30;2;0;0.0;0.7391304347826086;1.0;0.05128205128205128;0.0;0.0;0.0
13;0;0;0;0.0;0.5652173913043478;0.0;0.0;0.0;0.0;0.0
23;30;0;0;0.0;1.0;1.0;0.0;0.0;0.0;0.0
13;30;0;0;0.0;0.5652173913043478;1.0;0.0;0.0;0.0;0.0
17;30;0;0;0.0;0.7391304347826086;1.0;0.0;0.0;0.0;0.0
0;30;6;0;0.2;0.0;1.0;0.15384615384615385;0.0;0.1449275362318841;0.2
2;0;0;0;0.0;0.08695652173913043;0.0;0.0;0.0;0.0;0.0
8;30;0;0;0.2;0.34782608695652173;1.0;0.0;0.0;0.1449275362318841;0.0
2;30;0;0;0.0;0.08695652173913043;1.0;0.0;0.0;0.0;0.0
12;30;1;0;0.2;0.5217391304347826;1.0;0.02564102564102564;0.0;0.1449275362318841;0.2
7;30;0;0;0.0;0.30434782608695654;1.0;0.0;0.0;0.0;0.0
3;30;0;0;0.0;0.13043478260869565;1.0;0.0;0.0;0.0;0.0
21;30;0;0;0.2;0.9130434782608695;1.0;0.0;0.0;0.1449275362318841;0.2
4;0;0;0;0.4;0.17391304347826086;0.0;0.0;0.0;0.2898550724637682;0.4
21;0;0;0;0.4;0.9130434782608695;0.0;0.0;0.0;0.2898550724637682;0.4
11;30;0;0;0.2;0.4782608695652174;1.0;0.0;0.0;0.1449275362318841;0.2
20;0;0;0;0.0;0.8695652173913043;0.0;0.0;0.0;0.0;0.0
19;0;2;0;0.6;0.8260869565217391;0.0;0.05128205128205128;0.0;0.4347826086956522;0.4
2;0;1;0;0.2;0.08695652173913043;0.0;0.02564102564102564;0.0;0.1449275362318841;0.2
21;30;2;0;0.0;0.9130434782608695;1.0;0.05128205128205128;0.0;0.0;0.0
2;30;0;0;0.0;0.08695652173913043;1.0;0.0;0.0;0.0;0.0
18;0;2;0;0.0;0.782608695652174;0.0;0.05128205128205128;0.0;0.0;0.0
20;0;0;0;0.6;0.8695652173913043;0.0;0.0;0.0;0.4347826086956522;0.4
22;30;1;0;0.0;0.9565217391304348;1.0;0.02564102564102564;0.0;0.0;0.0
16;30;1;0;0.0;0.6956521739130435;1.0;0.02564102564102564;0.0;0.0;0.0
13;0;0;0;0.2;0.5652173913043478;0.0;0.0;0.0;0.1449275362318841;0.0
7;0;0;0;0.0;0.30434782608695654;0.0;0.0;0.0;0.0;0.0
18;30;0;0;0.0;0.782608695652174;1.0;0.0;0.0;0.0;0.0
19;30;1;0;0.2;0.8260869565217391;1.0;0.02564102564102564;0.0;0.1449275362318841;0.0
18;30;0;0;0.2;0.782608695652174;1.0;0.0;0.0;0.1449275362318841;0.0
13;30;1;0;0.2;0.5652173913043478;1.0;0.02564102564102564;0.0;0.1449275362318841;0.2
10;30;0;0;0.2;0.43478260869565216;1.0;0.0;0.0;0.1449275362318841;0.2
1;0;0;0;0.0;0.043478260869565216;0.0;0.0;0.0;0.0;0.0
13;0;0;0;0.0;0.5652173913043478;0.0;0.0;0.0;0.0;0.2
10;30;2;0;0.2;0.43478260869565216;1.0;0.05128205128205128;0.0;0.1449275362318841;0.0
14;0;0;0;0.0;0.6086956521739131;0.0;0.0;0.0;0.0;0.0
6;30;0;0;0.2;0.2608695652173913;1.0;0.0;0.0;0.1449275362318841;0.2
15;30;0;0;0.2;0.6521739130434783;1.0;0.0;0.0;0.1449275362318841;0.0
3;30;0;0;0.0;0.13043478260869565;1.0;0.0;0.0;0.0;0.0
15;0;0;0;0.0;0.6521739130434783;0.0;0.0;0.0;0.0;0.0
9;0;0;0;0.0;0.391304347826087;0.0;0.0;0.0;0.0;0.0
13;30;1;0;0.0;0.5652173913043478;1.0;0.02564102564102564;0.0;0.0;0.0
3;0;0;0;0.0;0.13043478260869565;0.0;0.0;0.0;0.0;0.0
4;30;0;0;0.0;0.17391304347826086;1.0;0.0;0.0;0.0;0.2
17;0;0;0;0.2;0.7391304347826086;0.0;0.0;0.0;0.1449275362318841;1.38
23;0;8;0;0.0;1.0;0.0;0.20512820512820512;0.0;0.0;0.0
17;0;0;0;0.0;0.7391304347826086;0.0;0.0;0.0;0.0;0.0
4;30;0;0;0.0;0.17391304347826086;1.0;0.0;0.0;0.0;0.0
2;30;0;0;0.0;0.08695652173913043;1.0;0.0;0.0;0.0;0.0
15;30;0;0;0.2;0.6521739130434783;1.0;0.0;0.0;0.1449275362318841;0.2
16;0;0;0;0.0;0.6956521739130435;0.0;0.0;0.0;0.0;0.0
9;0;0;0;0.0;0.391304347826087;0.0;0.0;0.0;0.0;0.2
17;30;0;0;0.4;0.7391304347826086;1.0;0.0;0.0;0.2898550724637682;0.4
22;0;1;0;0.2;0.9565217391304348;0.0;0.02564102564102564;0.0;0.1449275362318841;0.4
21;30;0;0;0.0;0.9130434782608695;1.0;0.0;0.0;0.0;0.2
14;30;1;0;0.0;0.6086956521739131;1.0;0.02564102564102564;0.0;0.0;0.0
10;30;3;0;0.0;0.43478260869565216;1.0;0.07692307692307693;0.0;0.0;0.2
8;0;0;0;0.2;0.34782608695652173;0.0;0.0;0.0;0.1449275362318841;0.2
11;30;1;0;0.0;0.4782608695652174;1.0;0.02564102564102564;0.0;0.0;0.2
13;0;1;0;0.0;0.5652173913043478;0.0;0.02564102564102564;0.0;0.0;0.0
2;30;0;0;0.0;0.08695652173913043;1.0;0.0;0.0;0.0;0.0
22;30;2;0;0.0;0.9565217391304348;1.0;0.05128205128205128;0.0;0.0;0.0
15;30;0;0;0.0;0.6521739130434783;1.0;0.0;0.0;0.0;0.0
7;0;0;0;0.0;0.30434782608695654;0.0;0.0;0.0;0.0;0.2
23;30;0;0;0.2;1.0;1.0;0.0;0.0;0.1449275362318841;0.4
11;30;1;0;0.0;0.4782608695652174;1.0;0.02564102564102564;0.0;0.0;0.0
8;30;2;0;0.0;0.34782608695652173;1.0;0.05128205128205128;0.0;0.0;0.0
23;30;7;0;0.2;1.0;1.0;0.1794871794871795;0.0;0.1449275362318841;0.0
10;0;0;0;0.2;0.43478260869565216;0.0;0.0;0.0;0.1449275362318841;0.0
14;30;1;0;0.0;0.6086956521739131;1.0;0.02564102564102564;0.0;0.0;0.0
11;0;0;0;0.2;0.4782608695652174;0.0;0.0;0.0;0.1449275362318841;0.4
12;30;0;0;0.0;0.5217391304347826;1.0;0.0;0.0;0.0;0.0
4;30;0;0;0.0;0.17391304347826086;1.0;0.0;0.0;0.0;0.0
8;0;0;0;0.0;0.34782608695652173;0.0;0.0;0.0;0.0;0.0
4;30;0;0;0.0;0.17391304347826086;1.0;0.0;0.0;0.0;0.0
17;30;0;0;0.2;0.7391304347826086;1.0;0.0;0.0;0.1449275362318841;0.2
3;0;0;0;0.0;0.13043478260869565;0.0;0.0;0.0;0.0;0.2
22;30;0;0;0.0;0.9565217391304348;1.0;0.0;0.0;0.0;0.0
23;30;0;0;0.0;1.0;1.0;0.0;0.0;0.0;0.0
0;0;6;0;0.2;0.0;0.0;0.15384615384615385;0.0;0.1449275362318841;0.4
6;0;0;0;0.0;0.2608695652173913;0.0;0.0;0.0;0.0;0.0
20;30;1;0;0.0;0.8695652173913043;1.0;0.02564102564102564;0.0;0.0;0.0
2;30;0;0;0.79;0.08695652173913043;1.0;0.0;0.0;0.5724637681159421;0.79
4;30;14;0;0.0;0.17391304347826086;1.0;0.358974358974359;0.0;0.0;0.0
18;0;0;0;0.0;0.782608695652174;0.0;0.0;0.0;0.0;0.0
20;30;0;0;0.4;0.8695652173913043;1.0;0.0;0.0;0.2898550724637682;0.4
20;0;0;0;0.0;0.8695652173913043;0.0;0.0;0.0;0.0;0.2
16;0;0;0;0.2;0.6956521739130435;0.0;0.0;0.0;0.1449275362318841;0.2
6;0;0;0;0.0;0.2608695652173913;0.0;0.0;0.0;0.0;0.0
6;30;1;0;0.0;0.2608695652173913;1.0;0.02564102564102564;0.0;0.0;0.0
7;0;0;0;0.4;0.30434782608695654;0.0;0.0;0.0;0.2898550724637682;0.6
13;0;4;0;0.0;0.5652173913043478;0.0;0.10256410256410256;0.0;0.0;0.0
13;0;0;0;0.0;0.5652173913043478;0.0;0.0;0.0;0.0;0.0
15;0;0;0;0.0;0.6521739130434783;0.0;0.0;0.0;0.0;0.0
7;30;0;0;0.0;0.30434782608695654;1.0;0.0;0.0;0.0;0.2
13;30;0;0;0.0;0.5652173913043478;1.0;0.0;0.0;0.0;0.0
11;30;0;0;0.0;0.4782608695652174;1.0;0.0;0.0;0.0;0.0
12;30;0;0;0.79;0.5217391304347826;1.0;0.0;0.0;0.5724637681159421;0.98
15;30;1;0;0.0;0.6521739130434783;1.0;0.02564102564102564;0.0;0.0;0.0
15;0;0;0;0.0;0.6521739130434783;0.0;0.0;0.0;0.0;0.0
6;30;0;0;0.0;0.2608695652173913;1.0;0.0;0.0;0.0;0.0
6;30;0;0;0.2;0.2608695652173913;1.0;0.0;0.0;0.1449275362318841;0.0
10;30;0;0;0.2;0.43478260869565216;1.0;0.0;0.0;0.1449275362318841;0.2
7;0;2;0;0.0;0.30434782608695654;0.0;0.05128205128205128;0.0;0.0;0.0
9;30;0;0;1.17;0.391304347826087;1.0;0.0;0.0;0.8478260869565217;1.17
6;0;0;0;0.0;0.2608695652173913;0.0;0.0;0.0;0.0;0.0
12;0;0;0;0.0;0.5217391304347826;0.0;0.0;0.0;0.0;0.2
18;0;0;0;0.2;0.782608695652174;0.0;0.0;0.0;0.1449275362318841;0.2
21;30;0;0;0.0;0.9130434782608695;1.0;0.0;0.0;0.0;0.2
10;0;0;0;0.0;0.43478260869565216;0.0;0.0;0.0;0.0;0.0
15;0;2;0;0.0;0.6521739130434783;0.0;0.05128205128205128;0.0;0.0;0.0
0;0;0;0;0.4;0.0;0.0;0.0;0.0;0.2898550724637682;0.4
15;30;0;0;0.0;0.6521739130434783;1.0;0.0;0.0;0.0;0.0
7;30;0;0;0.0;0.30434782608695654;1.0;0.0;0.0;0.0;0.0
16;30;2;0;0.6;0.6956521739130435;1.0;0.05128205128205128;0.0;0.4347826086956522;0.79
17;0;0;0;0.2;0.7391304347826086;0.0;0.0;0.0;0.1449275362318841;0.2
19;0;0;0;0.0;0.8260869565217391;0.0;0.0;0.0;0.0;0.0
2;0;0;0;0.0;0.08695652173913043;0.0;0.0;0.0;0.0;0.0
1;0;5;0;0.0;0.043478260869565216;0.0;0.1282051282051282;0.0;0.0;0.0
3;0;0;0;0.2;0.13043478260869565;0.0;0.0;0.0;0.1449275362318841;0.0
17;0;0;0;0.4;0.7391304347826086;0.0;0.0;0.0;0.2898550724637682;0.2
13;30;1;0;0.2;0.5652173913043478;1.0;0.02564102564102564;0.0;0.1449275362318841;0.0
9;30;0;0;0.0;0.391304347826087;1.0;0.0;0.0;0.0;0.0
22;0;0;0;0.0;0.9565217391304348;0.0;0.0;0.0;0.0;0.0
15;0;7;0;0.0;0.6521739130434783;0.0;0.1794871794871795;0.0;0.0;0.0
8;0;0;0;0.2;0.34782608695652173;0.0;0.0;0.0;0.1449275362318841;0.2
6;30;0;0;0.4;0.2608695652173913;1.0;0.0;0.0;0.2898550724637682;0.2
10;0;0;0;0.2;0.43478260869565216;0.0;0.0;0.0;0.1449275362318841;0.2
0;0;0;0;0.6;0.0;0.0;0.0;0.0;0.4347826086956522;0.4
7;0;0;0;0.0;0.30434782608695654;0.0;0.0;0.0;0.0;0.0
10;0;0;0;0.4;0.43478260869565216;0.0;0.0;0.0;0.2898550724637682;0.2
16;30;1;0;0.2;0.6956521739130435;1.0;0.02564102564102564;0.0;0.1449275362318841;0.0
14;30;0;0;0.0;0.6086956521739131;1.0;0.0;0.0;0.0;0.0
12;30;0;0;0.2;0.5217391304347826;1.0;0.0;0.0;0.1449275362318841;0.0
1;0;2;0;0.0;0.043478260869565216;0.0;0.05128205128205128;0.0;0.0;0.0
18;30;0;0;0.0;0.782608695652174;1.0;0.0;0.0;0.0;0.0
10;0;1;0;0.0;0.43478260869565216;0.0;0.02564102564102564;0.0;0.0;0.0
19;0;0;0;0.0;0.8260869565217391;0.0;0.0;0.0;0.0;0.0
