tweets;related;rainfall (mm/30min);Normalized tweets;Normalized related;Normalized rainfall (mm/30min);Next batch rainfall (mm/30min)
1;0;0.0;0.05555555555555555;0.0;0.0;0.0
1;0;0.0;0.05555555555555555;0.0;0.0;0.0
1;0;0.0;0.05555555555555555;0.0;0.0;0.0
0;0;0.0;0.0;0.0;0.0;0.0
0;0;0.0;0.0;0.0;0.0;0.0
8;0;0.0;0.4444444444444444;0.0;0.0;0.0
0;0;0.0;0.0;0.0;0.0;0.0
0;0;0.0;0.0;0.0;0.0;0.0
1;0;0.0;0.05555555555555555;0.0;0.0;0.0
0;0;0.0;0.0;0.0;0.0;0.0
1;0;0.0;0.05555555555555555;0.0;0.0;0.0
0;0;0.0;0.0;0.0;0.0;0.0
0;0;0.0;0.0;0.0;0.0;0.0
0;0;0.0;0.0;0.0;0.0;0.0
0;0;0.0;0.0;0.0;0.0;0.0
0;0;0.0;0.0;0.0;0.0;0.0
0;0;0.0;0.0;0.0;0.0;0.0
0;0;0.0;0.0;0.0;0.0;0.0
1;0;0.0;0.05555555555555555;0.0;0.0;0.0
1;0;0.0;0.05555555555555555;0.0;0.0;0.0
0;0;0.0;0.0;0.0;0.0;0.0
2;0;0.0;0.1111111111111111;0.0;0.0;0.0
4;0;0.0;0.2222222222222222;0.0;0.0;0.0
1;0;0.0;0.05555555555555555;0.0;0.0;0.0
0;0;0.0;0.0;0.0;0.0;0.0
1;0;0.0;0.05555555555555555;0.0;0.0;0.0
0;0;0.0;0.0;0.0;0.0;0.0
0;0;0.0;0.0;0.0;0.0;0.0
0;0;0.0;0.0;0.0;0.0;0.0
4;0;0.0;0.2222222222222222;0.0;0.0;0.0
0;0;0.0;0.0;0.0;0.0;0.0
1;0;0.0;0.05555555555555555;0.0;0.0;0.0
2;0;0.0;0.1111111111111111;0.0;0.0;0.0
2;0;0.0;0.1111111111111111;0.0;0.0;0.0
0;0;0.0;0.0;0.0;0.0;0.0
0;0;0.0;0.0;0.0;0.0;0.0
1;0;0.0;0.05555555555555555;0.0;0.0;0.0
7;0;0.0;0.3888888888888889;0.0;0.0;0.0
3;0;0.0;0.16666666666666666;0.0;0.0;0.0
2;0;0.0;0.1111111111111111;0.0;0.0;0.0
0;0;0.0;0.0;0.0;0.0;0.0
2;0;0.0;0.1111111111111111;0.0;0.0;0.0
0;0;0.0;0.0;0.0;0.0;0.0
0;0;0.0;0.0;0.0;0.0;0.0
3;0;0.0;0.16666666666666666;0.0;0.0;0.0
0;0;0.0;0.0;0.0;0.0;0.0
0;0;0.0;0.0;0.0;0.0;0.0
3;0;0.0;0.16666666666666666;0.0;0.0;0.0
0;0;0.0;0.0;0.0;0.0;0.0
0;0;0.0;0.0;0.0;0.0;0.0
0;0;0.0;0.0;0.0;0.0;0.0
0;0;0.0;0.0;0.0;0.0;0.0
0;0;0.0;0.0;0.0;0.0;0.0
1;0;0.0;0.05555555555555555;0.0;0.0;0.0
0;0;0.0;0.0;0.0;0.0;0.0
1;0;0.0;0.05555555555555555;0.0;0.0;0.0
0;0;0.0;0.0;0.0;0.0;0.0
2;0;0.0;0.1111111111111111;0.0;0.0;0.0
1;0;0.0;0.05555555555555555;0.0;0.0;0.0
0;0;0.0;0.0;0.0;0.0;0.0
0;0;0.0;0.0;0.0;0.0;0.2
0;0;0.0;0.0;0.0;0.0;0.0
1;0;0.0;0.05555555555555555;0.0;0.0;0.0
0;0;0.2;0.0;0.0;0.16949152542372883;0.0
0;0;0.0;0.0;0.0;0.0;0.0
0;0;0.0;0.0;0.0;0.0;0.0
0;0;0.0;0.0;0.0;0.0;0.0
1;0;0.0;0.05555555555555555;0.0;0.0;0.0
7;0;0.0;0.3888888888888889;0.0;0.0;0.0
0;0;0.0;0.0;0.0;0.0;0.0
1;0;0.0;0.05555555555555555;0.0;0.0;0.0
0;0;0.0;0.0;0.0;0.0;0.0
16;0;0.0;0.8888888888888888;0.0;0.0;0.0
0;0;0.0;0.0;0.0;0.0;0.0
0;0;0.0;0.0;0.0;0.0;0.0
0;0;0.0;0.0;0.0;0.0;0.0
0;0;0.0;0.0;0.0;0.0;0.0
0;0;0.0;0.0;0.0;0.0;0.0
0;0;0.0;0.0;0.0;0.0;0.0
0;0;0.0;0.0;0.0;0.0;0.0
0;0;0.0;0.0;0.0;0.0;0.0
2;0;0.0;0.1111111111111111;0.0;0.0;0.0
1;0;0.0;0.05555555555555555;0.0;0.0;0.0
1;0;0.0;0.05555555555555555;0.0;0.0;0.0
1;0;0.0;0.05555555555555555;0.0;0.0;0.0
7;0;0.0;0.3888888888888889;0.0;0.0;0.0
0;0;0.0;0.0;0.0;0.0;0.98
2;0;0.0;0.1111111111111111;0.0;0.0;0.0
0;0;0.0;0.0;0.0;0.0;0.0
0;0;0.0;0.0;0.0;0.0;0.0
2;0;0.0;0.1111111111111111;0.0;0.0;0.0
1;0;0.0;0.05555555555555555;0.0;0.0;0.0
1;0;0.0;0.05555555555555555;0.0;0.0;0.0
2;0;0.0;0.1111111111111111;0.0;0.0;0.0
1;0;0.0;0.05555555555555555;0.0;0.0;0.0
0;0;0.0;0.0;0.0;0.0;0.0
0;0;0.0;0.0;0.0;0.0;0.0
0;0;0.0;0.0;0.0;0.0;0.0
8;0;0.0;0.4444444444444444;0.0;0.0;0.0
2;0;0.0;0.1111111111111111;0.0;0.0;0.0
1;0;0.0;0.05555555555555555;0.0;0.0;0.0
0;0;0.0;0.0;0.0;0.0;0.0
1;0;0.0;0.05555555555555555;0.0;0.0;0.0
0;0;0.0;0.0;0.0;0.0;0.0
0;0;0.0;0.0;0.0;0.0;0.0
1;0;0.0;0.05555555555555555;0.0;0.0;0.0
0;0;0.0;0.0;0.0;0.0;0.0
0;0;0.0;0.0;0.0;0.0;0.0
0;0;0.0;0.0;0.0;0.0;0.0
0;0;0.0;0.0;0.0;0.0;0.0
1;0;0.0;0.05555555555555555;0.0;0.0;0.0
0;0;0.0;0.0;0.0;0.0;0.0
0;0;0.0;0.0;0.0;0.0;0.0
2;0;0.0;0.1111111111111111;0.0;0.0;0.0
0;0;0.0;0.0;0.0;0.0;0.0
0;0;0.0;0.0;0.0;0.0;0.0
0;0;0.0;0.0;0.0;0.0;0.0
0;0;0.0;0.0;0.0;0.0;0.0
0;0;0.0;0.0;0.0;0.0;0.0
2;0;0.0;0.1111111111111111;0.0;0.0;0.0
0;0;0.0;0.0;0.0;0.0;0.0
0;0;0.0;0.0;0.0;0.0;0.0
1;0;0.0;0.05555555555555555;0.0;0.0;0.0
0;0;0.0;0.0;0.0;0.0;0.0
0;0;0.0;0.0;0.0;0.0;0.0
0;0;0.0;0.0;0.0;0.0;0.0
0;0;0.0;0.0;0.0;0.0;0.0
0;0;0.0;0.0;0.0;0.0;0.0
0;0;0.0;0.0;0.0;0.0;0.0
0;0;0.0;0.0;0.0;0.0;0.0
1;0;0.0;0.05555555555555555;0.0;0.0;0.0
1;0;0.0;0.05555555555555555;0.0;0.0;0.0
4;0;0.0;0.2222222222222222;0.0;0.0;0.0
1;0;0.0;0.05555555555555555;0.0;0.0;0.0
9;0;0.0;0.5;0.0;0.0;0.0
0;0;0.0;0.0;0.0;0.0;0.0
0;0;0.0;0.0;0.0;0.0;0.0
0;0;0.0;0.0;0.0;0.0;0.0
5;0;0.0;0.2777777777777778;0.0;0.0;0.0
1;0;0.2;0.05555555555555555;0.0;0.16949152542372883;0.0
0;0;0.0;0.0;0.0;0.0;0.0
0;0;0.0;0.0;0.0;0.0;0.0
2;0;0.0;0.1111111111111111;0.0;0.0;0.0
0;0;0.0;0.0;0.0;0.0;0.0
0;0;0.0;0.0;0.0;0.0;0.0
0;0;0.0;0.0;0.0;0.0;0.0
0;0;0.0;0.0;0.0;0.0;0.0
0;0;0.0;0.0;0.0;0.0;0.0
0;0;0.0;0.0;0.0;0.0;0.0
0;0;0.0;0.0;0.0;0.0;0.0
1;0;0.0;0.05555555555555555;0.0;0.0;0.0
1;0;0.0;0.05555555555555555;0.0;0.0;0.0
0;0;0.0;0.0;0.0;0.0;0.0
1;0;0.0;0.05555555555555555;0.0;0.0;0.0
2;0;0.0;0.1111111111111111;0.0;0.0;0.0
1;0;0.0;0.05555555555555555;0.0;0.0;0.0
0;0;0.0;0.0;0.0;0.0;0.0
0;0;0.0;0.0;0.0;0.0;0.0
0;0;0.0;0.0;0.0;0.0;0.0
0;0;0.0;0.0;0.0;0.0;0.0
0;0;0.0;0.0;0.0;0.0;0.0
0;0;0.0;0.0;0.0;0.0;0.0
0;0;0.0;0.0;0.0;0.0;0.0
0;0;0.0;0.0;0.0;0.0;0.0
0;0;0.0;0.0;0.0;0.0;0.0
2;0;0.0;0.1111111111111111;0.0;0.0;0.0
0;0;0.0;0.0;0.0;0.0;0.0
0;0;0.0;0.0;0.0;0.0;0.0
1;0;0.0;0.05555555555555555;0.0;0.0;0.0
10;0;0.0;0.5555555555555556;0.0;0.0;0.0
0;0;0.0;0.0;0.0;0.0;0.0
0;0;0.0;0.0;0.0;0.0;0.0
1;0;0.0;0.05555555555555555;0.0;0.0;0.0
0;0;0.0;0.0;0.0;0.0;0.0
0;0;0.0;0.0;0.0;0.0;0.0
0;0;0.0;0.0;0.0;0.0;0.0
0;0;0.0;0.0;0.0;0.0;0.0
0;0;0.0;0.0;0.0;0.0;0.0
0;0;0.0;0.0;0.0;0.0;0.0
1;0;0.0;0.05555555555555555;0.0;0.0;0.0
4;0;0.0;0.2222222222222222;0.0;0.0;0.0
0;0;0.0;0.0;0.0;0.0;0.0
10;0;0.0;0.5555555555555556;0.0;0.0;0.0
4;0;0.0;0.2222222222222222;0.0;0.0;0.0
0;0;0.0;0.0;0.0;0.0;0.0
0;0;0.0;0.0;0.0;0.0;0.0
0;0;0.0;0.0;0.0;0.0;0.0
0;0;0.0;0.0;0.0;0.0;0.0
1;0;0.0;0.05555555555555555;0.0;0.0;0.0
2;0;0.0;0.1111111111111111;0.0;0.0;0.0
0;0;0.2;0.0;0.0;0.16949152542372883;0.0
0;0;0.0;0.0;0.0;0.0;0.0
3;0;0.0;0.16666666666666666;0.0;0.0;0.0
0;0;0.0;0.0;0.0;0.0;0.0
0;0;0.0;0.0;0.0;0.0;0.0
0;0;0.0;0.0;0.0;0.0;0.0
3;0;0.0;0.16666666666666666;0.0;0.0;0.0
0;0;0.0;0.0;0.0;0.0;0.0
0;0;0.0;0.0;0.0;0.0;0.0
0;0;0.0;0.0;0.0;0.0;0.0
1;0;0.0;0.05555555555555555;0.0;0.0;0.0
0;0;0.0;0.0;0.0;0.0;0.0
7;0;0.0;0.3888888888888889;0.0;0.0;0.0
1;0;0.0;0.05555555555555555;0.0;0.0;0.0
0;0;0.0;0.0;0.0;0.0;0.0
0;0;0.0;0.0;0.0;0.0;0.0
1;0;0.0;0.05555555555555555;0.0;0.0;0.0
0;0;0.0;0.0;0.0;0.0;0.0
0;0;0.0;0.0;0.0;0.0;0.0
1;0;0.0;0.05555555555555555;0.0;0.0;0.0
0;0;0.0;0.0;0.0;0.0;0.0
6;0;0.0;0.3333333333333333;0.0;0.0;0.0
1;0;0.0;0.05555555555555555;0.0;0.0;0.0
0;0;0.0;0.0;0.0;0.0;0.0
0;0;0.0;0.0;0.0;0.0;0.0
8;0;0.0;0.4444444444444444;0.0;0.0;0.0
0;0;0.0;0.0;0.0;0.0;0.0
5;0;0.0;0.2777777777777778;0.0;0.0;0.0
1;0;0.0;0.05555555555555555;0.0;0.0;0.2
0;0;0.0;0.0;0.0;0.0;0.0
2;0;0.0;0.1111111111111111;0.0;0.0;0.0
1;0;0.0;0.05555555555555555;0.0;0.0;0.0
0;0;0.0;0.0;0.0;0.0;0.0
0;0;0.0;0.0;0.0;0.0;0.0
2;0;0.0;0.1111111111111111;0.0;0.0;0.0
3;0;0.0;0.16666666666666666;0.0;0.0;0.0
0;0;0.0;0.0;0.0;0.0;0.0
1;0;0.0;0.05555555555555555;0.0;0.0;0.0
0;0;0.0;0.0;0.0;0.0;0.0
0;0;0.0;0.0;0.0;0.0;0.0
0;0;0.0;0.0;0.0;0.0;0.0
0;0;0.0;0.0;0.0;0.0;0.0
0;0;0.0;0.0;0.0;0.0;0.0
0;0;1.18;0.0;0.0;1.0;0.0
1;0;0.0;0.05555555555555555;0.0;0.0;0.0
2;0;0.0;0.1111111111111111;0.0;0.0;0.0
1;0;0.0;0.05555555555555555;0.0;0.0;0.0
0;0;0.0;0.0;0.0;0.0;0.0
0;0;0.0;0.0;0.0;0.0;0.0
0;0;0.0;0.0;0.0;0.0;0.0
0;0;0.0;0.0;0.0;0.0;0.0
0;0;0.0;0.0;0.0;0.0;0.0
0;0;0.0;0.0;0.0;0.0;0.0
1;0;0.0;0.05555555555555555;0.0;0.0;0.0
0;0;0.0;0.0;0.0;0.0;0.0
2;0;0.0;0.1111111111111111;0.0;0.0;0.0
0;0;0.0;0.0;0.0;0.0;0.0
1;0;0.0;0.05555555555555555;0.0;0.0;0.0
0;0;0.0;0.0;0.0;0.0;0.0
1;0;0.0;0.05555555555555555;0.0;0.0;0.0
0;0;0.0;0.0;0.0;0.0;0.0
0;0;0.0;0.0;0.0;0.0;0.0
5;1;0.0;0.2777777777777778;0.5;0.0;0.0
0;0;0.0;0.0;0.0;0.0;0.0
0;0;0.0;0.0;0.0;0.0;0.0
0;0;0.0;0.0;0.0;0.0;0.0
0;0;0.0;0.0;0.0;0.0;0.0
4;0;0.0;0.2222222222222222;0.0;0.0;0.0
0;0;0.0;0.0;0.0;0.0;0.0
2;0;0.0;0.1111111111111111;0.0;0.0;0.0
1;0;0.0;0.05555555555555555;0.0;0.0;0.0
0;0;0.0;0.0;0.0;0.0;0.0
0;0;0.0;0.0;0.0;0.0;0.0
0;0;0.0;0.0;0.0;0.0;0.0
0;0;0.0;0.0;0.0;0.0;0.0
0;0;0.0;0.0;0.0;0.0;0.0
0;0;0.0;0.0;0.0;0.0;0.0
4;0;0.0;0.2222222222222222;0.0;0.0;0.0
0;0;0.0;0.0;0.0;0.0;0.0
1;0;0.0;0.05555555555555555;0.0;0.0;0.0
1;0;0.0;0.05555555555555555;0.0;0.0;0.0
0;0;0.0;0.0;0.0;0.0;0.0
0;0;0.0;0.0;0.0;0.0;0.0
0;0;0.0;0.0;0.0;0.0;0.0
0;0;0.0;0.0;0.0;0.0;0.2
0;0;0.0;0.0;0.0;0.0;0.0
1;0;0.0;0.05555555555555555;0.0;0.0;0.0
4;0;0.0;0.2222222222222222;0.0;0.0;0.0
0;0;0.0;0.0;0.0;0.0;0.0
0;0;0.0;0.0;0.0;0.0;0.0
1;0;0.0;0.05555555555555555;0.0;0.0;0.0
0;0;0.0;0.0;0.0;0.0;0.0
0;0;0.0;0.0;0.0;0.0;0.0
1;0;0.0;0.05555555555555555;0.0;0.0;0.0
0;0;0.0;0.0;0.0;0.0;0.0
0;0;0.0;0.0;0.0;0.0;0.0
0;0;0.0;0.0;0.0;0.0;0.0
0;0;0.0;0.0;0.0;0.0;0.0
6;0;0.0;0.3333333333333333;0.0;0.0;0.0
0;0;0.0;0.0;0.0;0.0;0.0
0;0;0.0;0.0;0.0;0.0;0.0
0;0;0.0;0.0;0.0;0.0;0.0
2;0;0.0;0.1111111111111111;0.0;0.0;0.0
0;0;0.0;0.0;0.0;0.0;0.0
2;0;0.2;0.1111111111111111;0.0;0.16949152542372883;0.0
0;0;0.0;0.0;0.0;0.0;0.0
0;0;0.0;0.0;0.0;0.0;0.0
0;0;0.0;0.0;0.0;0.0;0.0
1;0;0.0;0.05555555555555555;0.0;0.0;0.0
0;0;0.0;0.0;0.0;0.0;0.0
2;0;0.0;0.1111111111111111;0.0;0.0;0.0
1;0;0.0;0.05555555555555555;0.0;0.0;0.0
0;0;0.0;0.0;0.0;0.0;0.0
0;0;0.0;0.0;0.0;0.0;0.0
0;0;0.0;0.0;0.0;0.0;0.0
1;0;0.0;0.05555555555555555;0.0;0.0;0.0
0;0;0.0;0.0;0.0;0.0;0.0
0;0;0.0;0.0;0.0;0.0;0.0
1;0;0.0;0.05555555555555555;0.0;0.0;0.0
0;0;0.0;0.0;0.0;0.0;0.0
7;0;0.0;0.3888888888888889;0.0;0.0;0.0
0;0;0.0;0.0;0.0;0.0;0.0
0;0;0.0;0.0;0.0;0.0;0.0
0;0;0.0;0.0;0.0;0.0;0.0
3;0;0.0;0.16666666666666666;0.0;0.0;0.0
0;0;0.0;0.0;0.0;0.0;0.0
0;0;0.0;0.0;0.0;0.0;0.0
1;0;0.0;0.05555555555555555;0.0;0.0;0.0
0;0;0.0;0.0;0.0;0.0;0.0
0;0;0.0;0.0;0.0;0.0;0.0
0;0;0.0;0.0;0.0;0.0;0.0
0;0;0.0;0.0;0.0;0.0;0.0
1;0;0.0;0.05555555555555555;0.0;0.0;0.0
0;0;0.0;0.0;0.0;0.0;0.0
0;0;0.0;0.0;0.0;0.0;0.0
2;0;0.0;0.1111111111111111;0.0;0.0;0.0
0;0;0.0;0.0;0.0;0.0;0.0
0;0;0.0;0.0;0.0;0.0;0.0
2;0;0.0;0.1111111111111111;0.0;0.0;0.0
1;0;0.0;0.05555555555555555;0.0;0.0;0.0
0;0;0.0;0.0;0.0;0.0;0.0
0;0;0.0;0.0;0.0;0.0;0.0
2;0;0.0;0.1111111111111111;0.0;0.0;0.0
0;0;0.0;0.0;0.0;0.0;0.0
0;0;0.0;0.0;0.0;0.0;0.0
0;0;0.0;0.0;0.0;0.0;0.0
2;0;0.0;0.1111111111111111;0.0;0.0;0.0
0;0;0.0;0.0;0.0;0.0;0.0
0;0;0.0;0.0;0.0;0.0;0.0
0;0;0.0;0.0;0.0;0.0;0.0
0;0;0.0;0.0;0.0;0.0;0.0
1;0;0.0;0.05555555555555555;0.0;0.0;0.0
0;0;0.0;0.0;0.0;0.0;0.0
1;0;0.0;0.05555555555555555;0.0;0.0;0.0
0;0;0.0;0.0;0.0;0.0;0.0
0;0;0.0;0.0;0.0;0.0;0.0
0;0;0.0;0.0;0.0;0.0;0.0
7;0;0.0;0.3888888888888889;0.0;0.0;0.0
2;0;0.0;0.1111111111111111;0.0;0.0;0.0
2;0;0.0;0.1111111111111111;0.0;0.0;0.0
0;0;0.0;0.0;0.0;0.0;0.0
2;0;0.0;0.1111111111111111;0.0;0.0;0.0
0;0;0.0;0.0;0.0;0.0;0.0
5;0;0.0;0.2777777777777778;0.0;0.0;0.0
1;0;0.0;0.05555555555555555;0.0;0.0;0.0
1;0;0.0;0.05555555555555555;0.0;0.0;0.0
0;0;0.0;0.0;0.0;0.0;0.0
0;0;0.0;0.0;0.0;0.0;0.0
4;0;0.0;0.2222222222222222;0.0;0.0;0.0
0;0;0.0;0.0;0.0;0.0;0.0
0;0;0.0;0.0;0.0;0.0;0.0
0;0;0.0;0.0;0.0;0.0;0.0
0;0;0.0;0.0;0.0;0.0;0.0
2;0;0.0;0.1111111111111111;0.0;0.0;0.0
0;0;0.0;0.0;0.0;0.0;0.0
0;0;0.2;0.0;0.0;0.16949152542372883;0.0
0;0;0.0;0.0;0.0;0.0;0.0
0;0;0.0;0.0;0.0;0.0;0.0
3;0;0.0;0.16666666666666666;0.0;0.0;0.0
1;0;0.0;0.05555555555555555;0.0;0.0;0.0
1;0;0.0;0.05555555555555555;0.0;0.0;0.0
0;0;0.0;0.0;0.0;0.0;0.0
0;0;0.0;0.0;0.0;0.0;0.0
0;0;0.0;0.0;0.0;0.0;0.0
5;0;0.0;0.2777777777777778;0.0;0.0;0.0
0;0;0.0;0.0;0.0;0.0;0.0
0;0;0.0;0.0;0.0;0.0;0.0
0;0;0.0;0.0;0.0;0.0;0.0
0;0;0.0;0.0;0.0;0.0;0.0
0;0;0.0;0.0;0.0;0.0;0.0
0;0;0.0;0.0;0.0;0.0;0.0
0;0;0.0;0.0;0.0;0.0;0.0
0;0;0.0;0.0;0.0;0.0;0.0
0;0;0.0;0.0;0.0;0.0;0.0
2;0;0.0;0.1111111111111111;0.0;0.0;0.0
5;0;0.0;0.2777777777777778;0.0;0.0;0.0
1;0;0.0;0.05555555555555555;0.0;0.0;0.0
0;0;0.0;0.0;0.0;0.0;0.0
0;0;0.0;0.0;0.0;0.0;0.0
0;0;0.0;0.0;0.0;0.0;0.0
0;0;0.0;0.0;0.0;0.0;0.0
1;0;0.0;0.05555555555555555;0.0;0.0;0.0
0;0;0.0;0.0;0.0;0.0;0.0
0;0;0.0;0.0;0.0;0.0;0.0
0;0;0.0;0.0;0.0;0.0;0.0
2;0;0.0;0.1111111111111111;0.0;0.0;0.0
0;0;0.0;0.0;0.0;0.0;0.0
0;0;0.0;0.0;0.0;0.0;0.0
0;0;0.0;0.0;0.0;0.0;0.0
2;0;0.0;0.1111111111111111;0.0;0.0;0.0
0;0;0.0;0.0;0.0;0.0;0.0
0;0;0.0;0.0;0.0;0.0;0.0
0;0;0.0;0.0;0.0;0.0;0.0
1;0;0.0;0.05555555555555555;0.0;0.0;0.0
2;0;0.0;0.1111111111111111;0.0;0.0;0.0
0;0;0.0;0.0;0.0;0.0;0.0
1;0;0.0;0.05555555555555555;0.0;0.0;0.0
0;0;0.0;0.0;0.0;0.0;0.0
6;0;0.0;0.3333333333333333;0.0;0.0;0.0
0;0;0.0;0.0;0.0;0.0;0.0
0;0;0.0;0.0;0.0;0.0;0.0
0;0;0.0;0.0;0.0;0.0;0.0
4;0;0.0;0.2222222222222222;0.0;0.0;0.0
0;0;0.0;0.0;0.0;0.0;0.0
1;0;0.0;0.05555555555555555;0.0;0.0;0.0
2;0;0.0;0.1111111111111111;0.0;0.0;0.0
0;0;0.0;0.0;0.0;0.0;0.0
0;0;0.0;0.0;0.0;0.0;0.0
0;0;0.0;0.0;0.0;0.0;0.0
0;0;0.0;0.0;0.0;0.0;0.0
1;0;0.0;0.05555555555555555;0.0;0.0;0.0
0;0;0.0;0.0;0.0;0.0;0.0
1;0;0.0;0.05555555555555555;0.0;0.0;0.0
0;0;0.0;0.0;0.0;0.0;0.0
0;0;0.0;0.0;0.0;0.0;0.0
0;0;0.0;0.0;0.0;0.0;0.0
0;0;0.0;0.0;0.0;0.0;0.0
0;0;0.0;0.0;0.0;0.0;0.4
0;0;0.0;0.0;0.0;0.0;0.0
0;0;0.0;0.0;0.0;0.0;0.0
0;0;0.0;0.0;0.0;0.0;0.0
10;0;0.0;0.5555555555555556;0.0;0.0;0.0
0;0;0.0;0.0;0.0;0.0;0.0
0;0;0.0;0.0;0.0;0.0;0.0
0;0;0.0;0.0;0.0;0.0;0.0
0;0;0.0;0.0;0.0;0.0;0.0
0;0;0.0;0.0;0.0;0.0;0.0
0;0;0.0;0.0;0.0;0.0;0.0
0;0;0.0;0.0;0.0;0.0;0.0
0;0;0.0;0.0;0.0;0.0;0.0
0;0;0.0;0.0;0.0;0.0;0.0
3;0;0.0;0.16666666666666666;0.0;0.0;0.0
1;0;0.0;0.05555555555555555;0.0;0.0;0.0
0;0;0.0;0.0;0.0;0.0;0.0
0;0;0.0;0.0;0.0;0.0;0.0
0;0;0.0;0.0;0.0;0.0;0.0
0;0;0.0;0.0;0.0;0.0;0.0
0;0;0.0;0.0;0.0;0.0;0.0
0;0;0.0;0.0;0.0;0.0;0.0
2;0;0.0;0.1111111111111111;0.0;0.0;0.0
0;0;0.0;0.0;0.0;0.0;0.0
0;0;0.0;0.0;0.0;0.0;0.0
0;0;0.0;0.0;0.0;0.0;0.0
0;0;0.0;0.0;0.0;0.0;0.0
0;0;0.0;0.0;0.0;0.0;0.0
0;0;0.0;0.0;0.0;0.0;0.0
0;0;0.0;0.0;0.0;0.0;0.0
0;0;0.0;0.0;0.0;0.0;0.0
1;0;0.0;0.05555555555555555;0.0;0.0;0.0
0;0;0.0;0.0;0.0;0.0;0.0
0;0;0.0;0.0;0.0;0.0;0.0
0;0;0.0;0.0;0.0;0.0;0.0
0;0;0.0;0.0;0.0;0.0;0.0
0;0;0.0;0.0;0.0;0.0;0.0
3;0;0.0;0.16666666666666666;0.0;0.0;0.0
0;0;0.0;0.0;0.0;0.0;0.0
1;0;0.0;0.05555555555555555;0.0;0.0;0.0
0;0;0.0;0.0;0.0;0.0;0.0
0;0;0.0;0.0;0.0;0.0;0.0
0;0;0.0;0.0;0.0;0.0;0.0
1;0;0.0;0.05555555555555555;0.0;0.0;0.0
2;0;0.0;0.1111111111111111;0.0;0.0;0.0
0;0;0.0;0.0;0.0;0.0;0.0
0;0;0.0;0.0;0.0;0.0;0.0
0;0;0.0;0.0;0.0;0.0;0.0
0;0;0.0;0.0;0.0;0.0;0.0
0;0;0.0;0.0;0.0;0.0;0.0
0;0;0.0;0.0;0.0;0.0;0.0
0;0;0.0;0.0;0.0;0.0;0.0
1;0;0.0;0.05555555555555555;0.0;0.0;0.0
0;0;0.0;0.0;0.0;0.0;0.0
0;0;0.0;0.0;0.0;0.0;0.0
2;0;0.0;0.1111111111111111;0.0;0.0;0.0
2;0;0.0;0.1111111111111111;0.0;0.0;0.0
2;0;0.0;0.1111111111111111;0.0;0.0;0.0
0;0;0.0;0.0;0.0;0.0;0.0
1;0;0.0;0.05555555555555555;0.0;0.0;0.0
0;0;0.0;0.0;0.0;0.0;0.0
0;0;0.0;0.0;0.0;0.0;0.0
0;0;0.0;0.0;0.0;0.0;0.0
0;0;0.0;0.0;0.0;0.0;0.0
0;0;0.0;0.0;0.0;0.0;0.0
0;0;0.0;0.0;0.0;0.0;0.0
0;0;0.0;0.0;0.0;0.0;0.0
3;0;0.0;0.16666666666666666;0.0;0.0;0.0
0;0;0.0;0.0;0.0;0.0;0.0
0;0;0.0;0.0;0.0;0.0;0.0
7;0;0.0;0.3888888888888889;0.0;0.0;0.0
1;0;0.0;0.05555555555555555;0.0;0.0;0.0
2;0;0.0;0.1111111111111111;0.0;0.0;0.0
0;0;0.0;0.0;0.0;0.0;0.0
0;0;0.0;0.0;0.0;0.0;0.0
0;0;0.0;0.0;0.0;0.0;0.0
0;0;0.0;0.0;0.0;0.0;0.0
1;0;0.0;0.05555555555555555;0.0;0.0;0.0
0;0;0.0;0.0;0.0;0.0;0.0
0;0;0.0;0.0;0.0;0.0;0.0
0;0;0.0;0.0;0.0;0.0;0.0
0;0;0.0;0.0;0.0;0.0;0.0
0;0;0.0;0.0;0.0;0.0;0.0
0;0;0.0;0.0;0.0;0.0;0.0
0;0;0.0;0.0;0.0;0.0;0.0
6;0;0.0;0.3333333333333333;0.0;0.0;0.0
0;0;0.0;0.0;0.0;0.0;0.0
0;0;0.0;0.0;0.0;0.0;0.0
0;0;0.0;0.0;0.0;0.0;0.0
0;0;0.0;0.0;0.0;0.0;0.0
0;0;0.0;0.0;0.0;0.0;0.0
1;0;0.0;0.05555555555555555;0.0;0.0;0.0
0;0;0.0;0.0;0.0;0.0;0.0
0;0;0.0;0.0;0.0;0.0;0.0
0;0;0.0;0.0;0.0;0.0;0.0
0;0;0.0;0.0;0.0;0.0;0.0
0;0;0.0;0.0;0.0;0.0;0.0
0;0;0.0;0.0;0.0;0.0;0.0
2;0;0.0;0.1111111111111111;0.0;0.0;0.0
5;0;0.0;0.2777777777777778;0.0;0.0;0.0
1;0;0.0;0.05555555555555555;0.0;0.0;0.0
0;0;0.0;0.0;0.0;0.0;0.0
0;0;0.0;0.0;0.0;0.0;0.0
0;0;0.0;0.0;0.0;0.0;0.0
0;0;0.0;0.0;0.0;0.0;0.0
0;0;0.0;0.0;0.0;0.0;0.0
3;0;0.0;0.16666666666666666;0.0;0.0;0.0
2;0;0.0;0.1111111111111111;0.0;0.0;0.0
1;0;0.0;0.05555555555555555;0.0;0.0;0.0
4;0;0.0;0.2222222222222222;0.0;0.0;0.0
0;0;0.0;0.0;0.0;0.0;0.0
3;0;0.0;0.16666666666666666;0.0;0.0;0.0
0;0;0.0;0.0;0.0;0.0;0.0
0;0;0.0;0.0;0.0;0.0;0.0
0;0;0.0;0.0;0.0;0.0;0.0
0;0;0.0;0.0;0.0;0.0;0.0
0;0;0.0;0.0;0.0;0.0;0.0
4;0;0.0;0.2222222222222222;0.0;0.0;0.0
3;0;0.0;0.16666666666666666;0.0;0.0;0.0
0;0;0.0;0.0;0.0;0.0;0.0
1;0;0.0;0.05555555555555555;0.0;0.0;0.0
0;0;0.0;0.0;0.0;0.0;0.0
2;0;0.0;0.1111111111111111;0.0;0.0;0.0
0;0;0.0;0.0;0.0;0.0;0.0
0;0;0.0;0.0;0.0;0.0;0.0
0;0;0.0;0.0;0.0;0.0;0.0
0;0;0.0;0.0;0.0;0.0;0.0
5;0;0.0;0.2777777777777778;0.0;0.0;0.0
5;0;0.0;0.2777777777777778;0.0;0.0;0.0
0;0;0.0;0.0;0.0;0.0;0.0
1;0;0.0;0.05555555555555555;0.0;0.0;0.0
0;0;0.0;0.0;0.0;0.0;0.0
0;0;0.0;0.0;0.0;0.0;0.0
0;0;0.0;0.0;0.0;0.0;0.0
0;0;0.0;0.0;0.0;0.0;0.0
3;0;0.0;0.16666666666666666;0.0;0.0;0.0
0;0;0.0;0.0;0.0;0.0;0.0
2;0;0.0;0.1111111111111111;0.0;0.0;0.0
0;0;0.0;0.0;0.0;0.0;0.0
6;0;0.0;0.3333333333333333;0.0;0.0;0.0
6;0;0.0;0.3333333333333333;0.0;0.0;0.0
1;0;0.0;0.05555555555555555;0.0;0.0;0.0
1;0;0.0;0.05555555555555555;0.0;0.0;0.0
0;0;0.0;0.0;0.0;0.0;0.0
0;0;0.0;0.0;0.0;0.0;0.0
0;0;0.0;0.0;0.0;0.0;0.0
0;0;0.2;0.0;0.0;0.16949152542372883;0.0
1;0;0.0;0.05555555555555555;0.0;0.0;0.0
0;0;0.0;0.0;0.0;0.0;0.0
0;0;0.0;0.0;0.0;0.0;0.0
0;0;0.0;0.0;0.0;0.0;0.0
0;0;0.0;0.0;0.0;0.0;0.0
0;0;0.0;0.0;0.0;0.0;0.0
0;0;0.0;0.0;0.0;0.0;0.0
0;0;0.0;0.0;0.0;0.0;0.0
0;0;0.0;0.0;0.0;0.0;0.0
0;0;0.0;0.0;0.0;0.0;0.0
0;0;0.0;0.0;0.0;0.0;0.0
0;0;0.0;0.0;0.0;0.0;0.0
2;0;0.0;0.1111111111111111;0.0;0.0;0.0
0;0;0.0;0.0;0.0;0.0;0.0
1;0;0.0;0.05555555555555555;0.0;0.0;0.0
1;1;0.0;0.05555555555555555;0.5;0.0;0.0
1;0;0.0;0.05555555555555555;0.0;0.0;0.0
0;0;0.0;0.0;0.0;0.0;0.0
0;0;0.0;0.0;0.0;0.0;0.0
0;0;0.0;0.0;0.0;0.0;0.0
7;0;0.0;0.3888888888888889;0.0;0.0;0.0
1;0;0.0;0.05555555555555555;0.0;0.0;0.0
0;0;0.0;0.0;0.0;0.0;0.0
0;0;0.0;0.0;0.0;0.0;0.0
0;0;0.0;0.0;0.0;0.0;0.0
3;0;0.0;0.16666666666666666;0.0;0.0;0.0
0;0;0.0;0.0;0.0;0.0;0.0
0;0;0.0;0.0;0.0;0.0;0.0
7;0;0.0;0.3888888888888889;0.0;0.0;0.0
1;0;0.0;0.05555555555555555;0.0;0.0;0.0
0;0;0.0;0.0;0.0;0.0;0.0
0;0;0.0;0.0;0.0;0.0;0.0
0;0;0.0;0.0;0.0;0.0;0.0
0;0;0.0;0.0;0.0;0.0;0.0
2;0;0.0;0.1111111111111111;0.0;0.0;0.0
0;0;0.0;0.0;0.0;0.0;0.0
0;0;0.0;0.0;0.0;0.0;0.0
0;0;0.0;0.0;0.0;0.0;0.0
0;0;0.0;0.0;0.0;0.0;0.0
0;0;0.0;0.0;0.0;0.0;0.0
0;0;0.0;0.0;0.0;0.0;0.0
9;0;0.0;0.5;0.0;0.0;0.0
0;0;0.0;0.0;0.0;0.0;0.0
0;0;0.0;0.0;0.0;0.0;0.0
0;0;0.0;0.0;0.0;0.0;0.0
2;0;0.0;0.1111111111111111;0.0;0.0;0.0
0;0;0.0;0.0;0.0;0.0;0.0
0;0;0.0;0.0;0.0;0.0;0.0
1;0;0.0;0.05555555555555555;0.0;0.0;0.0
0;0;0.0;0.0;0.0;0.0;0.0
0;0;0.0;0.0;0.0;0.0;0.0
0;0;0.0;0.0;0.0;0.0;0.0
0;0;0.0;0.0;0.0;0.0;0.0
1;0;0.0;0.05555555555555555;0.0;0.0;0.2
1;0;0.0;0.05555555555555555;0.0;0.0;0.0
0;0;0.0;0.0;0.0;0.0;0.0
0;0;0.0;0.0;0.0;0.0;0.0
0;0;0.0;0.0;0.0;0.0;0.0
0;0;0.0;0.0;0.0;0.0;0.0
0;0;0.0;0.0;0.0;0.0;0.0
0;0;0.0;0.0;0.0;0.0;0.0
0;0;0.0;0.0;0.0;0.0;0.0
0;0;0.0;0.0;0.0;0.0;0.0
3;0;0.0;0.16666666666666666;0.0;0.0;0.0
0;0;0.0;0.0;0.0;0.0;0.0
0;0;0.0;0.0;0.0;0.0;0.0
0;0;0.0;0.0;0.0;0.0;0.0
3;0;0.0;0.16666666666666666;0.0;0.0;0.0
0;0;0.0;0.0;0.0;0.0;0.0
0;0;0.0;0.0;0.0;0.0;0.0
0;0;0.0;0.0;0.0;0.0;0.0
0;0;0.0;0.0;0.0;0.0;0.0
0;0;0.0;0.0;0.0;0.0;0.0
0;0;0.0;0.0;0.0;0.0;0.0
0;0;0.0;0.0;0.0;0.0;0.0
0;0;0.0;0.0;0.0;0.0;0.0
1;0;0.0;0.05555555555555555;0.0;0.0;0.0
0;0;0.0;0.0;0.0;0.0;0.0
0;0;0.0;0.0;0.0;0.0;0.0
0;0;0.0;0.0;0.0;0.0;0.0
0;0;0.0;0.0;0.0;0.0;0.0
0;0;0.0;0.0;0.0;0.0;0.0
1;0;0.0;0.05555555555555555;0.0;0.0;0.0
0;0;0.0;0.0;0.0;0.0;0.0
0;0;0.0;0.0;0.0;0.0;0.0
3;0;0.0;0.16666666666666666;0.0;0.0;0.0
0;0;0.0;0.0;0.0;0.0;0.0
0;0;0.0;0.0;0.0;0.0;0.0
0;0;0.0;0.0;0.0;0.0;0.0
0;0;0.0;0.0;0.0;0.0;0.0
0;0;0.0;0.0;0.0;0.0;0.0
0;0;0.0;0.0;0.0;0.0;0.0
2;0;0.0;0.1111111111111111;0.0;0.0;0.0
1;0;0.0;0.05555555555555555;0.0;0.0;0.0
0;0;0.0;0.0;0.0;0.0;0.0
0;0;0.0;0.0;0.0;0.0;0.0
0;0;0.0;0.0;0.0;0.0;0.0
0;0;0.0;0.0;0.0;0.0;0.0
2;0;0.0;0.1111111111111111;0.0;0.0;0.0
3;0;0.0;0.16666666666666666;0.0;0.0;0.0
3;0;0.0;0.16666666666666666;0.0;0.0;0.0
0;0;0.0;0.0;0.0;0.0;0.0
0;0;0.0;0.0;0.0;0.0;0.0
0;0;0.0;0.0;0.0;0.0;0.0
2;0;0.0;0.1111111111111111;0.0;0.0;0.0
0;0;0.0;0.0;0.0;0.0;0.0
0;0;0.0;0.0;0.0;0.0;0.0
0;0;0.0;0.0;0.0;0.0;0.0
0;0;0.0;0.0;0.0;0.0;0.0
0;0;0.0;0.0;0.0;0.0;0.0
1;0;0.0;0.05555555555555555;0.0;0.0;0.0
2;0;0.0;0.1111111111111111;0.0;0.0;0.0
0;0;0.0;0.0;0.0;0.0;0.0
1;0;0.0;0.05555555555555555;0.0;0.0;0.0
0;0;0.0;0.0;0.0;0.0;0.0
0;0;0.0;0.0;0.0;0.0;0.0
0;0;0.0;0.0;0.0;0.0;0.0
0;0;0.0;0.0;0.0;0.0;0.0
0;0;0.0;0.0;0.0;0.0;0.0
0;0;0.0;0.0;0.0;0.0;0.0
0;0;0.0;0.0;0.0;0.0;0.0
6;0;0.0;0.3333333333333333;0.0;0.0;0.0
0;0;0.0;0.0;0.0;0.0;0.0
1;0;0.0;0.05555555555555555;0.0;0.0;0.0
1;0;0.0;0.05555555555555555;0.0;0.0;0.0
2;0;0.0;0.1111111111111111;0.0;0.0;0.0
0;0;0.0;0.0;0.0;0.0;0.0
5;0;0.0;0.2777777777777778;0.0;0.0;0.0
0;0;0.0;0.0;0.0;0.0;0.0
0;0;0.0;0.0;0.0;0.0;0.0
0;0;0.0;0.0;0.0;0.0;0.0
8;0;0.0;0.4444444444444444;0.0;0.0;0.0
0;0;0.0;0.0;0.0;0.0;0.0
0;0;0.0;0.0;0.0;0.0;0.0
1;0;0.0;0.05555555555555555;0.0;0.0;0.0
2;0;0.0;0.1111111111111111;0.0;0.0;0.0
0;0;0.0;0.0;0.0;0.0;0.0
0;0;0.0;0.0;0.0;0.0;0.0
0;0;0.0;0.0;0.0;0.0;0.0
0;0;0.0;0.0;0.0;0.0;0.0
0;0;0.0;0.0;0.0;0.0;0.0
0;0;0.0;0.0;0.0;0.0;0.0
1;0;0.0;0.05555555555555555;0.0;0.0;0.0
0;0;0.0;0.0;0.0;0.0;0.0
1;0;0.0;0.05555555555555555;0.0;0.0;0.0
0;0;0.0;0.0;0.0;0.0;0.0
0;0;0.0;0.0;0.0;0.0;0.0
0;0;0.0;0.0;0.0;0.0;0.0
0;0;0.0;0.0;0.0;0.0;0.0
0;0;0.0;0.0;0.0;0.0;0.0
0;0;0.0;0.0;0.0;0.0;0.0
0;0;0.0;0.0;0.0;0.0;0.0
0;0;0.0;0.0;0.0;0.0;0.0
0;0;0.0;0.0;0.0;0.0;0.0
1;0;0.0;0.05555555555555555;0.0;0.0;0.0
0;0;0.0;0.0;0.0;0.0;0.0
0;0;0.0;0.0;0.0;0.0;0.0
4;0;0.0;0.2222222222222222;0.0;0.0;0.0
0;0;0.0;0.0;0.0;0.0;0.0
2;0;0.0;0.1111111111111111;0.0;0.0;0.0
0;0;0.0;0.0;0.0;0.0;0.0
0;0;0.0;0.0;0.0;0.0;0.0
0;0;0.0;0.0;0.0;0.0;0.0
1;0;0.0;0.05555555555555555;0.0;0.0;0.0
0;0;0.0;0.0;0.0;0.0;0.0
0;0;0.0;0.0;0.0;0.0;0.0
2;0;0.0;0.1111111111111111;0.0;0.0;0.0
0;0;0.0;0.0;0.0;0.0;0.0
0;0;0.0;0.0;0.0;0.0;0.0
0;0;0.0;0.0;0.0;0.0;0.0
0;0;0.0;0.0;0.0;0.0;0.0
0;0;0.0;0.0;0.0;0.0;0.0
0;0;0.0;0.0;0.0;0.0;0.0
0;0;0.0;0.0;0.0;0.0;0.0
0;0;0.0;0.0;0.0;0.0;0.0
1;0;0.0;0.05555555555555555;0.0;0.0;0.0
0;0;0.0;0.0;0.0;0.0;0.0
4;0;0.0;0.2222222222222222;0.0;0.0;0.0
4;0;0.0;0.2222222222222222;0.0;0.0;0.0
0;0;0.0;0.0;0.0;0.0;0.0
0;0;0.0;0.0;0.0;0.0;0.0
2;0;0.0;0.1111111111111111;0.0;0.0;0.0
1;0;0.0;0.05555555555555555;0.0;0.0;0.0
0;0;0.0;0.0;0.0;0.0;0.0
0;0;0.0;0.0;0.0;0.0;0.0
0;0;0.0;0.0;0.0;0.0;0.0
1;0;0.0;0.05555555555555555;0.0;0.0;0.0
0;0;0.0;0.0;0.0;0.0;0.0
0;0;0.0;0.0;0.0;0.0;0.0
1;0;0.0;0.05555555555555555;0.0;0.0;0.0
0;0;0.0;0.0;0.0;0.0;0.0
2;0;0.0;0.1111111111111111;0.0;0.0;0.0
0;0;0.0;0.0;0.0;0.0;0.0
0;0;0.0;0.0;0.0;0.0;0.0
0;0;0.0;0.0;0.0;0.0;0.0
2;0;0.0;0.1111111111111111;0.0;0.0;0.0
0;0;0.0;0.0;0.0;0.0;0.0
8;0;0.0;0.4444444444444444;0.0;0.0;0.0
0;0;0.0;0.0;0.0;0.0;0.0
2;0;0.0;0.1111111111111111;0.0;0.0;0.0
0;0;0.0;0.0;0.0;0.0;0.0
0;0;0.0;0.0;0.0;0.0;0.0
0;0;0.0;0.0;0.0;0.0;0.0
1;0;0.0;0.05555555555555555;0.0;0.0;0.0
8;0;0.0;0.4444444444444444;0.0;0.0;0.0
0;0;0.0;0.0;0.0;0.0;0.0
0;0;0.0;0.0;0.0;0.0;0.0
2;0;0.0;0.1111111111111111;0.0;0.0;0.0
0;0;0.0;0.0;0.0;0.0;0.0
0;0;0.0;0.0;0.0;0.0;0.0
2;0;0.0;0.1111111111111111;0.0;0.0;0.0
0;0;0.0;0.0;0.0;0.0;0.0
1;0;0.0;0.05555555555555555;0.0;0.0;0.0
6;0;0.0;0.3333333333333333;0.0;0.0;0.0
2;0;0.0;0.1111111111111111;0.0;0.0;0.0
0;0;0.0;0.0;0.0;0.0;0.0
0;0;0.0;0.0;0.0;0.0;0.0
0;0;0.0;0.0;0.0;0.0;0.0
0;0;0.0;0.0;0.0;0.0;0.2
0;0;0.0;0.0;0.0;0.0;0.0
0;0;0.0;0.0;0.0;0.0;0.0
0;0;0.0;0.0;0.0;0.0;0.0
0;0;0.0;0.0;0.0;0.0;0.0
3;0;0.0;0.16666666666666666;0.0;0.0;0.0
0;0;0.0;0.0;0.0;0.0;0.0
0;0;0.0;0.0;0.0;0.0;0.0
0;0;0.0;0.0;0.0;0.0;0.0
0;0;0.0;0.0;0.0;0.0;0.0
0;0;0.0;0.0;0.0;0.0;0.0
0;0;0.0;0.0;0.0;0.0;0.0
2;0;0.0;0.1111111111111111;0.0;0.0;0.0
1;0;0.0;0.05555555555555555;0.0;0.0;0.0
0;0;0.0;0.0;0.0;0.0;0.0
2;0;0.0;0.1111111111111111;0.0;0.0;0.0
1;0;0.0;0.05555555555555555;0.0;0.0;0.2
0;0;0.0;0.0;0.0;0.0;0.0
2;0;0.0;0.1111111111111111;0.0;0.0;0.0
2;0;0.0;0.1111111111111111;0.0;0.0;0.0
1;0;0.0;0.05555555555555555;0.0;0.0;0.0
6;0;0.0;0.3333333333333333;0.0;0.0;0.0
0;0;0.0;0.0;0.0;0.0;0.0
3;0;0.0;0.16666666666666666;0.0;0.0;0.0
0;0;0.0;0.0;0.0;0.0;0.0
0;0;0.0;0.0;0.0;0.0;0.0
0;0;0.0;0.0;0.0;0.0;0.0
2;0;0.0;0.1111111111111111;0.0;0.0;0.0
0;0;0.0;0.0;0.0;0.0;0.0
3;0;0.0;0.16666666666666666;0.0;0.0;0.0
1;0;0.0;0.05555555555555555;0.0;0.0;0.0
0;0;0.0;0.0;0.0;0.0;0.0
10;0;0.0;0.5555555555555556;0.0;0.0;0.0
0;0;0.0;0.0;0.0;0.0;0.0
0;0;0.0;0.0;0.0;0.0;0.0
0;0;0.0;0.0;0.0;0.0;0.0
2;0;0.0;0.1111111111111111;0.0;0.0;0.0
0;0;0.0;0.0;0.0;0.0;0.0
0;0;0.0;0.0;0.0;0.0;0.0
0;0;0.0;0.0;0.0;0.0;0.0
0;0;0.0;0.0;0.0;0.0;0.0
0;0;0.0;0.0;0.0;0.0;0.0
0;0;0.0;0.0;0.0;0.0;0.0
0;0;0.0;0.0;0.0;0.0;0.0
2;0;0.0;0.1111111111111111;0.0;0.0;0.0
0;0;0.0;0.0;0.0;0.0;0.0
1;0;0.0;0.05555555555555555;0.0;0.0;0.0
0;0;0.0;0.0;0.0;0.0;0.0
1;0;0.0;0.05555555555555555;0.0;0.0;0.0
0;0;0.0;0.0;0.0;0.0;0.0
0;0;0.0;0.0;0.0;0.0;0.0
0;0;0.0;0.0;0.0;0.0;0.0
0;0;0.0;0.0;0.0;0.0;0.0
1;0;0.0;0.05555555555555555;0.0;0.0;0.0
1;0;0.0;0.05555555555555555;0.0;0.0;0.0
0;0;0.0;0.0;0.0;0.0;0.0
0;0;0.0;0.0;0.0;0.0;0.0
0;0;0.0;0.0;0.0;0.0;0.0
1;0;0.0;0.05555555555555555;0.0;0.0;0.0
0;0;0.0;0.0;0.0;0.0;0.0
0;0;0.0;0.0;0.0;0.0;0.0
0;0;0.0;0.0;0.0;0.0;0.0
0;0;0.0;0.0;0.0;0.0;0.0
0;0;0.0;0.0;0.0;0.0;0.0
6;0;0.0;0.3333333333333333;0.0;0.0;0.0
5;0;0.0;0.2777777777777778;0.0;0.0;0.0
0;0;0.0;0.0;0.0;0.0;0.0
7;0;0.0;0.3888888888888889;0.0;0.0;0.0
1;0;0.0;0.05555555555555555;0.0;0.0;0.0
0;0;0.0;0.0;0.0;0.0;0.0
0;0;0.0;0.0;0.0;0.0;0.0
3;0;0.0;0.16666666666666666;0.0;0.0;0.0
0;0;0.0;0.0;0.0;0.0;0.0
2;0;0.0;0.1111111111111111;0.0;0.0;0.0
2;0;0.0;0.1111111111111111;0.0;0.0;0.0
1;0;0.0;0.05555555555555555;0.0;0.0;0.0
0;0;0.0;0.0;0.0;0.0;0.0
6;0;0.0;0.3333333333333333;0.0;0.0;0.0
0;0;0.0;0.0;0.0;0.0;0.0
0;0;0.0;0.0;0.0;0.0;0.0
1;0;0.0;0.05555555555555555;0.0;0.0;0.0
4;0;0.0;0.2222222222222222;0.0;0.0;0.0
0;0;0.0;0.0;0.0;0.0;0.0
0;0;0.0;0.0;0.0;0.0;0.0
0;0;0.0;0.0;0.0;0.0;0.0
2;0;0.0;0.1111111111111111;0.0;0.0;0.0
0;0;0.0;0.0;0.0;0.0;0.0
1;0;0.0;0.05555555555555555;0.0;0.0;0.0
0;0;0.0;0.0;0.0;0.0;0.0
0;0;0.0;0.0;0.0;0.0;0.0
11;0;0.0;0.6111111111111112;0.0;0.0;0.0
0;0;0.0;0.0;0.0;0.0;0.0
0;0;0.0;0.0;0.0;0.0;0.0
0;0;0.0;0.0;0.0;0.0;0.0
0;0;0.0;0.0;0.0;0.0;0.0
1;0;0.0;0.05555555555555555;0.0;0.0;0.0
0;0;0.0;0.0;0.0;0.0;0.0
0;0;0.0;0.0;0.0;0.0;0.0
1;0;0.0;0.05555555555555555;0.0;0.0;0.0
4;0;0.0;0.2222222222222222;0.0;0.0;0.0
1;0;0.0;0.05555555555555555;0.0;0.0;0.0
15;0;0.0;0.8333333333333334;0.0;0.0;0.0
2;0;0.0;0.1111111111111111;0.0;0.0;0.0
1;0;0.0;0.05555555555555555;0.0;0.0;0.0
0;0;0.0;0.0;0.0;0.0;0.0
0;0;0.0;0.0;0.0;0.0;0.0
0;0;0.0;0.0;0.0;0.0;0.0
1;0;0.0;0.05555555555555555;0.0;0.0;0.0
1;0;0.0;0.05555555555555555;0.0;0.0;0.0
0;0;0.0;0.0;0.0;0.0;0.0
0;0;0.0;0.0;0.0;0.0;0.0
0;0;0.0;0.0;0.0;0.0;0.0
0;0;0.0;0.0;0.0;0.0;0.0
0;0;0.0;0.0;0.0;0.0;0.0
0;0;0.0;0.0;0.0;0.0;0.0
6;0;0.0;0.3333333333333333;0.0;0.0;0.0
0;0;0.0;0.0;0.0;0.0;0.0
1;0;0.0;0.05555555555555555;0.0;0.0;0.0
2;0;0.0;0.1111111111111111;0.0;0.0;0.0
0;0;0.0;0.0;0.0;0.0;0.0
0;0;0.0;0.0;0.0;0.0;0.0
0;0;0.0;0.0;0.0;0.0;0.0
0;0;0.0;0.0;0.0;0.0;0.0
1;0;0.0;0.05555555555555555;0.0;0.0;0.0
1;0;0.0;0.05555555555555555;0.0;0.0;0.0
0;0;0.0;0.0;0.0;0.0;0.0
0;0;0.0;0.0;0.0;0.0;0.0
0;0;0.0;0.0;0.0;0.0;0.0
2;0;0.0;0.1111111111111111;0.0;0.0;0.0
0;0;0.0;0.0;0.0;0.0;0.0
4;0;0.0;0.2222222222222222;0.0;0.0;0.0
0;0;0.0;0.0;0.0;0.0;0.0
3;0;0.0;0.16666666666666666;0.0;0.0;0.0
0;0;0.0;0.0;0.0;0.0;0.0
0;0;0.0;0.0;0.0;0.0;0.0
0;0;0.0;0.0;0.0;0.0;0.0
1;0;0.0;0.05555555555555555;0.0;0.0;0.0
0;0;0.0;0.0;0.0;0.0;0.0
0;0;0.0;0.0;0.0;0.0;0.0
0;0;0.0;0.0;0.0;0.0;0.0
2;0;0.0;0.1111111111111111;0.0;0.0;0.0
3;0;0.0;0.16666666666666666;0.0;0.0;0.0
0;0;0.0;0.0;0.0;0.0;0.0
0;0;0.0;0.0;0.0;0.0;0.0
0;0;0.0;0.0;0.0;0.0;0.0
0;0;0.0;0.0;0.0;0.0;0.0
4;0;0.0;0.2222222222222222;0.0;0.0;0.0
9;0;0.0;0.5;0.0;0.0;0.0
0;0;0.0;0.0;0.0;0.0;0.0
0;0;0.0;0.0;0.0;0.0;0.0
1;0;0.0;0.05555555555555555;0.0;0.0;0.0
0;0;0.0;0.0;0.0;0.0;0.0
0;0;0.0;0.0;0.0;0.0;0.0
0;0;0.0;0.0;0.0;0.0;0.0
0;0;0.0;0.0;0.0;0.0;0.0
0;0;0.0;0.0;0.0;0.0;0.0
0;0;0.0;0.0;0.0;0.0;0.0
1;0;0.0;0.05555555555555555;0.0;0.0;0.0
0;0;0.0;0.0;0.0;0.0;0.0
5;0;0.0;0.2777777777777778;0.0;0.0;0.0
0;0;0.0;0.0;0.0;0.0;0.0
1;0;0.0;0.05555555555555555;0.0;0.0;0.0
0;0;0.0;0.0;0.0;0.0;0.0
0;0;0.0;0.0;0.0;0.0;0.0
0;0;0.0;0.0;0.0;0.0;0.0
0;0;0.0;0.0;0.0;0.0;0.0
0;0;0.0;0.0;0.0;0.0;0.0
0;0;0.0;0.0;0.0;0.0;0.0
1;0;0.0;0.05555555555555555;0.0;0.0;0.0
1;0;0.0;0.05555555555555555;0.0;0.0;0.0
0;0;0.0;0.0;0.0;0.0;0.0
0;0;0.0;0.0;0.0;0.0;0.0
0;0;0.0;0.0;0.0;0.0;0.0
2;0;0.0;0.1111111111111111;0.0;0.0;0.0
0;0;0.0;0.0;0.0;0.0;0.0
18;0;0.0;1.0;0.0;0.0;0.0
0;0;0.0;0.0;0.0;0.0;0.0
2;0;0.0;0.1111111111111111;0.0;0.0;0.0
1;0;0.0;0.05555555555555555;0.0;0.0;0.0
1;0;0.0;0.05555555555555555;0.0;0.0;0.0
0;0;0.0;0.0;0.0;0.0;0.0
3;0;0.0;0.16666666666666666;0.0;0.0;0.0
1;0;0.0;0.05555555555555555;0.0;0.0;0.0
2;0;0.0;0.1111111111111111;0.0;0.0;0.0
3;0;0.0;0.16666666666666666;0.0;0.0;0.0
0;0;0.0;0.0;0.0;0.0;0.0
0;0;0.0;0.0;0.0;0.0;0.0
0;0;0.0;0.0;0.0;0.0;0.0
0;0;0.0;0.0;0.0;0.0;0.0
1;0;0.0;0.05555555555555555;0.0;0.0;0.0
2;0;0.0;0.1111111111111111;0.0;0.0;0.0
0;0;0.0;0.0;0.0;0.0;0.0
1;0;0.0;0.05555555555555555;0.0;0.0;0.0
0;0;0.0;0.0;0.0;0.0;0.0
0;0;0.0;0.0;0.0;0.0;0.0
0;0;0.0;0.0;0.0;0.0;0.0
0;0;0.0;0.0;0.0;0.0;0.0
0;0;0.0;0.0;0.0;0.0;0.0
1;0;0.0;0.05555555555555555;0.0;0.0;0.0
0;0;0.0;0.0;0.0;0.0;0.0
0;0;0.0;0.0;0.0;0.0;0.0
0;0;0.0;0.0;0.0;0.0;0.0
1;0;0.0;0.05555555555555555;0.0;0.0;0.0
1;0;0.0;0.05555555555555555;0.0;0.0;0.0
1;0;0.0;0.05555555555555555;0.0;0.0;0.0
1;0;0.0;0.05555555555555555;0.0;0.0;0.0
3;0;0.0;0.16666666666666666;0.0;0.0;0.0
1;0;0.0;0.05555555555555555;0.0;0.0;0.0
2;0;0.0;0.1111111111111111;0.0;0.0;0.0
0;0;0.0;0.0;0.0;0.0;0.0
2;0;0.0;0.1111111111111111;0.0;0.0;0.0
0;0;0.0;0.0;0.0;0.0;0.0
1;0;0.0;0.05555555555555555;0.0;0.0;0.0
1;0;0.0;0.05555555555555555;0.0;0.0;0.0
0;0;0.0;0.0;0.0;0.0;0.0
0;0;0.0;0.0;0.0;0.0;0.0
1;0;0.0;0.05555555555555555;0.0;0.0;0.0
0;0;0.0;0.0;0.0;0.0;0.0
0;0;0.0;0.0;0.0;0.0;0.0
2;0;0.0;0.1111111111111111;0.0;0.0;0.0
0;0;0.0;0.0;0.0;0.0;0.0
0;0;0.0;0.0;0.0;0.0;0.0
0;0;0.0;0.0;0.0;0.0;0.0
0;0;0.0;0.0;0.0;0.0;0.0
5;0;0.0;0.2777777777777778;0.0;0.0;0.0
0;0;0.0;0.0;0.0;0.0;0.0
0;0;0.0;0.0;0.0;0.0;0.0
0;0;0.0;0.0;0.0;0.0;0.0
1;0;0.2;0.05555555555555555;0.0;0.16949152542372883;0.0
0;0;0.0;0.0;0.0;0.0;0.0
0;0;0.0;0.0;0.0;0.0;0.0
0;0;0.0;0.0;0.0;0.0;0.0
0;0;0.0;0.0;0.0;0.0;0.0
0;0;0.0;0.0;0.0;0.0;0.0
0;0;0.0;0.0;0.0;0.0;0.0
0;0;0.0;0.0;0.0;0.0;0.0
0;0;0.0;0.0;0.0;0.0;0.0
3;0;0.0;0.16666666666666666;0.0;0.0;0.0
0;0;0.0;0.0;0.0;0.0;0.0
0;0;0.0;0.0;0.0;0.0;0.0
1;0;0.0;0.05555555555555555;0.0;0.0;0.0
0;0;0.0;0.0;0.0;0.0;0.0
0;0;0.2;0.0;0.0;0.16949152542372883;0.2
3;0;0.0;0.16666666666666666;0.0;0.0;0.0
2;0;0.0;0.1111111111111111;0.0;0.0;0.0
2;0;0.0;0.1111111111111111;0.0;0.0;0.0
7;0;0.0;0.3888888888888889;0.0;0.0;0.0
5;0;0.0;0.2777777777777778;0.0;0.0;0.0
0;0;0.0;0.0;0.0;0.0;0.0
0;0;0.0;0.0;0.0;0.0;0.0
0;0;0.0;0.0;0.0;0.0;0.0
2;0;0.0;0.1111111111111111;0.0;0.0;0.0
1;0;0.0;0.05555555555555555;0.0;0.0;0.0
0;0;0.0;0.0;0.0;0.0;0.0
1;0;0.0;0.05555555555555555;0.0;0.0;0.0
0;0;0.0;0.0;0.0;0.0;0.0
0;0;0.0;0.0;0.0;0.0;0.0
0;0;0.0;0.0;0.0;0.0;0.0
4;0;0.0;0.2222222222222222;0.0;0.0;0.0
2;0;0.0;0.1111111111111111;0.0;0.0;0.0
0;0;0.0;0.0;0.0;0.0;0.0
1;0;0.0;0.05555555555555555;0.0;0.0;0.0
0;0;0.0;0.0;0.0;0.0;0.0
12;0;0.0;0.6666666666666666;0.0;0.0;0.0
1;0;0.0;0.05555555555555555;0.0;0.0;0.0
6;2;0.0;0.3333333333333333;1.0;0.0;0.0
0;0;0.0;0.0;0.0;0.0;0.0
0;0;0.0;0.0;0.0;0.0;0.0
1;0;0.0;0.05555555555555555;0.0;0.0;0.0
3;0;0.0;0.16666666666666666;0.0;0.0;0.0
0;0;0.0;0.0;0.0;0.0;0.0
0;0;0.0;0.0;0.0;0.0;0.0
1;0;0.0;0.05555555555555555;0.0;0.0;0.0
0;0;0.0;0.0;0.0;0.0;0.0
0;0;0.0;0.0;0.0;0.0;0.0
0;0;0.0;0.0;0.0;0.0;0.0
0;0;0.0;0.0;0.0;0.0;0.0
0;0;0.0;0.0;0.0;0.0;0.0
0;0;0.0;0.0;0.0;0.0;0.0
2;0;0.0;0.1111111111111111;0.0;0.0;0.0
0;0;0.0;0.0;0.0;0.0;0.0
3;0;0.0;0.16666666666666666;0.0;0.0;0.0
5;0;0.0;0.2777777777777778;0.0;0.0;0.0
0;0;0.0;0.0;0.0;0.0;0.0
0;0;0.0;0.0;0.0;0.0;0.0
1;0;0.0;0.05555555555555555;0.0;0.0;0.0
3;0;0.0;0.16666666666666666;0.0;0.0;0.0
0;0;0.0;0.0;0.0;0.0;0.0
7;0;0.0;0.3888888888888889;0.0;0.0;0.0
0;0;0.98;0.0;0.0;0.8305084745762712;0.0
0;0;0.0;0.0;0.0;0.0;0.0
1;0;0.0;0.05555555555555555;0.0;0.0;0.0
7;0;0.0;0.3888888888888889;0.0;0.0;0.0
6;0;0.0;0.3333333333333333;0.0;0.0;0.0
1;0;0.0;0.05555555555555555;0.0;0.0;0.0
4;0;0.0;0.2222222222222222;0.0;0.0;0.0
0;0;0.0;0.0;0.0;0.0;0.0
0;0;0.0;0.0;0.0;0.0;0.0
0;0;0.0;0.0;0.0;0.0;0.0
0;0;0.0;0.0;0.0;0.0;0.0
0;0;0.0;0.0;0.0;0.0;0.0
0;0;0.0;0.0;0.0;0.0;0.0
5;0;0.0;0.2777777777777778;0.0;0.0;0.0
0;0;0.0;0.0;0.0;0.0;0.0
0;0;0.0;0.0;0.0;0.0;0.0
0;0;0.0;0.0;0.0;0.0;0.0
1;0;0.0;0.05555555555555555;0.0;0.0;0.2
0;0;0.4;0.0;0.0;0.33898305084745767;0.0
0;0;0.0;0.0;0.0;0.0;0.0
2;0;0.0;0.1111111111111111;0.0;0.0;0.0
0;0;0.0;0.0;0.0;0.0;0.0
0;0;0.0;0.0;0.0;0.0;0.0
0;0;0.0;0.0;0.0;0.0;0.0
1;0;0.0;0.05555555555555555;0.0;0.0;0.0
0;0;0.0;0.0;0.0;0.0;0.0
0;0;0.0;0.0;0.0;0.0;0.0
4;0;0.0;0.2222222222222222;0.0;0.0;0.0
0;0;0.0;0.0;0.0;0.0;0.0
0;0;0.0;0.0;0.0;0.0;0.0
0;0;0.0;0.0;0.0;0.0;0.0
1;0;0.0;0.05555555555555555;0.0;0.0;0.0
0;0;0.0;0.0;0.0;0.0;0.0
0;0;0.0;0.0;0.0;0.0;0.0
1;0;0.0;0.05555555555555555;0.0;0.0;0.0
7;0;0.0;0.3888888888888889;0.0;0.0;0.0
2;0;0.0;0.1111111111111111;0.0;0.0;0.0
2;0;0.0;0.1111111111111111;0.0;0.0;0.0
0;0;0.0;0.0;0.0;0.0;0.0
0;0;0.0;0.0;0.0;0.0;0.0
0;0;0.0;0.0;0.0;0.0;0.0
0;0;0.0;0.0;0.0;0.0;0.0
0;0;0.0;0.0;0.0;0.0;0.0
0;0;0.0;0.0;0.0;0.0;0.0
0;0;0.0;0.0;0.0;0.0;0.0
0;0;0.0;0.0;0.0;0.0;0.0
0;0;0.0;0.0;0.0;0.0;0.0
0;0;0.0;0.0;0.0;0.0;0.0
0;0;0.0;0.0;0.0;0.0;0.0
0;0;0.0;0.0;0.0;0.0;0.0
0;0;0.0;0.0;0.0;0.0;0.0
7;0;0.0;0.3888888888888889;0.0;0.0;0.0
0;0;0.0;0.0;0.0;0.0;0.0
0;0;0.0;0.0;0.0;0.0;0.0
5;0;0.0;0.2777777777777778;0.0;0.0;0.0
2;0;0.0;0.1111111111111111;0.0;0.0;0.0
0;0;0.0;0.0;0.0;0.0;0.0
0;0;0.0;0.0;0.0;0.0;0.0
1;0;0.0;0.05555555555555555;0.0;0.0;0.0
0;0;0.0;0.0;0.0;0.0;0.0
1;0;0.0;0.05555555555555555;0.0;0.0;0.0
1;0;0.0;0.05555555555555555;0.0;0.0;0.0
0;0;0.0;0.0;0.0;0.0;0.0
0;0;0.0;0.0;0.0;0.0;0.0
0;0;0.0;0.0;0.0;0.0;0.0
0;0;0.0;0.0;0.0;0.0;0.0
3;0;0.0;0.16666666666666666;0.0;0.0;0.0
2;0;0.0;0.1111111111111111;0.0;0.0;0.0
9;0;0.0;0.5;0.0;0.0;0.0
0;0;0.0;0.0;0.0;0.0;0.0
1;0;0.0;0.05555555555555555;0.0;0.0;0.0
0;0;0.0;0.0;0.0;0.0;0.0
12;0;0.0;0.6666666666666666;0.0;0.0;0.0
0;0;0.0;0.0;0.0;0.0;0.0
0;0;0.0;0.0;0.0;0.0;0.0
1;0;0.0;0.05555555555555555;0.0;0.0;0.0
0;0;0.0;0.0;0.0;0.0;0.0
1;0;0.2;0.05555555555555555;0.0;0.16949152542372883;0.0
1;0;0.0;0.05555555555555555;0.0;0.0;0.0
2;0;0.0;0.1111111111111111;0.0;0.0;0.0
5;0;0.0;0.2777777777777778;0.0;0.0;0.0
1;0;0.0;0.05555555555555555;0.0;0.0;0.0
0;0;0.0;0.0;0.0;0.0;0.0
0;0;0.0;0.0;0.0;0.0;0.0
0;0;0.0;0.0;0.0;0.0;0.0
0;0;0.0;0.0;0.0;0.0;0.0
0;0;0.0;0.0;0.0;0.0;0.0
0;0;0.0;0.0;0.0;0.0;0.0
0;0;0.0;0.0;0.0;0.0;0.0
1;0;0.0;0.05555555555555555;0.0;0.0;0.0
0;0;0.0;0.0;0.0;0.0;0.0
0;0;0.0;0.0;0.0;0.0;0.0
0;0;0.0;0.0;0.0;0.0;0.0
4;0;0.0;0.2222222222222222;0.0;0.0;0.0
2;0;0.0;0.1111111111111111;0.0;0.0;0.0
0;0;0.0;0.0;0.0;0.0;0.0
0;0;0.0;0.0;0.0;0.0;0.0
6;0;0.0;0.3333333333333333;0.0;0.0;0.0
1;0;0.0;0.05555555555555555;0.0;0.0;0.0
0;0;0.0;0.0;0.0;0.0;0.0
0;0;0.0;0.0;0.0;0.0;0.0
0;0;0.0;0.0;0.0;0.0;0.0
0;0;0.0;0.0;0.0;0.0;0.0
0;0;0.0;0.0;0.0;0.0;1.18
2;0;0.0;0.1111111111111111;0.0;0.0;0.0
18;0;0.0;1.0;0.0;0.0;0.0
0;0;0.0;0.0;0.0;0.0;0.0
0;0;0.0;0.0;0.0;0.0;0.0
0;0;0.0;0.0;0.0;0.0;0.0
0;0;0.0;0.0;0.0;0.0;0.0
9;0;0.0;0.5;0.0;0.0;0.0
0;0;0.0;0.0;0.0;0.0;0.0
0;0;0.0;0.0;0.0;0.0;0.0
0;0;0.0;0.0;0.0;0.0;0.0
4;0;0.0;0.2222222222222222;0.0;0.0;0.0
0;0;0.0;0.0;0.0;0.0;0.0
0;0;0.0;0.0;0.0;0.0;0.0
0;0;0.0;0.0;0.0;0.0;0.0
0;0;0.0;0.0;0.0;0.0;0.0
0;0;0.0;0.0;0.0;0.0;0.0
2;0;0.0;0.1111111111111111;0.0;0.0;0.0
1;0;0.0;0.05555555555555555;0.0;0.0;0.0
0;0;0.0;0.0;0.0;0.0;0.0
0;0;0.0;0.0;0.0;0.0;0.0
0;0;0.0;0.0;0.0;0.0;0.0
1;0;0.0;0.05555555555555555;0.0;0.0;0.0
0;0;0.0;0.0;0.0;0.0;0.0
0;0;0.0;0.0;0.0;0.0;0.0
0;0;0.0;0.0;0.0;0.0;0.0
0;0;0.0;0.0;0.0;0.0;0.0
0;0;0.0;0.0;0.0;0.0;0.0
0;0;0.0;0.0;0.0;0.0;0.0
0;0;0.0;0.0;0.0;0.0;0.0
0;0;0.0;0.0;0.0;0.0;0.0
0;0;0.0;0.0;0.0;0.0;0.0
0;0;0.0;0.0;0.0;0.0;0.0
0;0;0.0;0.0;0.0;0.0;0.0
1;0;0.0;0.05555555555555555;0.0;0.0;0.0
0;0;0.0;0.0;0.0;0.0;0.0
0;0;0.0;0.0;0.0;0.0;0.0
0;0;0.0;0.0;0.0;0.0;0.0
1;0;0.0;0.05555555555555555;0.0;0.0;0.0
2;0;0.0;0.1111111111111111;0.0;0.0;0.0
0;0;0.0;0.0;0.0;0.0;0.0
1;0;0.0;0.05555555555555555;0.0;0.0;0.0
0;0;0.0;0.0;0.0;0.0;0.0
1;0;0.0;0.05555555555555555;0.0;0.0;0.0
0;0;0.0;0.0;0.0;0.0;0.0
2;0;0.0;0.1111111111111111;0.0;0.0;0.0
0;0;0.0;0.0;0.0;0.0;0.0
1;0;0.0;0.05555555555555555;0.0;0.0;0.0
0;0;0.0;0.0;0.0;0.0;0.0
2;0;0.0;0.1111111111111111;0.0;0.0;0.0
0;0;0.0;0.0;0.0;0.0;0.0
0;0;0.0;0.0;0.0;0.0;0.0
0;0;0.0;0.0;0.0;0.0;0.0
1;0;0.0;0.05555555555555555;0.0;0.0;0.0
0;0;0.0;0.0;0.0;0.0;0.0
0;0;0.0;0.0;0.0;0.0;0.0
1;0;0.0;0.05555555555555555;0.0;0.0;0.0
0;0;0.0;0.0;0.0;0.0;0.0
0;0;0.0;0.0;0.0;0.0;0.0
0;0;0.0;0.0;0.0;0.0;0.0
0;0;0.0;0.0;0.0;0.0;0.0
0;0;0.0;0.0;0.0;0.0;0.0
0;0;0.0;0.0;0.0;0.0;0.0
1;0;0.0;0.05555555555555555;0.0;0.0;0.0
0;0;0.0;0.0;0.0;0.0;0.0
0;0;0.0;0.0;0.0;0.0;0.0
0;0;0.0;0.0;0.0;0.0;0.0
0;0;0.0;0.0;0.0;0.0;0.0
0;0;0.0;0.0;0.0;0.0;0.0
0;0;0.0;0.0;0.0;0.0;0.0
0;0;0.0;0.0;0.0;0.0;0.0
0;0;0.0;0.0;0.0;0.0;0.0
0;0;0.0;0.0;0.0;0.0;0.0
0;0;0.0;0.0;0.0;0.0;0.0
0;0;0.0;0.0;0.0;0.0;0.0
0;0;0.0;0.0;0.0;0.0;0.0
2;0;0.0;0.1111111111111111;0.0;0.0;0.0
0;0;0.0;0.0;0.0;0.0;0.0
0;0;0.0;0.0;0.0;0.0;0.0
1;0;0.0;0.05555555555555555;0.0;0.0;0.0
0;0;0.0;0.0;0.0;0.0;0.0
0;0;0.0;0.0;0.0;0.0;0.0
0;0;0.0;0.0;0.0;0.0;0.0
0;0;0.0;0.0;0.0;0.0;0.0
0;0;0.0;0.0;0.0;0.0;0.0
0;0;0.0;0.0;0.0;0.0;0.0
0;0;0.0;0.0;0.0;0.0;0.0
0;0;0.0;0.0;0.0;0.0;0.0
2;0;0.0;0.1111111111111111;0.0;0.0;0.0
4;0;0.0;0.2222222222222222;0.0;0.0;0.0
1;0;0.0;0.05555555555555555;0.0;0.0;0.0
3;0;0.0;0.16666666666666666;0.0;0.0;0.0
0;0;0.0;0.0;0.0;0.0;0.0
0;0;0.0;0.0;0.0;0.0;0.0
0;0;0.0;0.0;0.0;0.0;0.0
1;0;0.0;0.05555555555555555;0.0;0.0;0.0
2;0;0.0;0.1111111111111111;0.0;0.0;0.0
8;0;0.0;0.4444444444444444;0.0;0.0;0.0
1;0;0.0;0.05555555555555555;0.0;0.0;0.0
9;0;0.0;0.5;0.0;0.0;0.0
1;0;0.0;0.05555555555555555;0.0;0.0;0.0
1;0;0.0;0.05555555555555555;0.0;0.0;0.0
0;0;0.0;0.0;0.0;0.0;0.0
0;0;0.0;0.0;0.0;0.0;0.0
0;0;0.0;0.0;0.0;0.0;0.0
12;0;0.0;0.6666666666666666;0.0;0.0;0.0
0;0;0.0;0.0;0.0;0.0;0.0
0;0;0.0;0.0;0.0;0.0;0.0
0;0;0.0;0.0;0.0;0.0;0.0
1;0;0.0;0.05555555555555555;0.0;0.0;0.0
3;0;0.0;0.16666666666666666;0.0;0.0;0.0
0;0;0.0;0.0;0.0;0.0;0.0
0;0;0.0;0.0;0.0;0.0;0.0
3;0;0.0;0.16666666666666666;0.0;0.0;0.0
0;0;0.0;0.0;0.0;0.0;0.0
0;0;0.0;0.0;0.0;0.0;0.0
0;0;0.0;0.0;0.0;0.0;0.0
1;0;0.0;0.05555555555555555;0.0;0.0;0.0
0;0;0.0;0.0;0.0;0.0;0.0
0;0;0.0;0.0;0.0;0.0;0.0
1;0;0.0;0.05555555555555555;0.0;0.0;0.0
0;0;0.0;0.0;0.0;0.0;0.0
0;0;0.0;0.0;0.0;0.0;0.0
0;0;0.0;0.0;0.0;0.0;0.0
0;0;0.0;0.0;0.0;0.0;0.0
0;0;0.0;0.0;0.0;0.0;0.0
1;0;0.0;0.05555555555555555;0.0;0.0;0.0
0;0;0.0;0.0;0.0;0.0;0.0
1;0;0.0;0.05555555555555555;0.0;0.0;0.0
0;0;0.0;0.0;0.0;0.0;0.0
0;0;0.0;0.0;0.0;0.0;0.0
0;0;0.0;0.0;0.0;0.0;0.0
2;0;0.0;0.1111111111111111;0.0;0.0;0.0
0;0;0.0;0.0;0.0;0.0;0.0
4;0;0.0;0.2222222222222222;0.0;0.0;0.0
0;0;0.0;0.0;0.0;0.0;0.0
0;0;0.0;0.0;0.0;0.0;0.0
4;0;0.0;0.2222222222222222;0.0;0.0;0.0
1;0;0.0;0.05555555555555555;0.0;0.0;0.0
0;0;0.0;0.0;0.0;0.0;0.0
0;0;0.0;0.0;0.0;0.0;0.0
0;0;0.0;0.0;0.0;0.0;0.0
0;0;0.0;0.0;0.0;0.0;0.0
0;0;0.0;0.0;0.0;0.0;0.0
0;0;0.0;0.0;0.0;0.0;0.0
0;0;0.0;0.0;0.0;0.0;0.0
0;0;0.0;0.0;0.0;0.0;0.0
1;0;0.0;0.05555555555555555;0.0;0.0;0.0
0;0;0.0;0.0;0.0;0.0;0.0
0;0;0.0;0.0;0.0;0.0;0.0
0;0;0.0;0.0;0.0;0.0;0.0
0;0;0.0;0.0;0.0;0.0;0.0
0;0;0.0;0.0;0.0;0.0;0.0
1;0;0.0;0.05555555555555555;0.0;0.0;0.0
