hour;minute;tweets;related;rainfall class;precision;recall;Normalized hour;Normalized minute;Normalized tweets;Normalized related;Normalized rainfall class;Normalized precision;Normalized recall;Next batch rainfall class
9;0;0;0;0.0;0.0;0.0;0.391304347826087;0.0;0.0;0.0;0.0;0.0;0.0;0
23;30;0;0;0.0;0.0;0.0;1.0;1.0;0.0;0.0;0.0;0.0;0.0;0
0;30;0;0;0.0;0.0;0.0;0.0;1.0;0.0;0.0;0.0;0.0;0.0;0
1;30;0;0;0.0;0.0;0.0;0.043478260869565216;1.0;0.0;0.0;0.0;0.0;0.0;0
8;0;0;0;0.0;0.0;0.0;0.34782608695652173;0.0;0.0;0.0;0.0;0.0;0.0;0
17;0;0;0;0.0;0.0;0.0;0.7391304347826086;0.0;0.0;0.0;0.0;0.0;0.0;0
1;0;0;0;0.0;0.0;0.0;0.043478260869565216;0.0;0.0;0.0;0.0;0.0;0.0;0
23;0;0;0;0.0;0.0;0.0;1.0;0.0;0.0;0.0;0.0;0.0;0.0;0
7;0;0;0;0.0;0.0;0.0;0.30434782608695654;0.0;0.0;0.0;0.0;0.0;0.0;0
4;30;0;0;0.0;0.0;0.0;0.17391304347826086;1.0;0.0;0.0;0.0;0.0;0.0;0
1;0;0;0;0.0;0.0;0.0;0.043478260869565216;0.0;0.0;0.0;0.0;0.0;0.0;0
12;0;0;0;0.0;0.0;0.0;0.5217391304347826;0.0;0.0;0.0;0.0;0.0;0.0;0
14;30;0;0;0.0;0.0;0.0;0.6086956521739131;1.0;0.0;0.0;0.0;0.0;0.0;0
4;30;0;0;0.0;0.0;0.0;0.17391304347826086;1.0;0.0;0.0;0.0;0.0;0.0;0
21;30;0;0;0.0;0.0;0.0;0.9130434782608695;1.0;0.0;0.0;0.0;0.0;0.0;0
11;0;1;0;0.0;0.0;0.0;0.4782608695652174;0.0;0.03125;0.0;0.0;0.0;0.0;0
3;0;0;0;2.16;0.0;0.0;0.13043478260869565;0.0;0.0;0.0;0.1637604245640637;0.0;0.0;0
20;0;1;0;0.0;0.0;0.0;0.8695652173913043;0.0;0.03125;0.0;0.0;0.0;0.0;0
6;0;0;0;0.0;0.0;0.0;0.2608695652173913;0.0;0.0;0.0;0.0;0.0;0.0;0
22;0;0;0;0.0;0.0;0.0;0.9565217391304348;0.0;0.0;0.0;0.0;0.0;0.0;0
14;0;0;0;0.0;0.0;0.0;0.6086956521739131;0.0;0.0;0.0;0.0;0.0;0.0;0
23;30;0;0;0.0;0.0;0.0;1.0;1.0;0.0;0.0;0.0;0.0;0.0;0
3;30;0;0;0.0;0.0;0.0;0.13043478260869565;1.0;0.0;0.0;0.0;0.0;0.0;0
13;0;0;0;0.0;0.0;0.0;0.5652173913043478;0.0;0.0;0.0;0.0;0.0;0.0;0
13;30;0;0;0.0;0.0;0.0;0.5652173913043478;1.0;0.0;0.0;0.0;0.0;0.0;0
17;0;0;0;0.0;0.0;0.0;0.7391304347826086;0.0;0.0;0.0;0.0;0.0;0.0;0
2;30;0;0;0.0;0.0;0.0;0.08695652173913043;1.0;0.0;0.0;0.0;0.0;0.0;0
8;30;0;0;0.0;0.0;0.0;0.34782608695652173;1.0;0.0;0.0;0.0;0.0;0.0;0
14;30;0;0;0.0;0.0;0.0;0.6086956521739131;1.0;0.0;0.0;0.0;0.0;0.0;0
7;30;0;0;0.0;0.0;0.0;0.30434782608695654;1.0;0.0;0.0;0.0;0.0;0.0;0
19;0;0;0;0.0;0.0;0.0;0.8260869565217391;0.0;0.0;0.0;0.0;0.0;0.0;0
16;30;0;0;0.0;0.0;0.0;0.6956521739130435;1.0;0.0;0.0;0.0;0.0;0.0;0
1;0;0;0;0.0;0.0;0.0;0.043478260869565216;0.0;0.0;0.0;0.0;0.0;0.0;0
9;30;0;0;0.2;0.0;0.0;0.391304347826087;1.0;0.0;0.0;0.015163002274450343;0.0;0.0;0
22;30;0;0;0.0;0.0;0.0;0.9565217391304348;1.0;0.0;0.0;0.0;0.0;0.0;0
4;0;0;0;0.0;0.0;0.0;0.17391304347826086;0.0;0.0;0.0;0.0;0.0;0.0;0
16;0;0;0;0.0;0.0;0.0;0.6956521739130435;0.0;0.0;0.0;0.0;0.0;0.0;0
8;30;0;0;0.0;0.0;0.0;0.34782608695652173;1.0;0.0;0.0;0.0;0.0;0.0;0
16;0;0;0;0.0;0.0;0.0;0.6956521739130435;0.0;0.0;0.0;0.0;0.0;0.0;0
3;30;0;0;0.0;0.0;0.0;0.13043478260869565;1.0;0.0;0.0;0.0;0.0;0.0;0
10;0;0;0;0.0;0.0;0.0;0.43478260869565216;0.0;0.0;0.0;0.0;0.0;0.0;0
6;30;0;0;0.0;0.0;0.0;0.2608695652173913;1.0;0.0;0.0;0.0;0.0;0.0;0
19;30;0;0;5.12;0.0;0.0;0.8260869565217391;1.0;0.0;0.0;0.38817285822592873;0.0;0.0;1
5;0;0;0;0.0;0.0;0.0;0.21739130434782608;0.0;0.0;0.0;0.0;0.0;0.0;0
9;0;0;0;0.0;0.0;0.0;0.391304347826087;0.0;0.0;0.0;0.0;0.0;0.0;0
16;30;1;0;0.0;0.0;0.0;0.6956521739130435;1.0;0.03125;0.0;0.0;0.0;0.0;0
18;0;0;0;0.0;0.0;0.0;0.782608695652174;0.0;0.0;0.0;0.0;0.0;0.0;0
4;30;0;0;0.2;0.0;0.0;0.17391304347826086;1.0;0.0;0.0;0.015163002274450343;0.0;0.0;0
20;0;1;0;0.0;0.0;0.0;0.8695652173913043;0.0;0.03125;0.0;0.0;0.0;0.0;0
17;30;0;0;0.0;0.0;0.0;0.7391304347826086;1.0;0.0;0.0;0.0;0.0;0.0;0
3;30;0;0;0.0;0.0;0.0;0.13043478260869565;1.0;0.0;0.0;0.0;0.0;0.0;0
19;0;1;0;0.0;0.0;0.0;0.8260869565217391;0.0;0.03125;0.0;0.0;0.0;0.0;0
4;30;0;0;5.89;0.0;0.0;0.17391304347826086;1.0;0.0;0.0;0.44655041698256254;0.0;0.0;1
15;30;0;0;0.0;0.0;0.0;0.6521739130434783;1.0;0.0;0.0;0.0;0.0;0.0;0
21;30;2;0;0.0;0.0;0.0;0.9130434782608695;1.0;0.0625;0.0;0.0;0.0;0.0;0
19;0;0;0;0.0;0.0;0.0;0.8260869565217391;0.0;0.0;0.0;0.0;0.0;0.0;0
10;0;0;0;0.0;0.0;0.0;0.43478260869565216;0.0;0.0;0.0;0.0;0.0;0.0;0
21;30;0;0;0.0;0.0;0.0;0.9130434782608695;1.0;0.0;0.0;0.0;0.0;0.0;0
7;30;0;0;0.0;0.0;0.0;0.30434782608695654;1.0;0.0;0.0;0.0;0.0;0.0;0
7;30;1;0;0.0;0.0;0.0;0.30434782608695654;1.0;0.03125;0.0;0.0;0.0;0.0;0
18;0;0;0;0.0;0.0;0.0;0.782608695652174;0.0;0.0;0.0;0.0;0.0;0.0;0
7;30;0;0;0.0;0.0;0.0;0.30434782608695654;1.0;0.0;0.0;0.0;0.0;0.0;0
2;30;0;0;0.0;0.0;0.0;0.08695652173913043;1.0;0.0;0.0;0.0;0.0;0.0;0
16;0;1;0;0.0;0.0;0.0;0.6956521739130435;0.0;0.03125;0.0;0.0;0.0;0.0;0
12;30;0;0;0.0;0.0;0.0;0.5217391304347826;1.0;0.0;0.0;0.0;0.0;0.0;0
17;0;0;0;0.0;0.0;0.0;0.7391304347826086;0.0;0.0;0.0;0.0;0.0;0.0;0
21;0;0;0;0.0;0.0;0.0;0.9130434782608695;0.0;0.0;0.0;0.0;0.0;0.0;0
10;30;0;0;0.0;0.0;0.0;0.43478260869565216;1.0;0.0;0.0;0.0;0.0;0.0;0
22;30;5;0;0.2;0.0;0.0;0.9565217391304348;1.0;0.15625;0.0;0.015163002274450343;0.0;0.0;0
6;0;0;0;0.0;0.0;0.0;0.2608695652173913;0.0;0.0;0.0;0.0;0.0;0.0;0
22;0;1;0;0.0;0.0;0.0;0.9565217391304348;0.0;0.03125;0.0;0.0;0.0;0.0;0
18;0;0;0;0.0;0.0;0.0;0.782608695652174;0.0;0.0;0.0;0.0;0.0;0.0;0
10;0;0;0;0.0;0.0;0.0;0.43478260869565216;0.0;0.0;0.0;0.0;0.0;0.0;0
11;0;0;0;0.0;0.0;0.0;0.4782608695652174;0.0;0.0;0.0;0.0;0.0;0.0;0
12;0;0;0;0.0;0.0;0.0;0.5217391304347826;0.0;0.0;0.0;0.0;0.0;0.0;0
15;30;0;0;2.75;0.0;0.0;0.6521739130434783;1.0;0.0;0.0;0.2084912812736922;0.0;0.0;0
18;0;0;0;0.0;0.0;0.0;0.782608695652174;0.0;0.0;0.0;0.0;0.0;0.0;0
0;0;0;0;0.0;0.0;0.0;0.0;0.0;0.0;0.0;0.0;0.0;0.0;0
21;30;0;0;0.0;0.0;0.0;0.9130434782608695;1.0;0.0;0.0;0.0;0.0;0.0;0
15;30;1;0;0.0;0.0;0.0;0.6521739130434783;1.0;0.03125;0.0;0.0;0.0;0.0;0
4;30;0;0;0.0;0.0;0.0;0.17391304347826086;1.0;0.0;0.0;0.0;0.0;0.0;0
13;30;0;0;0.0;0.0;0.0;0.5652173913043478;1.0;0.0;0.0;0.0;0.0;0.0;0
9;0;0;0;0.0;0.0;0.0;0.391304347826087;0.0;0.0;0.0;0.0;0.0;0.0;0
19;30;0;0;0.0;0.0;0.0;0.8260869565217391;1.0;0.0;0.0;0.0;0.0;0.0;0
15;30;1;0;0.0;0.0;0.0;0.6521739130434783;1.0;0.03125;0.0;0.0;0.0;0.0;0
9;0;0;0;0.0;0.0;0.0;0.391304347826087;0.0;0.0;0.0;0.0;0.0;0.0;0
20;30;0;0;0.0;0.0;0.0;0.8695652173913043;1.0;0.0;0.0;0.0;0.0;0.0;0
13;30;1;0;0.0;0.0;0.0;0.5652173913043478;1.0;0.03125;0.0;0.0;0.0;0.0;0
22;30;0;0;0.0;0.0;0.0;0.9565217391304348;1.0;0.0;0.0;0.0;0.0;0.0;0
18;30;0;0;0.2;0.0;0.0;0.782608695652174;1.0;0.0;0.0;0.015163002274450343;0.0;0.0;0
13;0;0;0;0.0;0.0;0.0;0.5652173913043478;0.0;0.0;0.0;0.0;0.0;0.0;0
10;30;6;0;0.0;0.0;0.0;0.43478260869565216;1.0;0.1875;0.0;0.0;0.0;0.0;0
19;0;0;0;0.0;0.0;0.0;0.8260869565217391;0.0;0.0;0.0;0.0;0.0;0.0;0
14;30;0;0;0.0;0.0;0.0;0.6086956521739131;1.0;0.0;0.0;0.0;0.0;0.0;0
14;0;0;0;0.0;0.0;0.0;0.6086956521739131;0.0;0.0;0.0;0.0;0.0;0.0;0
3;0;0;0;0.0;0.0;0.0;0.13043478260869565;0.0;0.0;0.0;0.0;0.0;0.0;0
18;30;0;0;0.0;0.0;0.0;0.782608695652174;1.0;0.0;0.0;0.0;0.0;0.0;0
7;0;0;0;0.0;0.0;0.0;0.30434782608695654;0.0;0.0;0.0;0.0;0.0;0.0;0
5;0;0;0;0.0;0.0;0.0;0.21739130434782608;0.0;0.0;0.0;0.0;0.0;0.0;0
19;0;0;0;0.0;0.0;0.0;0.8260869565217391;0.0;0.0;0.0;0.0;0.0;0.0;0
14;30;0;0;0.0;0.0;0.0;0.6086956521739131;1.0;0.0;0.0;0.0;0.0;0.0;0
13;30;0;0;0.0;0.0;0.0;0.5652173913043478;1.0;0.0;0.0;0.0;0.0;0.0;0
23;0;0;0;0.0;0.0;0.0;1.0;0.0;0.0;0.0;0.0;0.0;0.0;0
3;30;0;0;0.0;0.0;0.0;0.13043478260869565;1.0;0.0;0.0;0.0;0.0;0.0;0
6;30;0;0;0.0;0.0;0.0;0.2608695652173913;1.0;0.0;0.0;0.0;0.0;0.0;0
4;30;0;0;0.0;0.0;0.0;0.17391304347826086;1.0;0.0;0.0;0.0;0.0;0.0;0
13;30;0;0;0.0;0.0;0.0;0.5652173913043478;1.0;0.0;0.0;0.0;0.0;0.0;0
3;30;0;0;0.0;0.0;0.0;0.13043478260869565;1.0;0.0;0.0;0.0;0.0;0.0;0
18;30;1;0;0.0;0.0;0.0;0.782608695652174;1.0;0.03125;0.0;0.0;0.0;0.0;0
17;30;0;0;0.0;0.0;0.0;0.7391304347826086;1.0;0.0;0.0;0.0;0.0;0.0;0
22;0;0;0;0.0;0.0;0.0;0.9565217391304348;0.0;0.0;0.0;0.0;0.0;0.0;0
11;30;0;0;0.0;0.0;0.0;0.4782608695652174;1.0;0.0;0.0;0.0;0.0;0.0;0
8;0;0;0;0.2;0.0;0.0;0.34782608695652173;0.0;0.0;0.0;0.015163002274450343;0.0;0.0;0
20;0;0;0;0.0;0.0;0.0;0.8695652173913043;0.0;0.0;0.0;0.0;0.0;0.0;0
6;0;0;0;1.57;0.0;0.0;0.2608695652173913;0.0;0.0;0.0;0.11902956785443519;0.0;0.0;0
15;30;0;0;0.0;0.0;0.0;0.6521739130434783;1.0;0.0;0.0;0.0;0.0;0.0;0
22;30;0;0;0.0;0.0;0.0;0.9565217391304348;1.0;0.0;0.0;0.0;0.0;0.0;0
18;0;0;0;0.0;0.0;0.0;0.782608695652174;0.0;0.0;0.0;0.0;0.0;0.0;0
18;30;0;0;1.37;0.0;0.0;0.782608695652174;1.0;0.0;0.0;0.10386656557998485;0.0;0.0;1
12;30;0;0;0.0;0.0;0.0;0.5217391304347826;1.0;0.0;0.0;0.0;0.0;0.0;0
1;0;0;0;0.0;0.0;0.0;0.043478260869565216;0.0;0.0;0.0;0.0;0.0;0.0;0
9;0;0;0;0.0;0.0;0.0;0.391304347826087;0.0;0.0;0.0;0.0;0.0;0.0;0
23;30;0;0;0.0;0.0;0.0;1.0;1.0;0.0;0.0;0.0;0.0;0.0;0
0;30;0;0;0.0;0.0;0.0;0.0;1.0;0.0;0.0;0.0;0.0;0.0;0
14;0;0;0;0.0;0.0;0.0;0.6086956521739131;0.0;0.0;0.0;0.0;0.0;0.0;0
7;30;0;0;0.0;0.0;0.0;0.30434782608695654;1.0;0.0;0.0;0.0;0.0;0.0;0
0;0;0;0;0.0;0.0;0.0;0.0;0.0;0.0;0.0;0.0;0.0;0.0;0
7;0;0;0;0.0;0.0;0.0;0.30434782608695654;0.0;0.0;0.0;0.0;0.0;0.0;0
3;0;0;0;0.0;0.0;0.0;0.13043478260869565;0.0;0.0;0.0;0.0;0.0;0.0;0
12;0;0;0;0.0;0.0;0.0;0.5217391304347826;0.0;0.0;0.0;0.0;0.0;0.0;0
16;0;0;0;0.0;0.0;0.0;0.6956521739130435;0.0;0.0;0.0;0.0;0.0;0.0;0
13;0;0;0;0.0;0.0;0.0;0.5652173913043478;0.0;0.0;0.0;0.0;0.0;0.0;0
22;30;2;0;0.0;0.0;0.0;0.9565217391304348;1.0;0.0625;0.0;0.0;0.0;0.0;0
4;30;0;0;0.0;0.0;0.0;0.17391304347826086;1.0;0.0;0.0;0.0;0.0;0.0;0
6;0;0;0;0.0;0.0;0.0;0.2608695652173913;0.0;0.0;0.0;0.0;0.0;0.0;0
4;30;0;0;0.0;0.0;0.0;0.17391304347826086;1.0;0.0;0.0;0.0;0.0;0.0;0
16;0;0;0;0.0;0.0;0.0;0.6956521739130435;0.0;0.0;0.0;0.0;0.0;0.0;0
5;30;0;0;0.0;0.0;0.0;0.21739130434782608;1.0;0.0;0.0;0.0;0.0;0.0;0
8;30;0;0;0.0;0.0;0.0;0.34782608695652173;1.0;0.0;0.0;0.0;0.0;0.0;0
1;30;0;0;0.0;0.0;0.0;0.043478260869565216;1.0;0.0;0.0;0.0;0.0;0.0;0
16;30;0;0;0.0;0.0;0.0;0.6956521739130435;1.0;0.0;0.0;0.0;0.0;0.0;0
20;30;3;0;0.0;0.0;0.0;0.8695652173913043;1.0;0.09375;0.0;0.0;0.0;0.0;0
12;30;0;0;0.0;0.0;0.0;0.5217391304347826;1.0;0.0;0.0;0.0;0.0;0.0;0
11;30;0;0;0.0;0.0;0.0;0.4782608695652174;1.0;0.0;0.0;0.0;0.0;0.0;0
5;30;0;0;0.0;0.0;0.0;0.21739130434782608;1.0;0.0;0.0;0.0;0.0;0.0;0
23;30;0;0;0.0;0.0;0.0;1.0;1.0;0.0;0.0;0.0;0.0;0.0;0
20;30;0;0;0.0;0.0;0.0;0.8695652173913043;1.0;0.0;0.0;0.0;0.0;0.0;0
17;30;0;0;0.0;0.0;0.0;0.7391304347826086;1.0;0.0;0.0;0.0;0.0;0.0;0
9;30;0;0;0.0;0.0;0.0;0.391304347826087;1.0;0.0;0.0;0.0;0.0;0.0;0
21;0;0;0;0.0;0.0;0.0;0.9130434782608695;0.0;0.0;0.0;0.0;0.0;0.0;0
7;30;0;0;0.0;0.0;0.0;0.30434782608695654;1.0;0.0;0.0;0.0;0.0;0.0;0
21;0;0;0;0.98;0.0;0.0;0.9130434782608695;0.0;0.0;0.0;0.07429871114480667;0.0;0.0;0
2;30;0;0;0.0;0.0;0.0;0.08695652173913043;1.0;0.0;0.0;0.0;0.0;0.0;0
5;0;0;0;0.0;0.0;0.0;0.21739130434782608;0.0;0.0;0.0;0.0;0.0;0.0;0
9;0;0;0;0.2;0.0;0.0;0.391304347826087;0.0;0.0;0.0;0.015163002274450343;0.0;0.0;0
18;30;0;0;0.0;0.0;0.0;0.782608695652174;1.0;0.0;0.0;0.0;0.0;0.0;0
21;0;1;0;0.2;0.0;0.0;0.9130434782608695;0.0;0.03125;0.0;0.015163002274450343;0.0;0.0;0
2;30;0;0;0.0;0.0;0.0;0.08695652173913043;1.0;0.0;0.0;0.0;0.0;0.0;0
6;30;0;0;0.0;0.0;0.0;0.2608695652173913;1.0;0.0;0.0;0.0;0.0;0.0;0
5;0;0;0;0.0;0.0;0.0;0.21739130434782608;0.0;0.0;0.0;0.0;0.0;0.0;0
2;30;0;0;0.0;0.0;0.0;0.08695652173913043;1.0;0.0;0.0;0.0;0.0;0.0;0
11;0;1;0;0.0;0.0;0.0;0.4782608695652174;0.0;0.03125;0.0;0.0;0.0;0.0;0
22;0;5;0;0.0;0.0;0.0;0.9565217391304348;0.0;0.15625;0.0;0.0;0.0;0.0;0
8;30;0;0;0.0;0.0;0.0;0.34782608695652173;1.0;0.0;0.0;0.0;0.0;0.0;0
3;30;0;0;0.0;0.0;0.0;0.13043478260869565;1.0;0.0;0.0;0.0;0.0;0.0;0
9;0;0;0;0.0;0.0;0.0;0.391304347826087;0.0;0.0;0.0;0.0;0.0;0.0;0
20;0;0;0;9.85;0.0;0.0;0.8695652173913043;0.0;0.0;0.0;0.7467778620166793;0.0;0.0;2
2;0;0;0;0.0;0.0;0.0;0.08695652173913043;0.0;0.0;0.0;0.0;0.0;0.0;0
10;0;0;0;0.0;0.0;0.0;0.43478260869565216;0.0;0.0;0.0;0.0;0.0;0.0;0
17;0;0;0;0.4;0.0;0.0;0.7391304347826086;0.0;0.0;0.0;0.030326004548900685;0.0;0.0;0
7;30;0;0;0.0;0.0;0.0;0.30434782608695654;1.0;0.0;0.0;0.0;0.0;0.0;0
16;30;0;0;0.0;0.0;0.0;0.6956521739130435;1.0;0.0;0.0;0.0;0.0;0.0;0
17;0;1;0;0.0;0.0;0.0;0.7391304347826086;0.0;0.03125;0.0;0.0;0.0;0.0;0
1;30;0;0;0.4;0.0;0.0;0.043478260869565216;1.0;0.0;0.0;0.030326004548900685;0.0;0.0;0
13;30;0;0;0.0;0.0;0.0;0.5652173913043478;1.0;0.0;0.0;0.0;0.0;0.0;0
13;0;0;0;0.0;0.0;0.0;0.5652173913043478;0.0;0.0;0.0;0.0;0.0;0.0;0
11;30;0;0;0.0;0.0;0.0;0.4782608695652174;1.0;0.0;0.0;0.0;0.0;0.0;0
3;30;0;0;0.0;0.0;0.0;0.13043478260869565;1.0;0.0;0.0;0.0;0.0;0.0;0
7;30;0;0;0.0;0.0;0.0;0.30434782608695654;1.0;0.0;0.0;0.0;0.0;0.0;0
13;0;0;0;0.0;0.0;0.0;0.5652173913043478;0.0;0.0;0.0;0.0;0.0;0.0;0
8;0;0;0;0.0;0.0;0.0;0.34782608695652173;0.0;0.0;0.0;0.0;0.0;0.0;0
13;0;0;0;0.0;0.0;0.0;0.5652173913043478;0.0;0.0;0.0;0.0;0.0;0.0;0
15;30;1;0;0.0;0.0;0.0;0.6521739130434783;1.0;0.03125;0.0;0.0;0.0;0.0;0
5;30;0;0;0.0;0.0;0.0;0.21739130434782608;1.0;0.0;0.0;0.0;0.0;0.0;0
22;0;0;0;0.0;0.0;0.0;0.9565217391304348;0.0;0.0;0.0;0.0;0.0;0.0;0
9;30;0;0;0.0;0.0;0.0;0.391304347826087;1.0;0.0;0.0;0.0;0.0;0.0;0
3;0;0;0;0.0;0.0;0.0;0.13043478260869565;0.0;0.0;0.0;0.0;0.0;0.0;0
11;0;0;0;0.0;0.0;0.0;0.4782608695652174;0.0;0.0;0.0;0.0;0.0;0.0;0
7;0;0;0;0.0;0.0;0.0;0.30434782608695654;0.0;0.0;0.0;0.0;0.0;0.0;0
17;30;0;0;1.77;0.0;0.0;0.7391304347826086;1.0;0.0;0.0;0.13419257012888552;0.0;0.0;1
10;0;0;0;1.77;0.0;0.0;0.43478260869565216;0.0;0.0;0.0;0.13419257012888552;0.0;0.0;0
3;30;0;0;0.0;0.0;0.0;0.13043478260869565;1.0;0.0;0.0;0.0;0.0;0.0;0
9;0;0;0;0.0;0.0;0.0;0.391304347826087;0.0;0.0;0.0;0.0;0.0;0.0;0
7;0;0;0;0.0;0.0;0.0;0.30434782608695654;0.0;0.0;0.0;0.0;0.0;0.0;0
6;0;0;0;0.0;0.0;0.0;0.2608695652173913;0.0;0.0;0.0;0.0;0.0;0.0;0
12;0;0;0;0.0;0.0;0.0;0.5217391304347826;0.0;0.0;0.0;0.0;0.0;0.0;0
1;0;0;0;0.0;0.0;0.0;0.043478260869565216;0.0;0.0;0.0;0.0;0.0;0.0;0
1;0;0;0;0.0;0.0;0.0;0.043478260869565216;0.0;0.0;0.0;0.0;0.0;0.0;0
9;30;0;0;0.0;0.0;0.0;0.391304347826087;1.0;0.0;0.0;0.0;0.0;0.0;0
9;30;0;0;0.0;0.0;0.0;0.391304347826087;1.0;0.0;0.0;0.0;0.0;0.0;0
12;30;0;0;0.0;0.0;0.0;0.5217391304347826;1.0;0.0;0.0;0.0;0.0;0.0;0
6;0;0;0;0.0;0.0;0.0;0.2608695652173913;0.0;0.0;0.0;0.0;0.0;0.0;0
8;0;0;0;0.0;0.0;0.0;0.34782608695652173;0.0;0.0;0.0;0.0;0.0;0.0;0
6;0;0;0;0.0;0.0;0.0;0.2608695652173913;0.0;0.0;0.0;0.0;0.0;0.0;0
15;30;0;0;0.0;0.0;0.0;0.6521739130434783;1.0;0.0;0.0;0.0;0.0;0.0;0
12;0;0;0;0.0;0.0;0.0;0.5217391304347826;0.0;0.0;0.0;0.0;0.0;0.0;0
22;0;0;0;0.0;0.0;0.0;0.9565217391304348;0.0;0.0;0.0;0.0;0.0;0.0;0
11;0;0;0;0.0;0.0;0.0;0.4782608695652174;0.0;0.0;0.0;0.0;0.0;0.0;0
23;30;2;0;0.0;0.0;0.0;1.0;1.0;0.0625;0.0;0.0;0.0;0.0;0
0;30;0;0;0.0;0.0;0.0;0.0;1.0;0.0;0.0;0.0;0.0;0.0;0
16;0;0;0;0.0;0.0;0.0;0.6956521739130435;0.0;0.0;0.0;0.0;0.0;0.0;0
11;0;0;0;0.39;0.0;0.0;0.4782608695652174;0.0;0.0;0.0;0.02956785443517817;0.0;0.0;0
16;30;0;0;0.0;0.0;0.0;0.6956521739130435;1.0;0.0;0.0;0.0;0.0;0.0;0
23;30;0;0;0.0;0.0;0.0;1.0;1.0;0.0;0.0;0.0;0.0;0.0;0
16;0;0;0;0.0;0.0;0.0;0.6956521739130435;0.0;0.0;0.0;0.0;0.0;0.0;0
2;0;0;0;0.0;0.0;0.0;0.08695652173913043;0.0;0.0;0.0;0.0;0.0;0.0;0
2;0;0;0;0.0;0.0;0.0;0.08695652173913043;0.0;0.0;0.0;0.0;0.0;0.0;0
8;0;0;0;0.0;0.0;0.0;0.34782608695652173;0.0;0.0;0.0;0.0;0.0;0.0;0
1;30;0;0;0.0;0.0;0.0;0.043478260869565216;1.0;0.0;0.0;0.0;0.0;0.0;0
13;0;0;0;0.0;0.0;0.0;0.5652173913043478;0.0;0.0;0.0;0.0;0.0;0.0;0
17;0;0;0;0.0;0.0;0.0;0.7391304347826086;0.0;0.0;0.0;0.0;0.0;0.0;0
22;30;0;0;0.0;0.0;0.0;0.9565217391304348;1.0;0.0;0.0;0.0;0.0;0.0;0
10;30;0;0;0.0;0.0;0.0;0.43478260869565216;1.0;0.0;0.0;0.0;0.0;0.0;0
2;30;0;0;0.0;0.0;0.0;0.08695652173913043;1.0;0.0;0.0;0.0;0.0;0.0;0
6;30;0;0;0.0;0.0;0.0;0.2608695652173913;1.0;0.0;0.0;0.0;0.0;0.0;0
19;30;0;0;0.0;0.0;0.0;0.8260869565217391;1.0;0.0;0.0;0.0;0.0;0.0;0
12;30;0;0;0.0;0.0;0.0;0.5217391304347826;1.0;0.0;0.0;0.0;0.0;0.0;0
14;30;0;0;0.0;0.0;0.0;0.6086956521739131;1.0;0.0;0.0;0.0;0.0;0.0;0
9;0;0;0;0.0;0.0;0.0;0.391304347826087;0.0;0.0;0.0;0.0;0.0;0.0;0
7;0;0;0;0.0;0.0;0.0;0.30434782608695654;0.0;0.0;0.0;0.0;0.0;0.0;0
14;30;0;0;0.0;0.0;0.0;0.6086956521739131;1.0;0.0;0.0;0.0;0.0;0.0;0
8;0;0;0;0.0;0.0;0.0;0.34782608695652173;0.0;0.0;0.0;0.0;0.0;0.0;0
11;30;0;0;0.0;0.0;0.0;0.4782608695652174;1.0;0.0;0.0;0.0;0.0;0.0;0
10;0;0;0;0.0;0.0;0.0;0.43478260869565216;0.0;0.0;0.0;0.0;0.0;0.0;0
1;30;0;0;0.0;0.0;0.0;0.043478260869565216;1.0;0.0;0.0;0.0;0.0;0.0;0
3;30;0;0;0.0;0.0;0.0;0.13043478260869565;1.0;0.0;0.0;0.0;0.0;0.0;0
9;0;0;0;0.4;0.0;0.0;0.391304347826087;0.0;0.0;0.0;0.030326004548900685;0.0;0.0;0
1;0;0;0;0.0;0.0;0.0;0.043478260869565216;0.0;0.0;0.0;0.0;0.0;0.0;0
12;0;0;0;0.0;0.0;0.0;0.5217391304347826;0.0;0.0;0.0;0.0;0.0;0.0;0
16;30;0;0;0.0;0.0;0.0;0.6956521739130435;1.0;0.0;0.0;0.0;0.0;0.0;0
1;30;0;0;0.0;0.0;0.0;0.043478260869565216;1.0;0.0;0.0;0.0;0.0;0.0;0
7;0;0;0;0.0;0.0;0.0;0.30434782608695654;0.0;0.0;0.0;0.0;0.0;0.0;0
2;30;0;0;0.0;0.0;0.0;0.08695652173913043;1.0;0.0;0.0;0.0;0.0;0.0;0
21;30;1;0;0.0;0.0;0.0;0.9130434782608695;1.0;0.03125;0.0;0.0;0.0;0.0;0
22;0;0;0;0.0;0.0;0.0;0.9565217391304348;0.0;0.0;0.0;0.0;0.0;0.0;0
23;0;0;0;0.0;0.0;0.0;1.0;0.0;0.0;0.0;0.0;0.0;0.0;0
19;30;0;0;0.0;0.0;0.0;0.8260869565217391;1.0;0.0;0.0;0.0;0.0;0.0;0
9;0;0;0;0.0;0.0;0.0;0.391304347826087;0.0;0.0;0.0;0.0;0.0;0.0;0
3;30;0;0;0.0;0.0;0.0;0.13043478260869565;1.0;0.0;0.0;0.0;0.0;0.0;0
10;0;0;0;0.0;0.0;0.0;0.43478260869565216;0.0;0.0;0.0;0.0;0.0;0.0;0
11;30;0;0;0.0;0.0;0.0;0.4782608695652174;1.0;0.0;0.0;0.0;0.0;0.0;0
4;30;0;0;0.4;0.0;0.0;0.17391304347826086;1.0;0.0;0.0;0.030326004548900685;0.0;0.0;0
6;0;0;0;0.0;0.0;0.0;0.2608695652173913;0.0;0.0;0.0;0.0;0.0;0.0;0
17;0;0;0;0.0;0.0;0.0;0.7391304347826086;0.0;0.0;0.0;0.0;0.0;0.0;0
9;30;0;0;0.0;0.0;0.0;0.391304347826087;1.0;0.0;0.0;0.0;0.0;0.0;0
12;0;0;0;0.0;0.0;0.0;0.5217391304347826;0.0;0.0;0.0;0.0;0.0;0.0;0
9;0;0;0;0.0;0.0;0.0;0.391304347826087;0.0;0.0;0.0;0.0;0.0;0.0;0
11;0;1;0;0.0;0.0;0.0;0.4782608695652174;0.0;0.03125;0.0;0.0;0.0;0.0;0
2;0;0;0;0.0;0.0;0.0;0.08695652173913043;0.0;0.0;0.0;0.0;0.0;0.0;0
22;0;0;0;0.0;0.0;0.0;0.9565217391304348;0.0;0.0;0.0;0.0;0.0;0.0;0
12;0;0;0;0.0;0.0;0.0;0.5217391304347826;0.0;0.0;0.0;0.0;0.0;0.0;0
19;30;0;0;0.0;0.0;0.0;0.8260869565217391;1.0;0.0;0.0;0.0;0.0;0.0;0
0;0;0;0;0.0;0.0;0.0;0.0;0.0;0.0;0.0;0.0;0.0;0.0;0
17;30;1;0;0.2;0.0;0.0;0.7391304347826086;1.0;0.03125;0.0;0.015163002274450343;0.0;0.0;0
0;0;1;0;0.0;0.0;0.0;0.0;0.0;0.03125;0.0;0.0;0.0;0.0;0
14;0;0;0;0.0;0.0;0.0;0.6086956521739131;0.0;0.0;0.0;0.0;0.0;0.0;0
6;0;0;0;0.0;0.0;0.0;0.2608695652173913;0.0;0.0;0.0;0.0;0.0;0.0;0
4;0;0;0;0.0;0.0;0.0;0.17391304347826086;0.0;0.0;0.0;0.0;0.0;0.0;0
3;30;0;0;1.96;0.0;0.0;0.13043478260869565;1.0;0.0;0.0;0.14859742228961334;0.0;0.0;0
18;0;0;0;0.0;0.0;0.0;0.782608695652174;0.0;0.0;0.0;0.0;0.0;0.0;0
5;30;0;0;0.0;0.0;0.0;0.21739130434782608;1.0;0.0;0.0;0.0;0.0;0.0;0
17;30;0;0;0.0;0.0;0.0;0.7391304347826086;1.0;0.0;0.0;0.0;0.0;0.0;0
10;30;0;0;0.0;0.0;0.0;0.43478260869565216;1.0;0.0;0.0;0.0;0.0;0.0;0
23;30;0;0;0.0;0.0;0.0;1.0;1.0;0.0;0.0;0.0;0.0;0.0;0
15;0;0;0;0.0;0.0;0.0;0.6521739130434783;0.0;0.0;0.0;0.0;0.0;0.0;0
21;30;1;0;0.79;0.0;0.0;0.9130434782608695;1.0;0.03125;0.0;0.059893858984078854;0.0;0.0;0
14;30;0;0;0.0;0.0;0.0;0.6086956521739131;1.0;0.0;0.0;0.0;0.0;0.0;0
2;0;0;0;0.0;0.0;0.0;0.08695652173913043;0.0;0.0;0.0;0.0;0.0;0.0;0
16;0;0;0;0.0;0.0;0.0;0.6956521739130435;0.0;0.0;0.0;0.0;0.0;0.0;0
15;0;1;0;0.2;0.0;0.0;0.6521739130434783;0.0;0.03125;0.0;0.015163002274450343;0.0;0.0;1
12;0;0;0;0.0;0.0;0.0;0.5217391304347826;0.0;0.0;0.0;0.0;0.0;0.0;0
10;0;0;0;0.98;0.0;0.0;0.43478260869565216;0.0;0.0;0.0;0.07429871114480667;0.0;0.0;0
3;0;0;0;0.0;0.0;0.0;0.13043478260869565;0.0;0.0;0.0;0.0;0.0;0.0;0
23;0;2;0;0.0;0.0;0.0;1.0;0.0;0.0625;0.0;0.0;0.0;0.0;0
2;30;0;0;0.0;0.0;0.0;0.08695652173913043;1.0;0.0;0.0;0.0;0.0;0.0;0
3;0;0;0;0.0;0.0;0.0;0.13043478260869565;0.0;0.0;0.0;0.0;0.0;0.0;0
13;30;0;0;0.0;0.0;0.0;0.5652173913043478;1.0;0.0;0.0;0.0;0.0;0.0;0
3;0;0;0;0.0;0.0;0.0;0.13043478260869565;0.0;0.0;0.0;0.0;0.0;0.0;0
15;0;0;0;0.0;0.0;0.0;0.6521739130434783;0.0;0.0;0.0;0.0;0.0;0.0;0
3;30;0;0;0.0;0.0;0.0;0.13043478260869565;1.0;0.0;0.0;0.0;0.0;0.0;0
15;30;0;0;0.0;0.0;0.0;0.6521739130434783;1.0;0.0;0.0;0.0;0.0;0.0;0
1;30;0;0;0.0;0.0;0.0;0.043478260869565216;1.0;0.0;0.0;0.0;0.0;0.0;0
1;30;0;0;0.0;0.0;0.0;0.043478260869565216;1.0;0.0;0.0;0.0;0.0;0.0;0
17;30;0;0;0.0;0.0;0.0;0.7391304347826086;1.0;0.0;0.0;0.0;0.0;0.0;0
15;30;0;0;0.0;0.0;0.0;0.6521739130434783;1.0;0.0;0.0;0.0;0.0;0.0;0
10;0;0;0;0.0;0.0;0.0;0.43478260869565216;0.0;0.0;0.0;0.0;0.0;0.0;0
9;30;0;0;0.0;0.0;0.0;0.391304347826087;1.0;0.0;0.0;0.0;0.0;0.0;0
23;30;0;0;0.6;0.0;0.0;1.0;1.0;0.0;0.0;0.045489006823351025;0.0;0.0;0
22;0;0;0;0.0;0.0;0.0;0.9565217391304348;0.0;0.0;0.0;0.0;0.0;0.0;0
7;30;0;0;0.0;0.0;0.0;0.30434782608695654;1.0;0.0;0.0;0.0;0.0;0.0;0
7;30;0;0;0.0;0.0;0.0;0.30434782608695654;1.0;0.0;0.0;0.0;0.0;0.0;0
14;0;3;0;0.0;0.0;0.0;0.6086956521739131;0.0;0.09375;0.0;0.0;0.0;0.0;0
20;30;0;0;0.0;0.0;0.0;0.8695652173913043;1.0;0.0;0.0;0.0;0.0;0.0;0
9;30;0;0;0.0;0.0;0.0;0.391304347826087;1.0;0.0;0.0;0.0;0.0;0.0;0
9;0;0;0;0.0;0.0;0.0;0.391304347826087;0.0;0.0;0.0;0.0;0.0;0.0;0
9;0;1;0;0.0;0.0;0.0;0.391304347826087;0.0;0.03125;0.0;0.0;0.0;0.0;0
5;30;0;0;0.0;0.0;0.0;0.21739130434782608;1.0;0.0;0.0;0.0;0.0;0.0;0
4;0;0;0;0.0;0.0;0.0;0.17391304347826086;0.0;0.0;0.0;0.0;0.0;0.0;0
3;0;0;0;0.0;0.0;0.0;0.13043478260869565;0.0;0.0;0.0;0.0;0.0;0.0;0
18;30;0;0;0.0;0.0;0.0;0.782608695652174;1.0;0.0;0.0;0.0;0.0;0.0;0
15;0;0;0;0.0;0.0;0.0;0.6521739130434783;0.0;0.0;0.0;0.0;0.0;0.0;0
15;30;0;0;0.0;0.0;0.0;0.6521739130434783;1.0;0.0;0.0;0.0;0.0;0.0;0
0;0;0;0;0.0;0.0;0.0;0.0;0.0;0.0;0.0;0.0;0.0;0.0;0
13;0;0;0;0.0;0.0;0.0;0.5652173913043478;0.0;0.0;0.0;0.0;0.0;0.0;0
10;0;0;0;0.2;0.0;0.0;0.43478260869565216;0.0;0.0;0.0;0.015163002274450343;0.0;0.0;1
7;30;2;0;0.0;0.0;0.0;0.30434782608695654;1.0;0.0625;0.0;0.0;0.0;0.0;0
13;30;0;0;0.0;0.0;0.0;0.5652173913043478;1.0;0.0;0.0;0.0;0.0;0.0;0
16;0;0;0;0.0;0.0;0.0;0.6956521739130435;0.0;0.0;0.0;0.0;0.0;0.0;0
6;30;0;0;0.0;0.0;0.0;0.2608695652173913;1.0;0.0;0.0;0.0;0.0;0.0;0
19;30;0;0;0.0;0.0;0.0;0.8260869565217391;1.0;0.0;0.0;0.0;0.0;0.0;0
16;30;0;0;0.98;0.0;0.0;0.6956521739130435;1.0;0.0;0.0;0.07429871114480667;0.0;0.0;0
20;0;0;0;3.73;0.0;0.0;0.8695652173913043;0.0;0.0;0.0;0.2827899924184989;0.0;0.0;0
8;0;0;0;0.0;0.0;0.0;0.34782608695652173;0.0;0.0;0.0;0.0;0.0;0.0;0
14;30;0;0;0.0;0.0;0.0;0.6086956521739131;1.0;0.0;0.0;0.0;0.0;0.0;0
20;0;0;0;0.0;0.0;0.0;0.8695652173913043;0.0;0.0;0.0;0.0;0.0;0.0;0
7;0;0;0;0.0;0.0;0.0;0.30434782608695654;0.0;0.0;0.0;0.0;0.0;0.0;0
3;30;0;0;0.0;0.0;0.0;0.13043478260869565;1.0;0.0;0.0;0.0;0.0;0.0;0
11;0;0;0;0.0;0.0;0.0;0.4782608695652174;0.0;0.0;0.0;0.0;0.0;0.0;0
17;30;0;0;0.0;0.0;0.0;0.7391304347826086;1.0;0.0;0.0;0.0;0.0;0.0;0
21;0;0;0;0.0;0.0;0.0;0.9130434782608695;0.0;0.0;0.0;0.0;0.0;0.0;0
20;30;0;0;0.0;0.0;0.0;0.8695652173913043;1.0;0.0;0.0;0.0;0.0;0.0;0
1;30;0;0;0.0;0.0;0.0;0.043478260869565216;1.0;0.0;0.0;0.0;0.0;0.0;0
18;0;0;0;0.0;0.0;0.0;0.782608695652174;0.0;0.0;0.0;0.0;0.0;0.0;0
22;30;0;0;0.0;0.0;0.0;0.9565217391304348;1.0;0.0;0.0;0.0;0.0;0.0;0
22;0;3;0;0.0;0.0;0.0;0.9565217391304348;0.0;0.09375;0.0;0.0;0.0;0.0;0
17;30;0;0;0.0;0.0;0.0;0.7391304347826086;1.0;0.0;0.0;0.0;0.0;0.0;0
15;30;2;0;0.0;0.0;0.0;0.6521739130434783;1.0;0.0625;0.0;0.0;0.0;0.0;0
21;30;0;0;7.87;0.0;0.0;0.9130434782608695;1.0;0.0;0.0;0.5966641394996209;0.0;0.0;1
13;0;0;0;0.0;0.0;0.0;0.5652173913043478;0.0;0.0;0.0;0.0;0.0;0.0;0
13;30;0;0;0.0;0.0;0.0;0.5652173913043478;1.0;0.0;0.0;0.0;0.0;0.0;0
23;0;1;0;0.0;0.0;0.0;1.0;0.0;0.03125;0.0;0.0;0.0;0.0;0
14;30;0;0;0.0;0.0;0.0;0.6086956521739131;1.0;0.0;0.0;0.0;0.0;0.0;0
19;30;2;0;0.0;0.0;0.0;0.8260869565217391;1.0;0.0625;0.0;0.0;0.0;0.0;0
18;30;0;0;0.0;0.0;0.0;0.782608695652174;1.0;0.0;0.0;0.0;0.0;0.0;0
8;30;0;0;0.0;0.0;0.0;0.34782608695652173;1.0;0.0;0.0;0.0;0.0;0.0;0
20;0;0;0;0.0;0.0;0.0;0.8695652173913043;0.0;0.0;0.0;0.0;0.0;0.0;0
7;0;0;0;0.0;0.0;0.0;0.30434782608695654;0.0;0.0;0.0;0.0;0.0;0.0;0
0;0;0;0;0.0;0.0;0.0;0.0;0.0;0.0;0.0;0.0;0.0;0.0;0
21;0;1;0;0.0;0.0;0.0;0.9130434782608695;0.0;0.03125;0.0;0.0;0.0;0.0;0
0;30;0;0;0.0;0.0;0.0;0.0;1.0;0.0;0.0;0.0;0.0;0.0;0
2;30;0;0;0.0;0.0;0.0;0.08695652173913043;1.0;0.0;0.0;0.0;0.0;0.0;0
2;0;1;0;0.0;0.0;0.0;0.08695652173913043;0.0;0.03125;0.0;0.0;0.0;0.0;0
5;30;0;0;0.0;0.0;0.0;0.21739130434782608;1.0;0.0;0.0;0.0;0.0;0.0;0
6;0;0;0;0.0;0.0;0.0;0.2608695652173913;0.0;0.0;0.0;0.0;0.0;0.0;0
17;0;0;0;0.0;0.0;0.0;0.7391304347826086;0.0;0.0;0.0;0.0;0.0;0.0;0
17;30;0;0;0.0;0.0;0.0;0.7391304347826086;1.0;0.0;0.0;0.0;0.0;0.0;0
22;0;1;0;0.0;0.0;0.0;0.9565217391304348;0.0;0.03125;0.0;0.0;0.0;0.0;0
23;30;0;0;0.0;0.0;0.0;1.0;1.0;0.0;0.0;0.0;0.0;0.0;0
18;30;0;0;0.0;0.0;0.0;0.782608695652174;1.0;0.0;0.0;0.0;0.0;0.0;0
9;0;0;0;0.0;0.0;0.0;0.391304347826087;0.0;0.0;0.0;0.0;0.0;0.0;0
5;0;0;0;0.0;0.0;0.0;0.21739130434782608;0.0;0.0;0.0;0.0;0.0;0.0;0
4;0;0;0;0.0;0.0;0.0;0.17391304347826086;0.0;0.0;0.0;0.0;0.0;0.0;0
7;30;1;0;0.0;0.0;0.0;0.30434782608695654;1.0;0.03125;0.0;0.0;0.0;0.0;0
14;0;0;0;0.0;0.0;0.0;0.6086956521739131;0.0;0.0;0.0;0.0;0.0;0.0;0
22;30;0;0;0.0;0.0;0.0;0.9565217391304348;1.0;0.0;0.0;0.0;0.0;0.0;0
14;0;0;0;0.0;0.0;0.0;0.6086956521739131;0.0;0.0;0.0;0.0;0.0;0.0;0
20;0;0;0;0.0;0.0;0.0;0.8695652173913043;0.0;0.0;0.0;0.0;0.0;0.0;0
7;30;0;0;0.0;0.0;0.0;0.30434782608695654;1.0;0.0;0.0;0.0;0.0;0.0;0
9;0;0;0;0.0;0.0;0.0;0.391304347826087;0.0;0.0;0.0;0.0;0.0;0.0;0
6;30;1;0;0.0;0.0;0.0;0.2608695652173913;1.0;0.03125;0.0;0.0;0.0;0.0;0
15;30;0;0;0.0;0.0;0.0;0.6521739130434783;1.0;0.0;0.0;0.0;0.0;0.0;0
11;0;0;0;0.0;0.0;0.0;0.4782608695652174;0.0;0.0;0.0;0.0;0.0;0.0;0
16;30;0;0;0.0;0.0;0.0;0.6956521739130435;1.0;0.0;0.0;0.0;0.0;0.0;0
8;30;0;0;0.0;0.0;0.0;0.34782608695652173;1.0;0.0;0.0;0.0;0.0;0.0;0
20;30;0;0;0.0;0.0;0.0;0.8695652173913043;1.0;0.0;0.0;0.0;0.0;0.0;0
16;30;0;0;0.0;0.0;0.0;0.6956521739130435;1.0;0.0;0.0;0.0;0.0;0.0;0
22;30;0;0;0.0;0.0;0.0;0.9565217391304348;1.0;0.0;0.0;0.0;0.0;0.0;0
4;0;0;0;0.0;0.0;0.0;0.17391304347826086;0.0;0.0;0.0;0.0;0.0;0.0;0
6;0;0;0;0.0;0.0;0.0;0.2608695652173913;0.0;0.0;0.0;0.0;0.0;0.0;0
9;30;1;0;0.0;0.0;0.0;0.391304347826087;1.0;0.03125;0.0;0.0;0.0;0.0;0
15;0;0;0;0.4;0.0;0.0;0.6521739130434783;0.0;0.0;0.0;0.030326004548900685;0.0;0.0;0
3;0;0;0;1.77;0.0;0.0;0.13043478260869565;0.0;0.0;0.0;0.13419257012888552;0.0;0.0;1
12;30;1;0;0.0;0.0;0.0;0.5217391304347826;1.0;0.03125;0.0;0.0;0.0;0.0;0
13;0;0;0;0.0;0.0;0.0;0.5652173913043478;0.0;0.0;0.0;0.0;0.0;0.0;0
21;0;1;0;0.79;0.0;0.0;0.9130434782608695;0.0;0.03125;0.0;0.059893858984078854;0.0;0.0;0
19;0;1;0;0.0;0.0;0.0;0.8260869565217391;0.0;0.03125;0.0;0.0;0.0;0.0;0
10;30;0;0;0.0;0.0;0.0;0.43478260869565216;1.0;0.0;0.0;0.0;0.0;0.0;0
22;30;0;0;5.69;0.0;0.0;0.9565217391304348;1.0;0.0;0.0;0.43138741470811226;0.0;0.0;1
22;0;0;0;0.4;0.0;0.0;0.9565217391304348;0.0;0.0;0.0;0.030326004548900685;0.0;0.0;0
1;0;1;0;0.0;0.0;0.0;0.043478260869565216;0.0;0.03125;0.0;0.0;0.0;0.0;0
11;30;0;0;0.0;0.0;0.0;0.4782608695652174;1.0;0.0;0.0;0.0;0.0;0.0;0
14;30;0;0;0.0;0.0;0.0;0.6086956521739131;1.0;0.0;0.0;0.0;0.0;0.0;0
22;30;0;0;0.0;0.0;0.0;0.9565217391304348;1.0;0.0;0.0;0.0;0.0;0.0;0
2;30;0;0;0.0;0.0;0.0;0.08695652173913043;1.0;0.0;0.0;0.0;0.0;0.0;0
23;0;0;0;0.2;0.0;0.0;1.0;0.0;0.0;0.0;0.015163002274450343;0.0;0.0;0
1;0;0;0;0.0;0.0;0.0;0.043478260869565216;0.0;0.0;0.0;0.0;0.0;0.0;0
20;30;1;0;0.0;0.0;0.0;0.8695652173913043;1.0;0.03125;0.0;0.0;0.0;0.0;0
17;30;0;0;0.0;0.0;0.0;0.7391304347826086;1.0;0.0;0.0;0.0;0.0;0.0;0
20;30;0;0;0.0;0.0;0.0;0.8695652173913043;1.0;0.0;0.0;0.0;0.0;0.0;0
9;30;0;0;0.0;0.0;0.0;0.391304347826087;1.0;0.0;0.0;0.0;0.0;0.0;0
21;30;0;0;0.0;0.0;0.0;0.9130434782608695;1.0;0.0;0.0;0.0;0.0;0.0;0
10;30;0;0;0.0;0.0;0.0;0.43478260869565216;1.0;0.0;0.0;0.0;0.0;0.0;0
18;30;0;0;0.0;0.0;0.0;0.782608695652174;1.0;0.0;0.0;0.0;0.0;0.0;0
10;0;0;0;0.0;0.0;0.0;0.43478260869565216;0.0;0.0;0.0;0.0;0.0;0.0;0
6;0;0;0;0.0;0.0;0.0;0.2608695652173913;0.0;0.0;0.0;0.0;0.0;0.0;0
16;0;3;0;0.0;0.0;0.0;0.6956521739130435;0.0;0.09375;0.0;0.0;0.0;0.0;0
10;30;0;0;0.0;0.0;0.0;0.43478260869565216;1.0;0.0;0.0;0.0;0.0;0.0;0
12;0;0;0;0.0;0.0;0.0;0.5217391304347826;0.0;0.0;0.0;0.0;0.0;0.0;0
2;0;0;0;0.0;0.0;0.0;0.08695652173913043;0.0;0.0;0.0;0.0;0.0;0.0;0
0;30;1;0;0.0;0.0;0.0;0.0;1.0;0.03125;0.0;0.0;0.0;0.0;0
13;0;0;0;0.0;0.0;0.0;0.5652173913043478;0.0;0.0;0.0;0.0;0.0;0.0;0
5;0;0;0;0.0;0.0;0.0;0.21739130434782608;0.0;0.0;0.0;0.0;0.0;0.0;0
10;30;0;0;0.0;0.0;0.0;0.43478260869565216;1.0;0.0;0.0;0.0;0.0;0.0;0
11;0;0;0;0.0;0.0;0.0;0.4782608695652174;0.0;0.0;0.0;0.0;0.0;0.0;0
11;30;0;0;0.0;0.0;0.0;0.4782608695652174;1.0;0.0;0.0;0.0;0.0;0.0;0
2;0;0;0;0.0;0.0;0.0;0.08695652173913043;0.0;0.0;0.0;0.0;0.0;0.0;0
14;0;0;0;0.0;0.0;0.0;0.6086956521739131;0.0;0.0;0.0;0.0;0.0;0.0;0
9;30;0;0;0.2;0.0;0.0;0.391304347826087;1.0;0.0;0.0;0.015163002274450343;0.0;0.0;0
20;0;1;0;0.0;0.0;0.0;0.8695652173913043;0.0;0.03125;0.0;0.0;0.0;0.0;0
6;30;0;0;0.0;0.0;0.0;0.2608695652173913;1.0;0.0;0.0;0.0;0.0;0.0;0
1;0;0;0;0.0;0.0;0.0;0.043478260869565216;0.0;0.0;0.0;0.0;0.0;0.0;0
6;30;0;0;0.0;0.0;0.0;0.2608695652173913;1.0;0.0;0.0;0.0;0.0;0.0;0
5;0;0;0;0.0;0.0;0.0;0.21739130434782608;0.0;0.0;0.0;0.0;0.0;0.0;0
7;0;0;0;0.0;0.0;0.0;0.30434782608695654;0.0;0.0;0.0;0.0;0.0;0.0;0
4;0;6;0;0.0;0.0;0.0;0.17391304347826086;0.0;0.1875;0.0;0.0;0.0;0.0;0
21;0;0;0;10.64;0.0;0.0;0.9130434782608695;0.0;0.0;0.0;0.8066717210007582;0.0;0.0;1
0;30;0;0;0.0;0.0;0.0;0.0;1.0;0.0;0.0;0.0;0.0;0.0;1
6;0;0;0;0.0;0.0;0.0;0.2608695652173913;0.0;0.0;0.0;0.0;0.0;0.0;0
12;30;2;0;0.0;0.0;0.0;0.5217391304347826;1.0;0.0625;0.0;0.0;0.0;0.0;0
1;30;0;0;0.0;0.0;0.0;0.043478260869565216;1.0;0.0;0.0;0.0;0.0;0.0;0
0;30;0;0;0.0;0.0;0.0;0.0;1.0;0.0;0.0;0.0;0.0;0.0;0
1;0;4;0;0.0;0.0;0.0;0.043478260869565216;0.0;0.125;0.0;0.0;0.0;0.0;0
22;0;0;0;0.0;0.0;0.0;0.9565217391304348;0.0;0.0;0.0;0.0;0.0;0.0;0
11;0;0;0;0.0;0.0;0.0;0.4782608695652174;0.0;0.0;0.0;0.0;0.0;0.0;0
2;30;0;0;0.0;0.0;0.0;0.08695652173913043;1.0;0.0;0.0;0.0;0.0;0.0;0
4;0;0;0;0.2;0.0;0.0;0.17391304347826086;0.0;0.0;0.0;0.015163002274450343;0.0;0.0;0
4;30;0;0;0.0;0.0;0.0;0.17391304347826086;1.0;0.0;0.0;0.0;0.0;0.0;0
19;30;0;0;0.59;0.0;0.0;0.8260869565217391;1.0;0.0;0.0;0.04473085670962851;0.0;0.0;0
8;30;0;0;0.0;0.0;0.0;0.34782608695652173;1.0;0.0;0.0;0.0;0.0;0.0;0
21;0;0;0;0.0;0.0;0.0;0.9130434782608695;0.0;0.0;0.0;0.0;0.0;0.0;0
12;30;0;0;0.2;0.0;0.0;0.5217391304347826;1.0;0.0;0.0;0.015163002274450343;0.0;0.0;0
20;30;0;0;0.2;0.0;0.0;0.8695652173913043;1.0;0.0;0.0;0.015163002274450343;0.0;0.0;0
3;30;1;0;0.0;0.0;0.0;0.13043478260869565;1.0;0.03125;0.0;0.0;0.0;0.0;0
5;0;0;0;0.0;0.0;0.0;0.21739130434782608;0.0;0.0;0.0;0.0;0.0;0.0;0
9;0;0;0;0.0;0.0;0.0;0.391304347826087;0.0;0.0;0.0;0.0;0.0;0.0;0
1;0;0;0;0.0;0.0;0.0;0.043478260869565216;0.0;0.0;0.0;0.0;0.0;0.0;0
13;30;0;0;0.0;0.0;0.0;0.5652173913043478;1.0;0.0;0.0;0.0;0.0;0.0;0
16;0;0;0;0.0;0.0;0.0;0.6956521739130435;0.0;0.0;0.0;0.0;0.0;0.0;0
21;0;0;0;0.0;0.0;0.0;0.9130434782608695;0.0;0.0;0.0;0.0;0.0;0.0;0
16;30;0;0;0.0;0.0;0.0;0.6956521739130435;1.0;0.0;0.0;0.0;0.0;0.0;0
11;30;0;0;0.0;0.0;0.0;0.4782608695652174;1.0;0.0;0.0;0.0;0.0;0.0;0
0;30;0;0;0.4;0.0;0.0;0.0;1.0;0.0;0.0;0.030326004548900685;0.0;0.0;0
21;30;0;0;0.0;0.0;0.0;0.9130434782608695;1.0;0.0;0.0;0.0;0.0;0.0;0
6;30;0;0;0.0;0.0;0.0;0.2608695652173913;1.0;0.0;0.0;0.0;0.0;0.0;0
19;30;0;0;0.0;0.0;0.0;0.8260869565217391;1.0;0.0;0.0;0.0;0.0;0.0;0
10;30;0;0;0.2;0.0;0.0;0.43478260869565216;1.0;0.0;0.0;0.015163002274450343;0.0;0.0;0
16;0;0;0;0.0;0.0;0.0;0.6956521739130435;0.0;0.0;0.0;0.0;0.0;0.0;0
15;30;0;0;0.0;0.0;0.0;0.6521739130434783;1.0;0.0;0.0;0.0;0.0;0.0;0
10;30;0;0;0.0;0.0;0.0;0.43478260869565216;1.0;0.0;0.0;0.0;0.0;0.0;0
5;30;0;0;0.0;0.0;0.0;0.21739130434782608;1.0;0.0;0.0;0.0;0.0;0.0;0
11;0;0;0;0.0;0.0;0.0;0.4782608695652174;0.0;0.0;0.0;0.0;0.0;0.0;0
11;30;0;0;0.0;0.0;0.0;0.4782608695652174;1.0;0.0;0.0;0.0;0.0;0.0;0
20;0;0;0;0.0;0.0;0.0;0.8695652173913043;0.0;0.0;0.0;0.0;0.0;0.0;0
7;0;0;0;0.0;0.0;0.0;0.30434782608695654;0.0;0.0;0.0;0.0;0.0;0.0;0
12;0;0;0;0.0;0.0;0.0;0.5217391304347826;0.0;0.0;0.0;0.0;0.0;0.0;0
21;30;0;0;0.0;0.0;0.0;0.9130434782608695;1.0;0.0;0.0;0.0;0.0;0.0;0
8;0;0;0;0.0;0.0;0.0;0.34782608695652173;0.0;0.0;0.0;0.0;0.0;0.0;0
6;0;0;0;0.0;0.0;0.0;0.2608695652173913;0.0;0.0;0.0;0.0;0.0;0.0;0
11;30;0;0;0.0;0.0;0.0;0.4782608695652174;1.0;0.0;0.0;0.0;0.0;0.0;0
13;30;1;0;0.0;0.0;0.0;0.5652173913043478;1.0;0.03125;0.0;0.0;0.0;0.0;0
11;0;0;0;0.0;0.0;0.0;0.4782608695652174;0.0;0.0;0.0;0.0;0.0;0.0;0
13;0;0;0;0.0;0.0;0.0;0.5652173913043478;0.0;0.0;0.0;0.0;0.0;0.0;0
22;30;0;0;0.0;0.0;0.0;0.9565217391304348;1.0;0.0;0.0;0.0;0.0;0.0;0
0;0;0;0;0.0;0.0;0.0;0.0;0.0;0.0;0.0;0.0;0.0;0.0;0
7;30;0;0;0.0;0.0;0.0;0.30434782608695654;1.0;0.0;0.0;0.0;0.0;0.0;0
2;0;0;0;0.2;0.0;0.0;0.08695652173913043;0.0;0.0;0.0;0.015163002274450343;0.0;0.0;0
7;30;0;0;0.0;0.0;0.0;0.30434782608695654;1.0;0.0;0.0;0.0;0.0;0.0;0
15;0;0;0;0.0;0.0;0.0;0.6521739130434783;0.0;0.0;0.0;0.0;0.0;0.0;0
6;30;0;0;0.0;0.0;0.0;0.2608695652173913;1.0;0.0;0.0;0.0;0.0;0.0;0
6;0;0;0;0.0;0.0;0.0;0.2608695652173913;0.0;0.0;0.0;0.0;0.0;0.0;0
4;30;0;0;0.0;0.0;0.0;0.17391304347826086;1.0;0.0;0.0;0.0;0.0;0.0;0
14;0;0;0;0.0;0.0;0.0;0.6086956521739131;0.0;0.0;0.0;0.0;0.0;0.0;0
8;0;0;0;0.0;0.0;0.0;0.34782608695652173;0.0;0.0;0.0;0.0;0.0;0.0;0
5;30;0;0;0.0;0.0;0.0;0.21739130434782608;1.0;0.0;0.0;0.0;0.0;0.0;0
22;30;0;0;0.0;0.0;0.0;0.9565217391304348;1.0;0.0;0.0;0.0;0.0;0.0;0
16;0;0;0;0.0;0.0;0.0;0.6956521739130435;0.0;0.0;0.0;0.0;0.0;0.0;0
13;0;0;0;0.0;0.0;0.0;0.5652173913043478;0.0;0.0;0.0;0.0;0.0;0.0;0
23;0;0;0;0.0;0.0;0.0;1.0;0.0;0.0;0.0;0.0;0.0;0.0;0
13;0;1;0;0.0;0.0;0.0;0.5652173913043478;0.0;0.03125;0.0;0.0;0.0;0.0;0
15;30;0;0;0.0;0.0;0.0;0.6521739130434783;1.0;0.0;0.0;0.0;0.0;0.0;0
6;0;0;0;0.0;0.0;0.0;0.2608695652173913;0.0;0.0;0.0;0.0;0.0;0.0;0
4;30;0;0;0.0;0.0;0.0;0.17391304347826086;1.0;0.0;0.0;0.0;0.0;0.0;0
0;30;0;0;0.0;0.0;0.0;0.0;1.0;0.0;0.0;0.0;0.0;0.0;0
2;0;0;0;0.0;0.0;0.0;0.08695652173913043;0.0;0.0;0.0;0.0;0.0;0.0;0
0;0;0;0;0.0;0.0;0.0;0.0;0.0;0.0;0.0;0.0;0.0;0.0;0
11;30;1;0;0.0;0.0;0.0;0.4782608695652174;1.0;0.03125;0.0;0.0;0.0;0.0;0
22;30;0;0;0.0;0.0;0.0;0.9565217391304348;1.0;0.0;0.0;0.0;0.0;0.0;0
20;30;0;0;0.59;0.0;0.0;0.8695652173913043;1.0;0.0;0.0;0.04473085670962851;0.0;0.0;0
15;30;0;0;0.0;0.0;0.0;0.6521739130434783;1.0;0.0;0.0;0.0;0.0;0.0;0
4;0;0;0;0.0;0.0;0.0;0.17391304347826086;0.0;0.0;0.0;0.0;0.0;0.0;0
12;0;0;0;0.0;0.0;0.0;0.5217391304347826;0.0;0.0;0.0;0.0;0.0;0.0;0
6;30;0;0;0.0;0.0;0.0;0.2608695652173913;1.0;0.0;0.0;0.0;0.0;0.0;0
18;0;0;0;0.0;0.0;0.0;0.782608695652174;0.0;0.0;0.0;0.0;0.0;0.0;0
0;0;0;0;0.6;0.0;0.0;0.0;0.0;0.0;0.0;0.045489006823351025;0.0;0.0;0
22;0;1;0;0.0;0.0;0.0;0.9565217391304348;0.0;0.03125;0.0;0.0;0.0;0.0;0
18;0;0;0;0.0;0.0;0.0;0.782608695652174;0.0;0.0;0.0;0.0;0.0;0.0;0
6;0;0;0;0.0;0.0;0.0;0.2608695652173913;0.0;0.0;0.0;0.0;0.0;0.0;0
4;0;0;0;0.0;0.0;0.0;0.17391304347826086;0.0;0.0;0.0;0.0;0.0;0.0;0
8;30;0;0;0.0;0.0;0.0;0.34782608695652173;1.0;0.0;0.0;0.0;0.0;0.0;0
4;0;0;0;0.0;0.0;0.0;0.17391304347826086;0.0;0.0;0.0;0.0;0.0;0.0;0
22;30;0;0;0.0;0.0;0.0;0.9565217391304348;1.0;0.0;0.0;0.0;0.0;0.0;0
12;0;0;0;0.0;0.0;0.0;0.5217391304347826;0.0;0.0;0.0;0.0;0.0;0.0;0
6;0;0;0;0.0;0.0;0.0;0.2608695652173913;0.0;0.0;0.0;0.0;0.0;0.0;0
1;30;0;0;0.0;0.0;0.0;0.043478260869565216;1.0;0.0;0.0;0.0;0.0;0.0;0
23;0;0;0;0.4;0.0;0.0;1.0;0.0;0.0;0.0;0.030326004548900685;0.0;0.0;0
13;30;0;0;0.0;0.0;0.0;0.5652173913043478;1.0;0.0;0.0;0.0;0.0;0.0;0
7;0;0;0;0.0;0.0;0.0;0.30434782608695654;0.0;0.0;0.0;0.0;0.0;0.0;0
13;0;0;0;0.0;0.0;0.0;0.5652173913043478;0.0;0.0;0.0;0.0;0.0;0.0;0
12;0;0;0;0.0;0.0;0.0;0.5217391304347826;0.0;0.0;0.0;0.0;0.0;0.0;0
23;0;0;0;0.0;0.0;0.0;1.0;0.0;0.0;0.0;0.0;0.0;0.0;0
20;0;1;0;0.0;0.0;0.0;0.8695652173913043;0.0;0.03125;0.0;0.0;0.0;0.0;0
10;0;0;0;0.0;0.0;0.0;0.43478260869565216;0.0;0.0;0.0;0.0;0.0;0.0;0
19;30;1;0;1.97;0.0;0.0;0.8260869565217391;1.0;0.03125;0.0;0.14935557240333586;0.0;0.0;0
11;0;0;0;0.0;0.0;0.0;0.4782608695652174;0.0;0.0;0.0;0.0;0.0;0.0;0
17;30;0;0;0.0;0.0;0.0;0.7391304347826086;1.0;0.0;0.0;0.0;0.0;0.0;0
4;0;0;0;0.0;0.0;0.0;0.17391304347826086;0.0;0.0;0.0;0.0;0.0;0.0;0
11;0;0;0;0.0;0.0;0.0;0.4782608695652174;0.0;0.0;0.0;0.0;0.0;0.0;0
3;0;0;0;0.0;0.0;0.0;0.13043478260869565;0.0;0.0;0.0;0.0;0.0;0.0;0
20;0;0;0;0.0;0.0;0.0;0.8695652173913043;0.0;0.0;0.0;0.0;0.0;0.0;0
4;30;0;0;0.0;0.0;0.0;0.17391304347826086;1.0;0.0;0.0;0.0;0.0;0.0;0
15;0;1;0;0.0;0.0;0.0;0.6521739130434783;0.0;0.03125;0.0;0.0;0.0;0.0;0
13;30;0;0;0.0;0.0;0.0;0.5652173913043478;1.0;0.0;0.0;0.0;0.0;0.0;0
23;30;0;0;0.4;0.0;0.0;1.0;1.0;0.0;0.0;0.030326004548900685;0.0;0.0;0
10;30;0;0;0.0;0.0;0.0;0.43478260869565216;1.0;0.0;0.0;0.0;0.0;0.0;0
5;30;0;0;0.0;0.0;0.0;0.21739130434782608;1.0;0.0;0.0;0.0;0.0;0.0;0
11;30;0;0;0.0;0.0;0.0;0.4782608695652174;1.0;0.0;0.0;0.0;0.0;0.0;0
1;30;0;0;0.0;0.0;0.0;0.043478260869565216;1.0;0.0;0.0;0.0;0.0;0.0;0
12;30;0;0;0.0;0.0;0.0;0.5217391304347826;1.0;0.0;0.0;0.0;0.0;0.0;0
0;30;1;0;0.0;0.0;0.0;0.0;1.0;0.03125;0.0;0.0;0.0;0.0;0
16;0;0;0;0.2;0.0;0.0;0.6956521739130435;0.0;0.0;0.0;0.015163002274450343;0.0;0.0;0
0;0;0;0;0.0;0.0;0.0;0.0;0.0;0.0;0.0;0.0;0.0;0.0;0
21;30;0;0;0.0;0.0;0.0;0.9130434782608695;1.0;0.0;0.0;0.0;0.0;0.0;0
3;0;0;0;0.0;0.0;0.0;0.13043478260869565;0.0;0.0;0.0;0.0;0.0;0.0;0
0;0;0;0;0.0;0.0;0.0;0.0;0.0;0.0;0.0;0.0;0.0;0.0;0
21;0;0;0;0.0;0.0;0.0;0.9130434782608695;0.0;0.0;0.0;0.0;0.0;0.0;0
15;30;0;0;0.0;0.0;0.0;0.6521739130434783;1.0;0.0;0.0;0.0;0.0;0.0;0
18;30;1;0;0.0;0.0;0.0;0.782608695652174;1.0;0.03125;0.0;0.0;0.0;0.0;0
15;30;1;0;0.0;0.0;0.0;0.6521739130434783;1.0;0.03125;0.0;0.0;0.0;0.0;0
15;30;0;0;0.0;0.0;0.0;0.6521739130434783;1.0;0.0;0.0;0.0;0.0;0.0;0
16;30;1;0;0.0;0.0;0.0;0.6956521739130435;1.0;0.03125;0.0;0.0;0.0;0.0;0
10;30;0;0;0.0;0.0;0.0;0.43478260869565216;1.0;0.0;0.0;0.0;0.0;0.0;0
19;30;0;0;0.0;0.0;0.0;0.8260869565217391;1.0;0.0;0.0;0.0;0.0;0.0;0
11;30;0;0;0.0;0.0;0.0;0.4782608695652174;1.0;0.0;0.0;0.0;0.0;0.0;0
5;30;0;0;0.0;0.0;0.0;0.21739130434782608;1.0;0.0;0.0;0.0;0.0;0.0;0
23;30;0;0;0.0;0.0;0.0;1.0;1.0;0.0;0.0;0.0;0.0;0.0;0
9;30;0;0;0.0;0.0;0.0;0.391304347826087;1.0;0.0;0.0;0.0;0.0;0.0;0
8;30;0;0;0.0;0.0;0.0;0.34782608695652173;1.0;0.0;0.0;0.0;0.0;0.0;0
23;30;5;0;0.0;0.0;0.0;1.0;1.0;0.15625;0.0;0.0;0.0;0.0;0
11;0;0;0;0.0;0.0;0.0;0.4782608695652174;0.0;0.0;0.0;0.0;0.0;0.0;0
10;30;0;0;0.0;0.0;0.0;0.43478260869565216;1.0;0.0;0.0;0.0;0.0;0.0;0
21;0;0;0;0.0;0.0;0.0;0.9130434782608695;0.0;0.0;0.0;0.0;0.0;0.0;0
14;0;1;0;0.0;0.0;0.0;0.6086956521739131;0.0;0.03125;0.0;0.0;0.0;0.0;0
2;30;0;0;0.0;0.0;0.0;0.08695652173913043;1.0;0.0;0.0;0.0;0.0;0.0;0
23;30;0;0;0.0;0.0;0.0;1.0;1.0;0.0;0.0;0.0;0.0;0.0;0
22;30;0;0;0.0;0.0;0.0;0.9565217391304348;1.0;0.0;0.0;0.0;0.0;0.0;0
11;30;0;0;0.0;0.0;0.0;0.4782608695652174;1.0;0.0;0.0;0.0;0.0;0.0;0
4;30;0;0;0.0;0.0;0.0;0.17391304347826086;1.0;0.0;0.0;0.0;0.0;0.0;0
15;30;0;0;0.0;0.0;0.0;0.6521739130434783;1.0;0.0;0.0;0.0;0.0;0.0;0
23;30;0;0;0.2;0.0;0.0;1.0;1.0;0.0;0.0;0.015163002274450343;0.0;0.0;0
17;30;0;0;0.0;0.0;0.0;0.7391304347826086;1.0;0.0;0.0;0.0;0.0;0.0;0
18;0;2;0;0.0;0.0;0.0;0.782608695652174;0.0;0.0625;0.0;0.0;0.0;0.0;0
19;0;0;0;0.0;0.0;0.0;0.8260869565217391;0.0;0.0;0.0;0.0;0.0;0.0;0
8;30;0;0;0.0;0.0;0.0;0.34782608695652173;1.0;0.0;0.0;0.0;0.0;0.0;0
18;30;0;0;0.2;0.0;0.0;0.782608695652174;1.0;0.0;0.0;0.015163002274450343;0.0;0.0;0
19;0;0;0;0.2;0.0;0.0;0.8260869565217391;0.0;0.0;0.0;0.015163002274450343;0.0;0.0;1
11;30;0;0;0.0;0.0;0.0;0.4782608695652174;1.0;0.0;0.0;0.0;0.0;0.0;0
3;30;0;0;13.19;0.0;0.0;0.13043478260869565;1.0;0.0;0.0;1.0;0.0;0.0;1
10;30;0;0;0.0;0.0;0.0;0.43478260869565216;1.0;0.0;0.0;0.0;0.0;0.0;0
20;0;1;0;0.0;0.0;0.0;0.8695652173913043;0.0;0.03125;0.0;0.0;0.0;0.0;0
8;0;0;0;0.0;0.0;0.0;0.34782608695652173;0.0;0.0;0.0;0.0;0.0;0.0;0
14;0;0;0;0.0;0.0;0.0;0.6086956521739131;0.0;0.0;0.0;0.0;0.0;0.0;0
19;30;0;0;0.0;0.0;0.0;0.8260869565217391;1.0;0.0;0.0;0.0;0.0;0.0;0
20;0;0;0;0.0;0.0;0.0;0.8695652173913043;0.0;0.0;0.0;0.0;0.0;0.0;0
19;0;1;0;0.0;0.0;0.0;0.8260869565217391;0.0;0.03125;0.0;0.0;0.0;0.0;0
10;0;0;0;0.0;0.0;0.0;0.43478260869565216;0.0;0.0;0.0;0.0;0.0;0.0;0
18;30;0;0;0.0;0.0;0.0;0.782608695652174;1.0;0.0;0.0;0.0;0.0;0.0;0
3;30;1;0;0.0;0.0;0.0;0.13043478260869565;1.0;0.03125;0.0;0.0;0.0;0.0;0
1;0;0;0;0.0;0.0;0.0;0.043478260869565216;0.0;0.0;0.0;0.0;0.0;0.0;0
23;0;4;0;0.0;0.0;0.0;1.0;0.0;0.125;0.0;0.0;0.0;0.0;0
2;0;0;0;0.0;0.0;0.0;0.08695652173913043;0.0;0.0;0.0;0.0;0.0;0.0;0
1;30;0;0;0.0;0.0;0.0;0.043478260869565216;1.0;0.0;0.0;0.0;0.0;0.0;0
10;30;0;0;0.0;0.0;0.0;0.43478260869565216;1.0;0.0;0.0;0.0;0.0;0.0;0
5;30;0;0;0.0;0.0;0.0;0.21739130434782608;1.0;0.0;0.0;0.0;0.0;0.0;0
5;0;0;0;0.0;0.0;0.0;0.21739130434782608;0.0;0.0;0.0;0.0;0.0;0.0;0
16;0;0;0;0.0;0.0;0.0;0.6956521739130435;0.0;0.0;0.0;0.0;0.0;0.0;0
5;30;0;0;0.0;0.0;0.0;0.21739130434782608;1.0;0.0;0.0;0.0;0.0;0.0;0
21;30;3;0;0.0;0.0;0.0;0.9130434782608695;1.0;0.09375;0.0;0.0;0.0;0.0;0
19;0;0;0;0.0;0.0;0.0;0.8260869565217391;0.0;0.0;0.0;0.0;0.0;0.0;0
14;0;0;0;0.0;0.0;0.0;0.6086956521739131;0.0;0.0;0.0;0.0;0.0;0.0;0
12;30;0;0;0.0;0.0;0.0;0.5217391304347826;1.0;0.0;0.0;0.0;0.0;0.0;0
14;30;0;0;0.0;0.0;0.0;0.6086956521739131;1.0;0.0;0.0;0.0;0.0;0.0;0
10;0;0;0;0.0;0.0;0.0;0.43478260869565216;0.0;0.0;0.0;0.0;0.0;0.0;0
18;0;0;0;0.0;0.0;0.0;0.782608695652174;0.0;0.0;0.0;0.0;0.0;0.0;0
14;30;1;0;0.0;0.0;0.0;0.6086956521739131;1.0;0.03125;0.0;0.0;0.0;0.0;0
16;30;0;0;0.0;0.0;0.0;0.6956521739130435;1.0;0.0;0.0;0.0;0.0;0.0;0
13;30;1;0;0.0;0.0;0.0;0.5652173913043478;1.0;0.03125;0.0;0.0;0.0;0.0;0
8;30;0;0;0.0;0.0;0.0;0.34782608695652173;1.0;0.0;0.0;0.0;0.0;0.0;0
0;30;0;0;0.0;0.0;0.0;0.0;1.0;0.0;0.0;0.0;0.0;0.0;0
4;30;0;0;0.0;0.0;0.0;0.17391304347826086;1.0;0.0;0.0;0.0;0.0;0.0;0
11;30;0;0;0.0;0.0;0.0;0.4782608695652174;1.0;0.0;0.0;0.0;0.0;0.0;0
21;30;1;0;0.0;0.0;0.0;0.9130434782608695;1.0;0.03125;0.0;0.0;0.0;0.0;0
11;0;0;0;0.0;0.0;0.0;0.4782608695652174;0.0;0.0;0.0;0.0;0.0;0.0;0
22;30;0;0;0.79;0.0;0.0;0.9565217391304348;1.0;0.0;0.0;0.059893858984078854;0.0;0.0;0
4;30;0;0;0.0;0.0;0.0;0.17391304347826086;1.0;0.0;0.0;0.0;0.0;0.0;0
2;0;0;0;0.0;0.0;0.0;0.08695652173913043;0.0;0.0;0.0;0.0;0.0;0.0;0
11;0;0;0;0.0;0.0;0.0;0.4782608695652174;0.0;0.0;0.0;0.0;0.0;0.0;0
13;30;0;0;0.79;0.0;0.0;0.5652173913043478;1.0;0.0;0.0;0.059893858984078854;0.0;0.0;1
18;0;0;0;0.0;0.0;0.0;0.782608695652174;0.0;0.0;0.0;0.0;0.0;0.0;0
6;0;0;0;0.0;0.0;0.0;0.2608695652173913;0.0;0.0;0.0;0.0;0.0;0.0;0
1;30;0;0;0.0;0.0;0.0;0.043478260869565216;1.0;0.0;0.0;0.0;0.0;0.0;0
10;30;0;0;0.0;0.0;0.0;0.43478260869565216;1.0;0.0;0.0;0.0;0.0;0.0;0
19;0;0;0;0.0;0.0;0.0;0.8260869565217391;0.0;0.0;0.0;0.0;0.0;0.0;0
11;30;0;0;0.0;0.0;0.0;0.4782608695652174;1.0;0.0;0.0;0.0;0.0;0.0;0
1;30;0;0;0.0;0.0;0.0;0.043478260869565216;1.0;0.0;0.0;0.0;0.0;0.0;0
15;30;0;0;0.0;0.0;0.0;0.6521739130434783;1.0;0.0;0.0;0.0;0.0;0.0;0
16;30;0;0;0.0;0.0;0.0;0.6956521739130435;1.0;0.0;0.0;0.0;0.0;0.0;0
23;30;0;0;0.4;0.0;0.0;1.0;1.0;0.0;0.0;0.030326004548900685;0.0;0.0;0
4;0;0;0;0.0;0.0;0.0;0.17391304347826086;0.0;0.0;0.0;0.0;0.0;0.0;0
7;0;0;0;0.0;0.0;0.0;0.30434782608695654;0.0;0.0;0.0;0.0;0.0;0.0;0
0;30;1;0;0.0;0.0;0.0;0.0;1.0;0.03125;0.0;0.0;0.0;0.0;0
6;0;0;0;0.0;0.0;0.0;0.2608695652173913;0.0;0.0;0.0;0.0;0.0;0.0;0
15;0;0;0;0.0;0.0;0.0;0.6521739130434783;0.0;0.0;0.0;0.0;0.0;0.0;0
3;0;0;0;0.79;0.0;0.0;0.13043478260869565;0.0;0.0;0.0;0.059893858984078854;0.0;0.0;0
23;30;0;0;0.0;0.0;0.0;1.0;1.0;0.0;0.0;0.0;0.0;0.0;0
9;0;0;0;0.0;0.0;0.0;0.391304347826087;0.0;0.0;0.0;0.0;0.0;0.0;0
7;0;0;0;0.0;0.0;0.0;0.30434782608695654;0.0;0.0;0.0;0.0;0.0;0.0;0
23;30;3;0;0.0;0.0;0.0;1.0;1.0;0.09375;0.0;0.0;0.0;0.0;0
8;0;0;0;0.0;0.0;0.0;0.34782608695652173;0.0;0.0;0.0;0.0;0.0;0.0;0
1;0;0;0;0.0;0.0;0.0;0.043478260869565216;0.0;0.0;0.0;0.0;0.0;0.0;0
23;30;0;0;0.0;0.0;0.0;1.0;1.0;0.0;0.0;0.0;0.0;0.0;0
7;0;2;0;0.0;0.0;0.0;0.30434782608695654;0.0;0.0625;0.0;0.0;0.0;0.0;0
22;0;0;0;0.0;0.0;0.0;0.9565217391304348;0.0;0.0;0.0;0.0;0.0;0.0;0
15;0;0;0;0.0;0.0;0.0;0.6521739130434783;0.0;0.0;0.0;0.0;0.0;0.0;0
11;30;1;0;0.0;0.0;0.0;0.4782608695652174;1.0;0.03125;0.0;0.0;0.0;0.0;0
2;30;0;0;0.0;0.0;0.0;0.08695652173913043;1.0;0.0;0.0;0.0;0.0;0.0;0
19;30;0;0;0.0;0.0;0.0;0.8260869565217391;1.0;0.0;0.0;0.0;0.0;0.0;0
7;0;0;0;0.2;0.0;0.0;0.30434782608695654;0.0;0.0;0.0;0.015163002274450343;0.0;0.0;0
21;0;0;0;0.0;0.0;0.0;0.9130434782608695;0.0;0.0;0.0;0.0;0.0;0.0;0
2;0;0;0;0.0;0.0;0.0;0.08695652173913043;0.0;0.0;0.0;0.0;0.0;0.0;0
13;30;1;0;0.0;0.0;0.0;0.5652173913043478;1.0;0.03125;0.0;0.0;0.0;0.0;0
12;0;0;0;0.0;0.0;0.0;0.5217391304347826;0.0;0.0;0.0;0.0;0.0;0.0;0
2;0;0;0;0.4;0.0;0.0;0.08695652173913043;0.0;0.0;0.0;0.030326004548900685;0.0;0.0;0
18;30;0;0;2.75;0.0;0.0;0.782608695652174;1.0;0.0;0.0;0.2084912812736922;0.0;0.0;0
23;30;4;0;0.0;0.0;0.0;1.0;1.0;0.125;0.0;0.0;0.0;0.0;0
13;0;0;0;0.0;0.0;0.0;0.5652173913043478;0.0;0.0;0.0;0.0;0.0;0.0;0
3;30;0;0;0.0;0.0;0.0;0.13043478260869565;1.0;0.0;0.0;0.0;0.0;0.0;0
9;30;0;0;0.2;0.0;0.0;0.391304347826087;1.0;0.0;0.0;0.015163002274450343;0.0;0.0;0
12;0;0;0;0.0;0.0;0.0;0.5217391304347826;0.0;0.0;0.0;0.0;0.0;0.0;0
8;30;0;0;0.0;0.0;0.0;0.34782608695652173;1.0;0.0;0.0;0.0;0.0;0.0;0
13;0;0;0;0.0;0.0;0.0;0.5652173913043478;0.0;0.0;0.0;0.0;0.0;0.0;0
5;30;0;0;0.0;0.0;0.0;0.21739130434782608;1.0;0.0;0.0;0.0;0.0;0.0;0
13;0;0;0;0.2;0.0;0.0;0.5652173913043478;0.0;0.0;0.0;0.015163002274450343;0.0;0.0;0
20;0;0;0;0.2;0.0;0.0;0.8695652173913043;0.0;0.0;0.0;0.015163002274450343;0.0;0.0;0
4;0;0;0;0.0;0.0;0.0;0.17391304347826086;0.0;0.0;0.0;0.0;0.0;0.0;0
14;30;0;0;0.0;0.0;0.0;0.6086956521739131;1.0;0.0;0.0;0.0;0.0;0.0;0
13;30;0;0;0.0;0.0;0.0;0.5652173913043478;1.0;0.0;0.0;0.0;0.0;0.0;0
0;30;0;0;0.2;0.0;0.0;0.0;1.0;0.0;0.0;0.015163002274450343;0.0;0.0;0
17;30;0;0;0.0;0.0;0.0;0.7391304347826086;1.0;0.0;0.0;0.0;0.0;0.0;0
11;30;0;0;0.0;0.0;0.0;0.4782608695652174;1.0;0.0;0.0;0.0;0.0;0.0;0
11;30;1;0;0.0;0.0;0.0;0.4782608695652174;1.0;0.03125;0.0;0.0;0.0;0.0;0
2;0;0;0;0.0;0.0;0.0;0.08695652173913043;0.0;0.0;0.0;0.0;0.0;0.0;0
14;30;0;0;0.0;0.0;0.0;0.6086956521739131;1.0;0.0;0.0;0.0;0.0;0.0;0
13;0;0;0;0.0;0.0;0.0;0.5652173913043478;0.0;0.0;0.0;0.0;0.0;0.0;0
10;0;1;0;0.0;0.0;0.0;0.43478260869565216;0.0;0.03125;0.0;0.0;0.0;0.0;0
22;30;0;0;0.0;0.0;0.0;0.9565217391304348;1.0;0.0;0.0;0.0;0.0;0.0;0
8;0;0;0;0.0;0.0;0.0;0.34782608695652173;0.0;0.0;0.0;0.0;0.0;0.0;0
5;30;0;0;0.0;0.0;0.0;0.21739130434782608;1.0;0.0;0.0;0.0;0.0;0.0;0
18;0;0;0;0.0;0.0;0.0;0.782608695652174;0.0;0.0;0.0;0.0;0.0;0.0;0
21;0;0;0;0.0;0.0;0.0;0.9130434782608695;0.0;0.0;0.0;0.0;0.0;0.0;0
13;30;1;0;0.0;0.0;0.0;0.5652173913043478;1.0;0.03125;0.0;0.0;0.0;0.0;0
16;30;0;0;0.0;0.0;0.0;0.6956521739130435;1.0;0.0;0.0;0.0;0.0;0.0;0
21;30;0;0;0.59;0.0;0.0;0.9130434782608695;1.0;0.0;0.0;0.04473085670962851;0.0;0.0;0
0;30;0;0;0.0;0.0;0.0;0.0;1.0;0.0;0.0;0.0;0.0;0.0;0
22;0;0;0;0.0;0.0;0.0;0.9565217391304348;0.0;0.0;0.0;0.0;0.0;0.0;0
22;0;0;0;6.48;0.0;0.0;0.9565217391304348;0.0;0.0;0.0;0.4912812736921911;0.0;0.0;1
12;30;0;0;0.0;0.0;0.0;0.5217391304347826;1.0;0.0;0.0;0.0;0.0;0.0;0
12;0;0;0;0.0;0.0;0.0;0.5217391304347826;0.0;0.0;0.0;0.0;0.0;0.0;0
23;0;0;0;0.0;0.0;0.0;1.0;0.0;0.0;0.0;0.0;0.0;0.0;0
17;30;0;0;0.0;0.0;0.0;0.7391304347826086;1.0;0.0;0.0;0.0;0.0;0.0;0
10;0;0;0;0.0;0.0;0.0;0.43478260869565216;0.0;0.0;0.0;0.0;0.0;0.0;0
6;0;0;0;0.0;0.0;0.0;0.2608695652173913;0.0;0.0;0.0;0.0;0.0;0.0;0
7;0;0;0;0.0;0.0;0.0;0.30434782608695654;0.0;0.0;0.0;0.0;0.0;0.0;0
23;0;0;0;0.0;0.0;0.0;1.0;0.0;0.0;0.0;0.0;0.0;0.0;0
3;30;0;0;0.0;0.0;0.0;0.13043478260869565;1.0;0.0;0.0;0.0;0.0;0.0;0
17;30;0;0;0.0;0.0;0.0;0.7391304347826086;1.0;0.0;0.0;0.0;0.0;0.0;0
12;30;0;0;0.0;0.0;0.0;0.5217391304347826;1.0;0.0;0.0;0.0;0.0;0.0;0
8;0;0;0;0.0;0.0;0.0;0.34782608695652173;0.0;0.0;0.0;0.0;0.0;0.0;0
6;0;0;0;0.0;0.0;0.0;0.2608695652173913;0.0;0.0;0.0;0.0;0.0;0.0;0
14;0;0;0;0.0;0.0;0.0;0.6086956521739131;0.0;0.0;0.0;0.0;0.0;0.0;0
1;0;0;0;0.0;0.0;0.0;0.043478260869565216;0.0;0.0;0.0;0.0;0.0;0.0;0
3;0;0;0;0.0;0.0;0.0;0.13043478260869565;0.0;0.0;0.0;0.0;0.0;0.0;0
11;0;0;0;0.0;0.0;0.0;0.4782608695652174;0.0;0.0;0.0;0.0;0.0;0.0;0
1;0;0;0;0.0;0.0;0.0;0.043478260869565216;0.0;0.0;0.0;0.0;0.0;0.0;0
3;30;0;0;0.0;0.0;0.0;0.13043478260869565;1.0;0.0;0.0;0.0;0.0;0.0;0
9;0;0;0;0.4;0.0;0.0;0.391304347826087;0.0;0.0;0.0;0.030326004548900685;0.0;0.0;0
5;30;0;0;0.0;0.0;0.0;0.21739130434782608;1.0;0.0;0.0;0.0;0.0;0.0;0
12;30;0;0;0.0;0.0;0.0;0.5217391304347826;1.0;0.0;0.0;0.0;0.0;0.0;0
10;30;0;0;0.79;0.0;0.0;0.43478260869565216;1.0;0.0;0.0;0.059893858984078854;0.0;0.0;0
23;0;0;0;0.0;0.0;0.0;1.0;0.0;0.0;0.0;0.0;0.0;0.0;0
1;30;0;0;0.0;0.0;0.0;0.043478260869565216;1.0;0.0;0.0;0.0;0.0;0.0;0
22;0;0;0;0.0;0.0;0.0;0.9565217391304348;0.0;0.0;0.0;0.0;0.0;0.0;0
2;0;0;0;0.0;0.0;0.0;0.08695652173913043;0.0;0.0;0.0;0.0;0.0;0.0;0
14;30;0;0;0.0;0.0;0.0;0.6086956521739131;1.0;0.0;0.0;0.0;0.0;0.0;0
23;0;0;0;0.4;0.0;0.0;1.0;0.0;0.0;0.0;0.030326004548900685;0.0;0.0;0
15;0;0;0;0.0;0.0;0.0;0.6521739130434783;0.0;0.0;0.0;0.0;0.0;0.0;0
1;0;0;0;0.2;0.0;0.0;0.043478260869565216;0.0;0.0;0.0;0.015163002274450343;0.0;0.0;0
17;30;0;0;0.0;0.0;0.0;0.7391304347826086;1.0;0.0;0.0;0.0;0.0;0.0;0
14;0;0;0;0.4;0.0;0.0;0.6086956521739131;0.0;0.0;0.0;0.030326004548900685;0.0;0.0;0
1;30;0;0;0.0;0.0;0.0;0.043478260869565216;1.0;0.0;0.0;0.0;0.0;0.0;0
5;30;0;0;0.0;0.0;0.0;0.21739130434782608;1.0;0.0;0.0;0.0;0.0;0.0;0
23;30;1;0;0.0;0.0;0.0;1.0;1.0;0.03125;0.0;0.0;0.0;0.0;0
0;0;1;0;0.0;0.0;0.0;0.0;0.0;0.03125;0.0;0.0;0.0;0.0;0
18;0;0;0;0.0;0.0;0.0;0.782608695652174;0.0;0.0;0.0;0.0;0.0;0.0;0
18;30;0;0;0.0;0.0;0.0;0.782608695652174;1.0;0.0;0.0;0.0;0.0;0.0;0
3;0;0;0;0.2;0.0;0.0;0.13043478260869565;0.0;0.0;0.0;0.015163002274450343;0.0;0.0;0
14;30;0;0;0.0;0.0;0.0;0.6086956521739131;1.0;0.0;0.0;0.0;0.0;0.0;0
10;0;0;0;0.0;0.0;0.0;0.43478260869565216;0.0;0.0;0.0;0.0;0.0;0.0;0
9;0;0;0;0.0;0.0;0.0;0.391304347826087;0.0;0.0;0.0;0.0;0.0;0.0;0
9;0;0;0;0.0;0.0;0.0;0.391304347826087;0.0;0.0;0.0;0.0;0.0;0.0;0
11;30;0;0;0.0;0.0;0.0;0.4782608695652174;1.0;0.0;0.0;0.0;0.0;0.0;0
0;30;0;0;0.6;0.0;0.0;0.0;1.0;0.0;0.0;0.045489006823351025;0.0;0.0;0
18;30;0;0;0.0;0.0;0.0;0.782608695652174;1.0;0.0;0.0;0.0;0.0;0.0;0
22;30;1;0;0.0;0.0;0.0;0.9565217391304348;1.0;0.03125;0.0;0.0;0.0;0.0;0
1;30;0;0;0.0;0.0;0.0;0.043478260869565216;1.0;0.0;0.0;0.0;0.0;0.0;0
1;30;0;0;0.0;0.0;0.0;0.043478260869565216;1.0;0.0;0.0;0.0;0.0;0.0;0
5;0;0;0;0.0;0.0;0.0;0.21739130434782608;0.0;0.0;0.0;0.0;0.0;0.0;0
7;0;0;0;0.0;0.0;0.0;0.30434782608695654;0.0;0.0;0.0;0.0;0.0;0.0;0
9;30;0;0;0.0;0.0;0.0;0.391304347826087;1.0;0.0;0.0;0.0;0.0;0.0;0
19;30;0;0;0.0;0.0;0.0;0.8260869565217391;1.0;0.0;0.0;0.0;0.0;0.0;0
15;0;0;0;0.0;0.0;0.0;0.6521739130434783;0.0;0.0;0.0;0.0;0.0;0.0;0
0;0;0;0;0.0;0.0;0.0;0.0;0.0;0.0;0.0;0.0;0.0;0.0;0
14;30;0;0;0.0;0.0;0.0;0.6086956521739131;1.0;0.0;0.0;0.0;0.0;0.0;0
19;30;1;1;12.21;4.143978385008743e-06;0.0016129032258064516;0.8260869565217391;1.0;0.03125;1.0;0.9257012888551934;1.0;1.0;1
23;0;1;0;5.49;0.0;0.0;1.0;0.0;0.03125;0.0;0.4162244124336619;0.0;0.0;0
23;0;0;0;0.0;0.0;0.0;1.0;0.0;0.0;0.0;0.0;0.0;0.0;0
11;0;0;0;0.0;0.0;0.0;0.4782608695652174;0.0;0.0;0.0;0.0;0.0;0.0;0
17;30;1;0;0.0;0.0;0.0;0.7391304347826086;1.0;0.03125;0.0;0.0;0.0;0.0;0
14;30;0;0;0.0;0.0;0.0;0.6086956521739131;1.0;0.0;0.0;0.0;0.0;0.0;0
19;0;0;0;0.0;0.0;0.0;0.8260869565217391;0.0;0.0;0.0;0.0;0.0;0.0;0
5;0;0;0;0.0;0.0;0.0;0.21739130434782608;0.0;0.0;0.0;0.0;0.0;0.0;0
3;30;0;0;0.0;0.0;0.0;0.13043478260869565;1.0;0.0;0.0;0.0;0.0;0.0;0
6;0;0;0;0.2;0.0;0.0;0.2608695652173913;0.0;0.0;0.0;0.015163002274450343;0.0;0.0;0
14;0;0;0;0.0;0.0;0.0;0.6086956521739131;0.0;0.0;0.0;0.0;0.0;0.0;0
21;0;0;0;0.0;0.0;0.0;0.9130434782608695;0.0;0.0;0.0;0.0;0.0;0.0;0
4;30;0;0;0.0;0.0;0.0;0.17391304347826086;1.0;0.0;0.0;0.0;0.0;0.0;0
16;0;0;0;0.2;0.0;0.0;0.6956521739130435;0.0;0.0;0.0;0.015163002274450343;0.0;0.0;0
21;0;0;0;0.0;0.0;0.0;0.9130434782608695;0.0;0.0;0.0;0.0;0.0;0.0;0
3;0;0;0;0.0;0.0;0.0;0.13043478260869565;0.0;0.0;0.0;0.0;0.0;0.0;0
18;0;0;0;0.2;0.0;0.0;0.782608695652174;0.0;0.0;0.0;0.015163002274450343;0.0;0.0;0
11;0;0;0;0.2;0.0;0.0;0.4782608695652174;0.0;0.0;0.0;0.015163002274450343;0.0;0.0;0
20;0;0;0;0.0;0.0;0.0;0.8695652173913043;0.0;0.0;0.0;0.0;0.0;0.0;0
0;30;0;0;0.0;0.0;0.0;0.0;1.0;0.0;0.0;0.0;0.0;0.0;0
1;30;0;0;0.0;0.0;0.0;0.043478260869565216;1.0;0.0;0.0;0.0;0.0;0.0;0
5;0;0;0;0.2;0.0;0.0;0.21739130434782608;0.0;0.0;0.0;0.015163002274450343;0.0;0.0;0
20;30;0;0;0.0;0.0;0.0;0.8695652173913043;1.0;0.0;0.0;0.0;0.0;0.0;0
13;0;0;0;0.0;0.0;0.0;0.5652173913043478;0.0;0.0;0.0;0.0;0.0;0.0;0
14;30;0;0;0.0;0.0;0.0;0.6086956521739131;1.0;0.0;0.0;0.0;0.0;0.0;0
18;0;0;0;0.0;0.0;0.0;0.782608695652174;0.0;0.0;0.0;0.0;0.0;0.0;0
14;30;0;0;0.0;0.0;0.0;0.6086956521739131;1.0;0.0;0.0;0.0;0.0;0.0;0
8;30;0;0;0.0;0.0;0.0;0.34782608695652173;1.0;0.0;0.0;0.0;0.0;0.0;0
4;0;0;0;0.0;0.0;0.0;0.17391304347826086;0.0;0.0;0.0;0.0;0.0;0.0;0
8;0;0;0;0.0;0.0;0.0;0.34782608695652173;0.0;0.0;0.0;0.0;0.0;0.0;0
12;0;0;0;0.0;0.0;0.0;0.5217391304347826;0.0;0.0;0.0;0.0;0.0;0.0;0
22;0;0;0;0.0;0.0;0.0;0.9565217391304348;0.0;0.0;0.0;0.0;0.0;0.0;0
19;30;0;0;0.0;0.0;0.0;0.8260869565217391;1.0;0.0;0.0;0.0;0.0;0.0;0
0;30;1;0;0.0;0.0;0.0;0.0;1.0;0.03125;0.0;0.0;0.0;0.0;0
21;0;0;0;0.0;0.0;0.0;0.9130434782608695;0.0;0.0;0.0;0.0;0.0;0.0;0
4;0;0;0;0.0;0.0;0.0;0.17391304347826086;0.0;0.0;0.0;0.0;0.0;0.0;0
7;30;0;0;0.0;0.0;0.0;0.30434782608695654;1.0;0.0;0.0;0.0;0.0;0.0;0
6;0;0;0;0.0;0.0;0.0;0.2608695652173913;0.0;0.0;0.0;0.0;0.0;0.0;0
5;0;0;0;0.0;0.0;0.0;0.21739130434782608;0.0;0.0;0.0;0.0;0.0;0.0;0
15;0;0;0;0.0;0.0;0.0;0.6521739130434783;0.0;0.0;0.0;0.0;0.0;0.0;0
23;30;0;0;1.57;0.0;0.0;1.0;1.0;0.0;0.0;0.11902956785443519;0.0;0.0;0
7;0;0;0;0.0;0.0;0.0;0.30434782608695654;0.0;0.0;0.0;0.0;0.0;0.0;0
9;30;0;0;0.0;0.0;0.0;0.391304347826087;1.0;0.0;0.0;0.0;0.0;0.0;0
16;0;0;0;0.0;0.0;0.0;0.6956521739130435;0.0;0.0;0.0;0.0;0.0;0.0;0
14;0;0;0;0.0;0.0;0.0;0.6086956521739131;0.0;0.0;0.0;0.0;0.0;0.0;0
5;30;0;0;0.0;0.0;0.0;0.21739130434782608;1.0;0.0;0.0;0.0;0.0;0.0;0
21;0;0;0;0.0;0.0;0.0;0.9130434782608695;0.0;0.0;0.0;0.0;0.0;0.0;0
17;30;0;0;0.0;0.0;0.0;0.7391304347826086;1.0;0.0;0.0;0.0;0.0;0.0;0
14;0;0;0;0.0;0.0;0.0;0.6086956521739131;0.0;0.0;0.0;0.0;0.0;0.0;0
5;0;0;0;0.0;0.0;0.0;0.21739130434782608;0.0;0.0;0.0;0.0;0.0;0.0;0
6;30;0;0;0.0;0.0;0.0;0.2608695652173913;1.0;0.0;0.0;0.0;0.0;0.0;0
11;0;0;0;0.0;0.0;0.0;0.4782608695652174;0.0;0.0;0.0;0.0;0.0;0.0;0
4;30;0;0;0.0;0.0;0.0;0.17391304347826086;1.0;0.0;0.0;0.0;0.0;0.0;0
8;0;0;0;0.0;0.0;0.0;0.34782608695652173;0.0;0.0;0.0;0.0;0.0;0.0;0
12;0;0;0;0.0;0.0;0.0;0.5217391304347826;0.0;0.0;0.0;0.0;0.0;0.0;0
17;0;0;0;0.0;0.0;0.0;0.7391304347826086;0.0;0.0;0.0;0.0;0.0;0.0;0
4;30;0;0;1.18;0.0;0.0;0.17391304347826086;1.0;0.0;0.0;0.08946171341925702;0.0;0.0;0
18;0;0;0;0.0;0.0;0.0;0.782608695652174;0.0;0.0;0.0;0.0;0.0;0.0;0
10;0;0;0;0.0;0.0;0.0;0.43478260869565216;0.0;0.0;0.0;0.0;0.0;0.0;0
12;30;0;0;0.0;0.0;0.0;0.5217391304347826;1.0;0.0;0.0;0.0;0.0;0.0;0
17;30;0;0;0.0;0.0;0.0;0.7391304347826086;1.0;0.0;0.0;0.0;0.0;0.0;0
4;30;0;0;0.0;0.0;0.0;0.17391304347826086;1.0;0.0;0.0;0.0;0.0;0.0;0
12;30;0;0;0.0;0.0;0.0;0.5217391304347826;1.0;0.0;0.0;0.0;0.0;0.0;0
15;30;0;0;0.0;0.0;0.0;0.6521739130434783;1.0;0.0;0.0;0.0;0.0;0.0;0
15;0;0;0;0.0;0.0;0.0;0.6521739130434783;0.0;0.0;0.0;0.0;0.0;0.0;0
18;0;2;0;4.11;0.0;0.0;0.782608695652174;0.0;0.0625;0.0;0.3115996967399545;0.0;0.0;1
16;0;0;0;0.0;0.0;0.0;0.6956521739130435;0.0;0.0;0.0;0.0;0.0;0.0;0
2;30;0;0;2.16;0.0;0.0;0.08695652173913043;1.0;0.0;0.0;0.1637604245640637;0.0;0.0;1
6;30;0;0;0.0;0.0;0.0;0.2608695652173913;1.0;0.0;0.0;0.0;0.0;0.0;0
2;30;0;0;0.0;0.0;0.0;0.08695652173913043;1.0;0.0;0.0;0.0;0.0;0.0;0
19;0;0;0;0.0;0.0;0.0;0.8260869565217391;0.0;0.0;0.0;0.0;0.0;0.0;0
17;30;0;0;0.0;0.0;0.0;0.7391304347826086;1.0;0.0;0.0;0.0;0.0;0.0;0
9;0;0;0;0.0;0.0;0.0;0.391304347826087;0.0;0.0;0.0;0.0;0.0;0.0;0
9;30;0;0;0.0;0.0;0.0;0.391304347826087;1.0;0.0;0.0;0.0;0.0;0.0;0
8;30;0;0;0.0;0.0;0.0;0.34782608695652173;1.0;0.0;0.0;0.0;0.0;0.0;0
8;30;0;0;0.0;0.0;0.0;0.34782608695652173;1.0;0.0;0.0;0.0;0.0;0.0;0
11;30;0;0;0.0;0.0;0.0;0.4782608695652174;1.0;0.0;0.0;0.0;0.0;0.0;0
23;0;0;0;0.0;0.0;0.0;1.0;0.0;0.0;0.0;0.0;0.0;0.0;0
10;30;0;0;0.0;0.0;0.0;0.43478260869565216;1.0;0.0;0.0;0.0;0.0;0.0;0
17;0;0;0;0.0;0.0;0.0;0.7391304347826086;0.0;0.0;0.0;0.0;0.0;0.0;0
7;30;0;0;0.0;0.0;0.0;0.30434782608695654;1.0;0.0;0.0;0.0;0.0;0.0;0
19;0;3;0;0.0;0.0;0.0;0.8260869565217391;0.0;0.09375;0.0;0.0;0.0;0.0;0
12;0;0;0;0.0;0.0;0.0;0.5217391304347826;0.0;0.0;0.0;0.0;0.0;0.0;0
2;30;0;0;0.0;0.0;0.0;0.08695652173913043;1.0;0.0;0.0;0.0;0.0;0.0;0
5;0;0;0;0.0;0.0;0.0;0.21739130434782608;0.0;0.0;0.0;0.0;0.0;0.0;0
5;0;0;0;6.49;0.0;0.0;0.21739130434782608;0.0;0.0;0.0;0.4920394238059136;0.0;0.0;0
18;30;0;0;0.0;0.0;0.0;0.782608695652174;1.0;0.0;0.0;0.0;0.0;0.0;0
4;0;0;0;0.0;0.0;0.0;0.17391304347826086;0.0;0.0;0.0;0.0;0.0;0.0;0
9;30;0;0;0.0;0.0;0.0;0.391304347826087;1.0;0.0;0.0;0.0;0.0;0.0;0
7;30;0;0;0.0;0.0;0.0;0.30434782608695654;1.0;0.0;0.0;0.0;0.0;0.0;0
17;30;1;0;0.4;0.0;0.0;0.7391304347826086;1.0;0.03125;0.0;0.030326004548900685;0.0;0.0;0
6;30;0;0;0.0;0.0;0.0;0.2608695652173913;1.0;0.0;0.0;0.0;0.0;0.0;0
12;30;0;0;0.0;0.0;0.0;0.5217391304347826;1.0;0.0;0.0;0.0;0.0;0.0;0
4;0;0;0;0.0;0.0;0.0;0.17391304347826086;0.0;0.0;0.0;0.0;0.0;0.0;0
20;0;0;0;0.0;0.0;0.0;0.8695652173913043;0.0;0.0;0.0;0.0;0.0;0.0;0
1;30;0;0;0.0;0.0;0.0;0.043478260869565216;1.0;0.0;0.0;0.0;0.0;0.0;0
19;0;0;0;0.0;0.0;0.0;0.8260869565217391;0.0;0.0;0.0;0.0;0.0;0.0;0
4;30;0;0;0.0;0.0;0.0;0.17391304347826086;1.0;0.0;0.0;0.0;0.0;0.0;0
8;0;0;0;0.0;0.0;0.0;0.34782608695652173;0.0;0.0;0.0;0.0;0.0;0.0;0
17;0;0;0;0.0;0.0;0.0;0.7391304347826086;0.0;0.0;0.0;0.0;0.0;0.0;0
7;30;1;0;0.2;0.0;0.0;0.30434782608695654;1.0;0.03125;0.0;0.015163002274450343;0.0;0.0;0
18;0;0;0;0.0;0.0;0.0;0.782608695652174;0.0;0.0;0.0;0.0;0.0;0.0;0
20;0;0;0;0.0;0.0;0.0;0.8695652173913043;0.0;0.0;0.0;0.0;0.0;0.0;0
12;0;0;0;0.0;0.0;0.0;0.5217391304347826;0.0;0.0;0.0;0.0;0.0;0.0;0
15;0;0;0;0.0;0.0;0.0;0.6521739130434783;0.0;0.0;0.0;0.0;0.0;0.0;0
0;0;0;0;0.0;0.0;0.0;0.0;0.0;0.0;0.0;0.0;0.0;0.0;0
21;0;1;0;0.0;0.0;0.0;0.9130434782608695;0.0;0.03125;0.0;0.0;0.0;0.0;0
18;0;0;0;0.0;0.0;0.0;0.782608695652174;0.0;0.0;0.0;0.0;0.0;0.0;0
12;0;0;0;0.0;0.0;0.0;0.5217391304347826;0.0;0.0;0.0;0.0;0.0;0.0;0
20;30;0;0;0.0;0.0;0.0;0.8695652173913043;1.0;0.0;0.0;0.0;0.0;0.0;0
0;0;0;0;4.9;0.0;0.0;0.0;0.0;0.0;0.0;0.3714935557240334;0.0;0.0;0
20;0;6;0;0.0;0.0;0.0;0.8695652173913043;0.0;0.1875;0.0;0.0;0.0;0.0;0
3;30;0;0;0.0;0.0;0.0;0.13043478260869565;1.0;0.0;0.0;0.0;0.0;0.0;0
18;0;0;0;0.0;0.0;0.0;0.782608695652174;0.0;0.0;0.0;0.0;0.0;0.0;0
22;30;0;0;0.0;0.0;0.0;0.9565217391304348;1.0;0.0;0.0;0.0;0.0;0.0;0
10;30;0;0;0.0;0.0;0.0;0.43478260869565216;1.0;0.0;0.0;0.0;0.0;0.0;0
19;0;0;0;0.0;0.0;0.0;0.8260869565217391;0.0;0.0;0.0;0.0;0.0;0.0;0
2;30;0;0;0.0;0.0;0.0;0.08695652173913043;1.0;0.0;0.0;0.0;0.0;0.0;0
20;30;3;0;0.0;0.0;0.0;0.8695652173913043;1.0;0.09375;0.0;0.0;0.0;0.0;0
22;0;0;0;0.0;0.0;0.0;0.9565217391304348;0.0;0.0;0.0;0.0;0.0;0.0;0
17;30;0;0;0.0;0.0;0.0;0.7391304347826086;1.0;0.0;0.0;0.0;0.0;0.0;0
21;0;0;0;0.0;0.0;0.0;0.9130434782608695;0.0;0.0;0.0;0.0;0.0;0.0;0
21;30;1;0;0.0;0.0;0.0;0.9130434782608695;1.0;0.03125;0.0;0.0;0.0;0.0;0
3;0;0;0;0.0;0.0;0.0;0.13043478260869565;0.0;0.0;0.0;0.0;0.0;0.0;0
20;30;0;0;0.0;0.0;0.0;0.8695652173913043;1.0;0.0;0.0;0.0;0.0;0.0;0
5;30;0;0;0.0;0.0;0.0;0.21739130434782608;1.0;0.0;0.0;0.0;0.0;0.0;0
8;30;0;0;0.0;0.0;0.0;0.34782608695652173;1.0;0.0;0.0;0.0;0.0;0.0;0
9;0;0;0;0.0;0.0;0.0;0.391304347826087;0.0;0.0;0.0;0.0;0.0;0.0;0
14;0;0;0;0.0;0.0;0.0;0.6086956521739131;0.0;0.0;0.0;0.0;0.0;0.0;0
21;0;0;0;0.0;0.0;0.0;0.9130434782608695;0.0;0.0;0.0;0.0;0.0;0.0;0
8;30;0;0;0.0;0.0;0.0;0.34782608695652173;1.0;0.0;0.0;0.0;0.0;0.0;0
12;0;0;0;0.0;0.0;0.0;0.5217391304347826;0.0;0.0;0.0;0.0;0.0;0.0;0
18;0;1;0;0.0;0.0;0.0;0.782608695652174;0.0;0.03125;0.0;0.0;0.0;0.0;0
14;30;0;0;0.0;0.0;0.0;0.6086956521739131;1.0;0.0;0.0;0.0;0.0;0.0;0
10;30;0;0;0.0;0.0;0.0;0.43478260869565216;1.0;0.0;0.0;0.0;0.0;0.0;0
11;30;0;0;0.0;0.0;0.0;0.4782608695652174;1.0;0.0;0.0;0.0;0.0;0.0;0
18;30;0;0;0.0;0.0;0.0;0.782608695652174;1.0;0.0;0.0;0.0;0.0;0.0;0
14;30;0;0;0.2;0.0;0.0;0.6086956521739131;1.0;0.0;0.0;0.015163002274450343;0.0;0.0;0
22;0;0;0;0.0;0.0;0.0;0.9565217391304348;0.0;0.0;0.0;0.0;0.0;0.0;0
16;30;0;0;0.0;0.0;0.0;0.6956521739130435;1.0;0.0;0.0;0.0;0.0;0.0;0
15;0;0;0;0.0;0.0;0.0;0.6521739130434783;0.0;0.0;0.0;0.0;0.0;0.0;0
16;0;0;0;0.0;0.0;0.0;0.6956521739130435;0.0;0.0;0.0;0.0;0.0;0.0;0
0;30;0;0;0.0;0.0;0.0;0.0;1.0;0.0;0.0;0.0;0.0;0.0;0
0;30;0;0;0.0;0.0;0.0;0.0;1.0;0.0;0.0;0.0;0.0;0.0;0
7;0;0;0;0.0;0.0;0.0;0.30434782608695654;0.0;0.0;0.0;0.0;0.0;0.0;0
16;0;0;0;0.0;0.0;0.0;0.6956521739130435;0.0;0.0;0.0;0.0;0.0;0.0;0
12;30;0;0;0.0;0.0;0.0;0.5217391304347826;1.0;0.0;0.0;0.0;0.0;0.0;0
19;0;0;0;2.37;0.0;0.0;0.8260869565217391;0.0;0.0;0.0;0.17968157695223655;0.0;0.0;0
5;30;0;0;0.79;0.0;0.0;0.21739130434782608;1.0;0.0;0.0;0.059893858984078854;0.0;0.0;0
2;0;0;0;0.0;0.0;0.0;0.08695652173913043;0.0;0.0;0.0;0.0;0.0;0.0;0
7;0;0;0;0.0;0.0;0.0;0.30434782608695654;0.0;0.0;0.0;0.0;0.0;0.0;0
3;30;0;0;0.2;0.0;0.0;0.13043478260869565;1.0;0.0;0.0;0.015163002274450343;0.0;0.0;0
11;0;0;0;0.0;0.0;0.0;0.4782608695652174;0.0;0.0;0.0;0.0;0.0;0.0;0
17;0;0;0;1.18;0.0;0.0;0.7391304347826086;0.0;0.0;0.0;0.08946171341925702;0.0;0.0;0
22;30;0;0;0.2;0.0;0.0;0.9565217391304348;1.0;0.0;0.0;0.015163002274450343;0.0;0.0;0
4;0;0;0;0.0;0.0;0.0;0.17391304347826086;0.0;0.0;0.0;0.0;0.0;0.0;0
15;0;0;0;0.0;0.0;0.0;0.6521739130434783;0.0;0.0;0.0;0.0;0.0;0.0;0
10;30;0;0;0.0;0.0;0.0;0.43478260869565216;1.0;0.0;0.0;0.0;0.0;0.0;0
3;30;0;0;0.0;0.0;0.0;0.13043478260869565;1.0;0.0;0.0;0.0;0.0;0.0;0
8;30;0;0;0.6;0.0;0.0;0.34782608695652173;1.0;0.0;0.0;0.045489006823351025;0.0;0.0;0
2;0;0;0;0.0;0.0;0.0;0.08695652173913043;0.0;0.0;0.0;0.0;0.0;0.0;0
20;30;0;0;0.2;0.0;0.0;0.8695652173913043;1.0;0.0;0.0;0.015163002274450343;0.0;0.0;0
4;30;0;0;0.0;0.0;0.0;0.17391304347826086;1.0;0.0;0.0;0.0;0.0;0.0;0
2;0;0;0;0.0;0.0;0.0;0.08695652173913043;0.0;0.0;0.0;0.0;0.0;0.0;0
5;30;0;0;0.0;0.0;0.0;0.21739130434782608;1.0;0.0;0.0;0.0;0.0;0.0;0
13;0;2;0;0.0;0.0;0.0;0.5652173913043478;0.0;0.0625;0.0;0.0;0.0;0.0;0
6;30;0;0;0.0;0.0;0.0;0.2608695652173913;1.0;0.0;0.0;0.0;0.0;0.0;0
2;30;0;0;0.0;0.0;0.0;0.08695652173913043;1.0;0.0;0.0;0.0;0.0;0.0;0
22;30;0;0;0.0;0.0;0.0;0.9565217391304348;1.0;0.0;0.0;0.0;0.0;0.0;0
11;0;0;0;0.2;0.0;0.0;0.4782608695652174;0.0;0.0;0.0;0.015163002274450343;0.0;0.0;0
21;30;0;0;0.0;0.0;0.0;0.9130434782608695;1.0;0.0;0.0;0.0;0.0;0.0;0
0;0;0;0;0.0;0.0;0.0;0.0;0.0;0.0;0.0;0.0;0.0;0.0;0
10;0;0;0;0.0;0.0;0.0;0.43478260869565216;0.0;0.0;0.0;0.0;0.0;0.0;0
22;30;0;0;0.4;0.0;0.0;0.9565217391304348;1.0;0.0;0.0;0.030326004548900685;0.0;0.0;0
0;0;0;0;0.0;0.0;0.0;0.0;0.0;0.0;0.0;0.0;0.0;0.0;0
5;0;0;0;0.0;0.0;0.0;0.21739130434782608;0.0;0.0;0.0;0.0;0.0;0.0;0
15;0;0;0;0.0;0.0;0.0;0.6521739130434783;0.0;0.0;0.0;0.0;0.0;0.0;0
20;0;0;0;0.0;0.0;0.0;0.8695652173913043;0.0;0.0;0.0;0.0;0.0;0.0;0
10;0;0;0;0.0;0.0;0.0;0.43478260869565216;0.0;0.0;0.0;0.0;0.0;0.0;0
21;30;0;0;0.0;0.0;0.0;0.9130434782608695;1.0;0.0;0.0;0.0;0.0;0.0;0
12;30;0;0;0.0;0.0;0.0;0.5217391304347826;1.0;0.0;0.0;0.0;0.0;0.0;0
18;30;0;0;0.0;0.0;0.0;0.782608695652174;1.0;0.0;0.0;0.0;0.0;0.0;0
8;0;0;0;0.0;0.0;0.0;0.34782608695652173;0.0;0.0;0.0;0.0;0.0;0.0;0
12;30;0;0;0.0;0.0;0.0;0.5217391304347826;1.0;0.0;0.0;0.0;0.0;0.0;0
21;30;0;0;0.0;0.0;0.0;0.9130434782608695;1.0;0.0;0.0;0.0;0.0;0.0;0
6;30;0;0;0.0;0.0;0.0;0.2608695652173913;1.0;0.0;0.0;0.0;0.0;0.0;0
18;30;1;0;0.0;0.0;0.0;0.782608695652174;1.0;0.03125;0.0;0.0;0.0;0.0;0
16;30;0;0;0.0;0.0;0.0;0.6956521739130435;1.0;0.0;0.0;0.0;0.0;0.0;0
19;30;0;0;0.0;0.0;0.0;0.8260869565217391;1.0;0.0;0.0;0.0;0.0;0.0;0
6;30;0;0;0.0;0.0;0.0;0.2608695652173913;1.0;0.0;0.0;0.0;0.0;0.0;0
23;30;0;0;0.0;0.0;0.0;1.0;1.0;0.0;0.0;0.0;0.0;0.0;0
10;0;0;0;0.0;0.0;0.0;0.43478260869565216;0.0;0.0;0.0;0.0;0.0;0.0;0
7;0;0;0;0.0;0.0;0.0;0.30434782608695654;0.0;0.0;0.0;0.0;0.0;0.0;0
16;0;0;0;0.0;0.0;0.0;0.6956521739130435;0.0;0.0;0.0;0.0;0.0;0.0;0
2;30;0;0;0.0;0.0;0.0;0.08695652173913043;1.0;0.0;0.0;0.0;0.0;0.0;0
18;0;0;0;0.0;0.0;0.0;0.782608695652174;0.0;0.0;0.0;0.0;0.0;0.0;0
2;0;0;0;0.0;0.0;0.0;0.08695652173913043;0.0;0.0;0.0;0.0;0.0;0.0;0
17;0;0;0;0.0;0.0;0.0;0.7391304347826086;0.0;0.0;0.0;0.0;0.0;0.0;0
2;0;0;0;0.0;0.0;0.0;0.08695652173913043;0.0;0.0;0.0;0.0;0.0;0.0;0
21;0;1;0;0.0;0.0;0.0;0.9130434782608695;0.0;0.03125;0.0;0.0;0.0;0.0;0
2;30;0;0;0.0;0.0;0.0;0.08695652173913043;1.0;0.0;0.0;0.0;0.0;0.0;0
8;30;0;0;0.0;0.0;0.0;0.34782608695652173;1.0;0.0;0.0;0.0;0.0;0.0;0
7;0;0;0;0.0;0.0;0.0;0.30434782608695654;0.0;0.0;0.0;0.0;0.0;0.0;0
8;0;0;0;0.0;0.0;0.0;0.34782608695652173;0.0;0.0;0.0;0.0;0.0;0.0;0
2;30;0;0;0.2;0.0;0.0;0.08695652173913043;1.0;0.0;0.0;0.015163002274450343;0.0;0.0;0
9;30;0;0;0.0;0.0;0.0;0.391304347826087;1.0;0.0;0.0;0.0;0.0;0.0;0
19;30;1;0;0.0;0.0;0.0;0.8260869565217391;1.0;0.03125;0.0;0.0;0.0;0.0;0
14;0;0;0;0.0;0.0;0.0;0.6086956521739131;0.0;0.0;0.0;0.0;0.0;0.0;0
20;0;0;0;0.0;0.0;0.0;0.8695652173913043;0.0;0.0;0.0;0.0;0.0;0.0;0
3;0;0;0;0.0;0.0;0.0;0.13043478260869565;0.0;0.0;0.0;0.0;0.0;0.0;0
9;30;0;0;0.0;0.0;0.0;0.391304347826087;1.0;0.0;0.0;0.0;0.0;0.0;0
1;0;0;0;0.0;0.0;0.0;0.043478260869565216;0.0;0.0;0.0;0.0;0.0;0.0;0
21;0;0;0;0.0;0.0;0.0;0.9130434782608695;0.0;0.0;0.0;0.0;0.0;0.0;0
2;30;0;0;0.0;0.0;0.0;0.08695652173913043;1.0;0.0;0.0;0.0;0.0;0.0;0
10;0;0;0;0.0;0.0;0.0;0.43478260869565216;0.0;0.0;0.0;0.0;0.0;0.0;0
0;30;0;0;0.0;0.0;0.0;0.0;1.0;0.0;0.0;0.0;0.0;0.0;0
9;30;0;0;0.0;0.0;0.0;0.391304347826087;1.0;0.0;0.0;0.0;0.0;0.0;0
18;30;0;0;0.0;0.0;0.0;0.782608695652174;1.0;0.0;0.0;0.0;0.0;0.0;0
13;0;0;0;0.0;0.0;0.0;0.5652173913043478;0.0;0.0;0.0;0.0;0.0;0.0;0
6;30;0;0;0.2;0.0;0.0;0.2608695652173913;1.0;0.0;0.0;0.015163002274450343;0.0;0.0;0
17;30;1;0;0.0;0.0;0.0;0.7391304347826086;1.0;0.03125;0.0;0.0;0.0;0.0;0
1;30;1;0;0.0;0.0;0.0;0.043478260869565216;1.0;0.03125;0.0;0.0;0.0;0.0;0
2;0;0;0;0.0;0.0;0.0;0.08695652173913043;0.0;0.0;0.0;0.0;0.0;0.0;0
6;30;0;0;0.2;0.0;0.0;0.2608695652173913;1.0;0.0;0.0;0.015163002274450343;0.0;0.0;0
10;30;0;0;0.0;0.0;0.0;0.43478260869565216;1.0;0.0;0.0;0.0;0.0;0.0;0
3;0;0;0;0.0;0.0;0.0;0.13043478260869565;0.0;0.0;0.0;0.0;0.0;0.0;0
20;30;0;0;0.0;0.0;0.0;0.8695652173913043;1.0;0.0;0.0;0.0;0.0;0.0;0
20;0;3;0;0.0;0.0;0.0;0.8695652173913043;0.0;0.09375;0.0;0.0;0.0;0.0;0
12;0;0;0;0.0;0.0;0.0;0.5217391304347826;0.0;0.0;0.0;0.0;0.0;0.0;0
16;30;0;0;0.0;0.0;0.0;0.6956521739130435;1.0;0.0;0.0;0.0;0.0;0.0;0
8;0;0;0;0.0;0.0;0.0;0.34782608695652173;0.0;0.0;0.0;0.0;0.0;0.0;0
8;30;0;0;0.0;0.0;0.0;0.34782608695652173;1.0;0.0;0.0;0.0;0.0;0.0;0
8;30;0;0;0.0;0.0;0.0;0.34782608695652173;1.0;0.0;0.0;0.0;0.0;0.0;0
2;30;0;0;1.97;0.0;0.0;0.08695652173913043;1.0;0.0;0.0;0.14935557240333586;0.0;0.0;0
10;30;0;0;0.0;0.0;0.0;0.43478260869565216;1.0;0.0;0.0;0.0;0.0;0.0;0
5;30;0;0;0.0;0.0;0.0;0.21739130434782608;1.0;0.0;0.0;0.0;0.0;0.0;0
8;30;0;0;0.0;0.0;0.0;0.34782608695652173;1.0;0.0;0.0;0.0;0.0;0.0;0
5;30;0;0;0.0;0.0;0.0;0.21739130434782608;1.0;0.0;0.0;0.0;0.0;0.0;0
6;0;0;0;0.0;0.0;0.0;0.2608695652173913;0.0;0.0;0.0;0.0;0.0;0.0;0
0;0;0;0;0.0;0.0;0.0;0.0;0.0;0.0;0.0;0.0;0.0;0.0;0
12;30;0;0;0.2;0.0;0.0;0.5217391304347826;1.0;0.0;0.0;0.015163002274450343;0.0;0.0;0
2;30;0;0;0.0;0.0;0.0;0.08695652173913043;1.0;0.0;0.0;0.0;0.0;0.0;0
10;30;0;0;0.0;0.0;0.0;0.43478260869565216;1.0;0.0;0.0;0.0;0.0;0.0;0
14;0;0;0;0.0;0.0;0.0;0.6086956521739131;0.0;0.0;0.0;0.0;0.0;0.0;0
0;30;0;0;0.0;0.0;0.0;0.0;1.0;0.0;0.0;0.0;0.0;0.0;0
23;0;1;0;0.0;0.0;0.0;1.0;0.0;0.03125;0.0;0.0;0.0;0.0;0
20;30;0;0;2.55;0.0;0.0;0.8695652173913043;1.0;0.0;0.0;0.19332827899924185;0.0;0.0;0
10;0;0;0;0.0;0.0;0.0;0.43478260869565216;0.0;0.0;0.0;0.0;0.0;0.0;0
8;0;0;0;0.0;0.0;0.0;0.34782608695652173;0.0;0.0;0.0;0.0;0.0;0.0;0
18;0;0;0;0.0;0.0;0.0;0.782608695652174;0.0;0.0;0.0;0.0;0.0;0.0;0
9;30;0;0;0.0;0.0;0.0;0.391304347826087;1.0;0.0;0.0;0.0;0.0;0.0;0
13;30;0;0;0.0;0.0;0.0;0.5652173913043478;1.0;0.0;0.0;0.0;0.0;0.0;0
21;30;0;0;0.0;0.0;0.0;0.9130434782608695;1.0;0.0;0.0;0.0;0.0;0.0;0
17;0;0;0;0.0;0.0;0.0;0.7391304347826086;0.0;0.0;0.0;0.0;0.0;0.0;0
23;30;0;0;0.0;0.0;0.0;1.0;1.0;0.0;0.0;0.0;0.0;0.0;0
0;0;0;0;0.0;0.0;0.0;0.0;0.0;0.0;0.0;0.0;0.0;0.0;0
0;30;0;0;0.0;0.0;0.0;0.0;1.0;0.0;0.0;0.0;0.0;0.0;0
19;30;0;0;0.0;0.0;0.0;0.8260869565217391;1.0;0.0;0.0;0.0;0.0;0.0;0
18;30;0;0;0.0;0.0;0.0;0.782608695652174;1.0;0.0;0.0;0.0;0.0;0.0;0
17;0;0;0;0.0;0.0;0.0;0.7391304347826086;0.0;0.0;0.0;0.0;0.0;0.0;0
23;0;0;0;0.0;0.0;0.0;1.0;0.0;0.0;0.0;0.0;0.0;0.0;0
1;0;0;0;0.0;0.0;0.0;0.043478260869565216;0.0;0.0;0.0;0.0;0.0;0.0;0
0;30;0;0;0.0;0.0;0.0;0.0;1.0;0.0;0.0;0.0;0.0;0.0;0
17;0;0;0;0.0;0.0;0.0;0.7391304347826086;0.0;0.0;0.0;0.0;0.0;0.0;0
3;30;0;0;0.0;0.0;0.0;0.13043478260869565;1.0;0.0;0.0;0.0;0.0;0.0;0
21;30;0;0;0.0;0.0;0.0;0.9130434782608695;1.0;0.0;0.0;0.0;0.0;0.0;0
15;30;0;0;0.0;0.0;0.0;0.6521739130434783;1.0;0.0;0.0;0.0;0.0;0.0;0
11;0;0;0;0.0;0.0;0.0;0.4782608695652174;0.0;0.0;0.0;0.0;0.0;0.0;0
17;0;0;0;0.0;0.0;0.0;0.7391304347826086;0.0;0.0;0.0;0.0;0.0;0.0;0
9;0;3;0;0.0;0.0;0.0;0.391304347826087;0.0;0.09375;0.0;0.0;0.0;0.0;0
11;30;1;0;0.0;0.0;0.0;0.4782608695652174;1.0;0.03125;0.0;0.0;0.0;0.0;0
19;0;0;0;0.0;0.0;0.0;0.8260869565217391;0.0;0.0;0.0;0.0;0.0;0.0;0
19;30;0;0;0.0;0.0;0.0;0.8260869565217391;1.0;0.0;0.0;0.0;0.0;0.0;0
3;0;0;0;0.0;0.0;0.0;0.13043478260869565;0.0;0.0;0.0;0.0;0.0;0.0;0
17;30;0;0;0.0;0.0;0.0;0.7391304347826086;1.0;0.0;0.0;0.0;0.0;0.0;0
4;0;0;0;1.57;0.0;0.0;0.17391304347826086;0.0;0.0;0.0;0.11902956785443519;0.0;0.0;0
1;0;0;0;5.3;0.0;0.0;0.043478260869565216;0.0;0.0;0.0;0.40181956027293403;0.0;0.0;1
12;0;0;0;0.0;0.0;0.0;0.5217391304347826;0.0;0.0;0.0;0.0;0.0;0.0;0
1;0;0;0;0.0;0.0;0.0;0.043478260869565216;0.0;0.0;0.0;0.0;0.0;0.0;0
10;30;0;0;2.56;0.0;0.0;0.43478260869565216;1.0;0.0;0.0;0.19408642911296436;0.0;0.0;0
15;0;1;0;0.0;0.0;0.0;0.6521739130434783;0.0;0.03125;0.0;0.0;0.0;0.0;0
23;0;0;0;0.0;0.0;0.0;1.0;0.0;0.0;0.0;0.0;0.0;0.0;0
5;0;0;0;0.0;0.0;0.0;0.21739130434782608;0.0;0.0;0.0;0.0;0.0;0.0;0
15;30;0;0;0.0;0.0;0.0;0.6521739130434783;1.0;0.0;0.0;0.0;0.0;0.0;0
5;0;0;0;0.0;0.0;0.0;0.21739130434782608;0.0;0.0;0.0;0.0;0.0;0.0;0
17;30;0;0;0.0;0.0;0.0;0.7391304347826086;1.0;0.0;0.0;0.0;0.0;0.0;0
23;30;0;0;0.0;0.0;0.0;1.0;1.0;0.0;0.0;0.0;0.0;0.0;0
23;0;0;0;0.0;0.0;0.0;1.0;0.0;0.0;0.0;0.0;0.0;0.0;0
21;30;0;0;0.0;0.0;0.0;0.9130434782608695;1.0;0.0;0.0;0.0;0.0;0.0;0
0;0;0;0;0.0;0.0;0.0;0.0;0.0;0.0;0.0;0.0;0.0;0.0;0
3;0;0;0;0.39;0.0;0.0;0.13043478260869565;0.0;0.0;0.0;0.02956785443517817;0.0;0.0;0
23;0;0;0;0.0;0.0;0.0;1.0;0.0;0.0;0.0;0.0;0.0;0.0;0
0;0;1;0;0.0;0.0;0.0;0.0;0.0;0.03125;0.0;0.0;0.0;0.0;0
19;30;0;0;0.0;0.0;0.0;0.8260869565217391;1.0;0.0;0.0;0.0;0.0;0.0;0
18;0;0;0;0.39;0.0;0.0;0.782608695652174;0.0;0.0;0.0;0.02956785443517817;0.0;0.0;0
0;0;1;0;1.18;0.0;0.0;0.0;0.0;0.03125;0.0;0.08946171341925702;0.0;0.0;0
22;0;0;0;0.0;0.0;0.0;0.9565217391304348;0.0;0.0;0.0;0.0;0.0;0.0;0
15;0;0;0;0.0;0.0;0.0;0.6521739130434783;0.0;0.0;0.0;0.0;0.0;0.0;0
17;30;0;0;0.0;0.0;0.0;0.7391304347826086;1.0;0.0;0.0;0.0;0.0;0.0;0
8;0;0;0;0.0;0.0;0.0;0.34782608695652173;0.0;0.0;0.0;0.0;0.0;0.0;0
7;0;0;0;0.0;0.0;0.0;0.30434782608695654;0.0;0.0;0.0;0.0;0.0;0.0;0
20;30;0;0;0.0;0.0;0.0;0.8695652173913043;1.0;0.0;0.0;0.0;0.0;0.0;0
13;30;0;0;0.0;0.0;0.0;0.5652173913043478;1.0;0.0;0.0;0.0;0.0;0.0;0
9;30;0;0;0.2;0.0;0.0;0.391304347826087;1.0;0.0;0.0;0.015163002274450343;0.0;0.0;0
19;0;0;0;0.0;0.0;0.0;0.8260869565217391;0.0;0.0;0.0;0.0;0.0;0.0;0
16;30;0;0;0.0;0.0;0.0;0.6956521739130435;1.0;0.0;0.0;0.0;0.0;0.0;0
20;30;0;0;0.0;0.0;0.0;0.8695652173913043;1.0;0.0;0.0;0.0;0.0;0.0;0
4;30;0;0;0.0;0.0;0.0;0.17391304347826086;1.0;0.0;0.0;0.0;0.0;0.0;0
19;0;0;0;0.0;0.0;0.0;0.8260869565217391;0.0;0.0;0.0;0.0;0.0;0.0;0
19;30;1;0;0.0;0.0;0.0;0.8260869565217391;1.0;0.03125;0.0;0.0;0.0;0.0;0
19;0;0;0;0.0;0.0;0.0;0.8260869565217391;0.0;0.0;0.0;0.0;0.0;0.0;0
23;0;0;0;0.0;0.0;0.0;1.0;0.0;0.0;0.0;0.0;0.0;0.0;0
13;30;0;0;0.0;0.0;0.0;0.5652173913043478;1.0;0.0;0.0;0.0;0.0;0.0;0
8;30;0;0;0.59;0.0;0.0;0.34782608695652173;1.0;0.0;0.0;0.04473085670962851;0.0;0.0;0
21;0;0;0;0.0;0.0;0.0;0.9130434782608695;0.0;0.0;0.0;0.0;0.0;0.0;0
0;0;0;0;0.0;0.0;0.0;0.0;0.0;0.0;0.0;0.0;0.0;0.0;0
7;0;0;0;0.0;0.0;0.0;0.30434782608695654;0.0;0.0;0.0;0.0;0.0;0.0;0
13;0;0;0;0.0;0.0;0.0;0.5652173913043478;0.0;0.0;0.0;0.0;0.0;0.0;0
2;30;0;0;0.0;0.0;0.0;0.08695652173913043;1.0;0.0;0.0;0.0;0.0;0.0;0
20;30;0;0;0.0;0.0;0.0;0.8695652173913043;1.0;0.0;0.0;0.0;0.0;0.0;0
11;30;0;0;0.0;0.0;0.0;0.4782608695652174;1.0;0.0;0.0;0.0;0.0;0.0;0
10;30;0;0;0.98;0.0;0.0;0.43478260869565216;1.0;0.0;0.0;0.07429871114480667;0.0;0.0;0
20;0;0;0;0.0;0.0;0.0;0.8695652173913043;0.0;0.0;0.0;0.0;0.0;0.0;0
13;0;0;0;0.0;0.0;0.0;0.5652173913043478;0.0;0.0;0.0;0.0;0.0;0.0;0
5;0;0;0;0.0;0.0;0.0;0.21739130434782608;0.0;0.0;0.0;0.0;0.0;0.0;0
16;0;0;0;0.0;0.0;0.0;0.6956521739130435;0.0;0.0;0.0;0.0;0.0;0.0;0
11;0;0;0;0.0;0.0;0.0;0.4782608695652174;0.0;0.0;0.0;0.0;0.0;0.0;0
18;30;9;0;0.0;0.0;0.0;0.782608695652174;1.0;0.28125;0.0;0.0;0.0;0.0;0
4;30;32;0;0.0;0.0;0.0;0.17391304347826086;1.0;1.0;0.0;0.0;0.0;0.0;0
19;30;0;0;0.0;0.0;0.0;0.8260869565217391;1.0;0.0;0.0;0.0;0.0;0.0;0
9;30;0;0;0.0;0.0;0.0;0.391304347826087;1.0;0.0;0.0;0.0;0.0;0.0;0
10;0;0;0;0.0;0.0;0.0;0.43478260869565216;0.0;0.0;0.0;0.0;0.0;0.0;0
19;0;0;0;0.2;0.0;0.0;0.8260869565217391;0.0;0.0;0.0;0.015163002274450343;0.0;0.0;0
4;30;0;0;0.0;0.0;0.0;0.17391304347826086;1.0;0.0;0.0;0.0;0.0;0.0;0
18;0;0;0;0.0;0.0;0.0;0.782608695652174;0.0;0.0;0.0;0.0;0.0;0.0;0
16;30;0;0;0.0;0.0;0.0;0.6956521739130435;1.0;0.0;0.0;0.0;0.0;0.0;0
21;0;0;0;0.0;0.0;0.0;0.9130434782608695;0.0;0.0;0.0;0.0;0.0;0.0;0
21;0;0;0;0.0;0.0;0.0;0.9130434782608695;0.0;0.0;0.0;0.0;0.0;0.0;0
14;0;0;0;0.0;0.0;0.0;0.6086956521739131;0.0;0.0;0.0;0.0;0.0;0.0;0
17;0;0;0;0.0;0.0;0.0;0.7391304347826086;0.0;0.0;0.0;0.0;0.0;0.0;0
19;30;0;0;0.0;0.0;0.0;0.8260869565217391;1.0;0.0;0.0;0.0;0.0;0.0;0
13;30;5;0;0.0;0.0;0.0;0.5652173913043478;1.0;0.15625;0.0;0.0;0.0;0.0;0
1;30;0;0;3.53;0.0;0.0;0.043478260869565216;1.0;0.0;0.0;0.2676269901440485;0.0;0.0;1
1;30;0;0;0.0;0.0;0.0;0.043478260869565216;1.0;0.0;0.0;0.0;0.0;0.0;0
16;30;0;0;0.0;0.0;0.0;0.6956521739130435;1.0;0.0;0.0;0.0;0.0;0.0;0
8;0;0;0;0.0;0.0;0.0;0.34782608695652173;0.0;0.0;0.0;0.0;0.0;0.0;0
11;0;0;0;0.0;0.0;0.0;0.4782608695652174;0.0;0.0;0.0;0.0;0.0;0.0;0
20;0;0;0;0.0;0.0;0.0;0.8695652173913043;0.0;0.0;0.0;0.0;0.0;0.0;0
9;30;0;0;0.0;0.0;0.0;0.391304347826087;1.0;0.0;0.0;0.0;0.0;0.0;0
19;30;2;0;0.0;0.0;0.0;0.8260869565217391;1.0;0.0625;0.0;0.0;0.0;0.0;0
12;30;0;0;0.0;0.0;0.0;0.5217391304347826;1.0;0.0;0.0;0.0;0.0;0.0;0
10;30;0;0;0.0;0.0;0.0;0.43478260869565216;1.0;0.0;0.0;0.0;0.0;0.0;0
11;0;0;0;0.0;0.0;0.0;0.4782608695652174;0.0;0.0;0.0;0.0;0.0;0.0;0
14;30;0;0;0.99;0.0;0.0;0.6086956521739131;1.0;0.0;0.0;0.07505686125852919;0.0;0.0;0
14;30;1;0;0.0;0.0;0.0;0.6086956521739131;1.0;0.03125;0.0;0.0;0.0;0.0;0
17;0;0;0;0.0;0.0;0.0;0.7391304347826086;0.0;0.0;0.0;0.0;0.0;0.0;0
5;0;0;0;0.0;0.0;0.0;0.21739130434782608;0.0;0.0;0.0;0.0;0.0;0.0;0
16;0;0;0;0.0;0.0;0.0;0.6956521739130435;0.0;0.0;0.0;0.0;0.0;0.0;0
22;0;0;0;0.6;0.0;0.0;0.9565217391304348;0.0;0.0;0.0;0.045489006823351025;0.0;0.0;0
10;30;0;0;0.0;0.0;0.0;0.43478260869565216;1.0;0.0;0.0;0.0;0.0;0.0;0
8;0;0;0;0.2;0.0;0.0;0.34782608695652173;0.0;0.0;0.0;0.015163002274450343;0.0;0.0;0
10;0;0;0;0.0;0.0;0.0;0.43478260869565216;0.0;0.0;0.0;0.0;0.0;0.0;0
5;0;0;0;0.0;0.0;0.0;0.21739130434782608;0.0;0.0;0.0;0.0;0.0;0.0;0
15;30;0;0;0.0;0.0;0.0;0.6521739130434783;1.0;0.0;0.0;0.0;0.0;0.0;0
23;30;2;0;0.2;0.0;0.0;1.0;1.0;0.0625;0.0;0.015163002274450343;0.0;0.0;0
17;0;0;0;0.0;0.0;0.0;0.7391304347826086;0.0;0.0;0.0;0.0;0.0;0.0;0
22;0;0;0;0.0;0.0;0.0;0.9565217391304348;0.0;0.0;0.0;0.0;0.0;0.0;0
9;0;0;0;0.0;0.0;0.0;0.391304347826087;0.0;0.0;0.0;0.0;0.0;0.0;0
4;0;0;0;0.0;0.0;0.0;0.17391304347826086;0.0;0.0;0.0;0.0;0.0;0.0;0
21;0;0;0;0.0;0.0;0.0;0.9130434782608695;0.0;0.0;0.0;0.0;0.0;0.0;0
16;30;0;0;0.0;0.0;0.0;0.6956521739130435;1.0;0.0;0.0;0.0;0.0;0.0;0
13;0;0;0;0.0;0.0;0.0;0.5652173913043478;0.0;0.0;0.0;0.0;0.0;0.0;0
13;0;0;0;0.0;0.0;0.0;0.5652173913043478;0.0;0.0;0.0;0.0;0.0;0.0;0
23;30;0;0;0.0;0.0;0.0;1.0;1.0;0.0;0.0;0.0;0.0;0.0;0
2;30;0;0;0.0;0.0;0.0;0.08695652173913043;1.0;0.0;0.0;0.0;0.0;0.0;0
5;0;0;0;0.0;0.0;0.0;0.21739130434782608;0.0;0.0;0.0;0.0;0.0;0.0;0
11;30;0;0;0.0;0.0;0.0;0.4782608695652174;1.0;0.0;0.0;0.0;0.0;0.0;0
14;0;0;0;0.0;0.0;0.0;0.6086956521739131;0.0;0.0;0.0;0.0;0.0;0.0;0
22;30;1;0;0.0;0.0;0.0;0.9565217391304348;1.0;0.03125;0.0;0.0;0.0;0.0;0
12;0;1;0;0.0;0.0;0.0;0.5217391304347826;0.0;0.03125;0.0;0.0;0.0;0.0;0
16;0;0;0;0.0;0.0;0.0;0.6956521739130435;0.0;0.0;0.0;0.0;0.0;0.0;0
21;30;0;0;0.0;0.0;0.0;0.9130434782608695;1.0;0.0;0.0;0.0;0.0;0.0;0
19;30;0;0;0.0;0.0;0.0;0.8260869565217391;1.0;0.0;0.0;0.0;0.0;0.0;0
4;0;0;0;0.79;0.0;0.0;0.17391304347826086;0.0;0.0;0.0;0.059893858984078854;0.0;0.0;0
15;0;0;0;0.0;0.0;0.0;0.6521739130434783;0.0;0.0;0.0;0.0;0.0;0.0;0
20;0;0;0;0.0;0.0;0.0;0.8695652173913043;0.0;0.0;0.0;0.0;0.0;0.0;0
16;30;0;0;0.0;0.0;0.0;0.6956521739130435;1.0;0.0;0.0;0.0;0.0;0.0;0
22;0;0;0;0.0;0.0;0.0;0.9565217391304348;0.0;0.0;0.0;0.0;0.0;0.0;0
1;30;0;0;0.0;0.0;0.0;0.043478260869565216;1.0;0.0;0.0;0.0;0.0;0.0;0
5;0;0;0;0.0;0.0;0.0;0.21739130434782608;0.0;0.0;0.0;0.0;0.0;0.0;0
11;0;0;0;0.2;0.0;0.0;0.4782608695652174;0.0;0.0;0.0;0.015163002274450343;0.0;0.0;0
13;30;0;0;0.0;0.0;0.0;0.5652173913043478;1.0;0.0;0.0;0.0;0.0;0.0;0
22;0;0;0;0.0;0.0;0.0;0.9565217391304348;0.0;0.0;0.0;0.0;0.0;0.0;0
9;0;0;0;0.0;0.0;0.0;0.391304347826087;0.0;0.0;0.0;0.0;0.0;0.0;0
8;0;0;0;0.0;0.0;0.0;0.34782608695652173;0.0;0.0;0.0;0.0;0.0;0.0;0
14;30;0;0;0.0;0.0;0.0;0.6086956521739131;1.0;0.0;0.0;0.0;0.0;0.0;0
3;30;0;0;0.0;0.0;0.0;0.13043478260869565;1.0;0.0;0.0;0.0;0.0;0.0;0
0;0;1;0;0.2;0.0;0.0;0.0;0.0;0.03125;0.0;0.015163002274450343;0.0;0.0;0
1;0;0;0;0.0;0.0;0.0;0.043478260869565216;0.0;0.0;0.0;0.0;0.0;0.0;0
17;0;0;0;0.0;0.0;0.0;0.7391304347826086;0.0;0.0;0.0;0.0;0.0;0.0;0
11;30;0;0;0.0;0.0;0.0;0.4782608695652174;1.0;0.0;0.0;0.0;0.0;0.0;0
20;0;0;0;8.46;0.0;0.0;0.8695652173913043;0.0;0.0;0.0;0.6413949962092496;0.0;0.0;1
5;0;0;0;0.0;0.0;0.0;0.21739130434782608;0.0;0.0;0.0;0.0;0.0;0.0;0
20;0;0;0;0.0;0.0;0.0;0.8695652173913043;0.0;0.0;0.0;0.0;0.0;0.0;0
1;0;0;0;0.0;0.0;0.0;0.043478260869565216;0.0;0.0;0.0;0.0;0.0;0.0;0
17;30;1;0;0.0;0.0;0.0;0.7391304347826086;1.0;0.03125;0.0;0.0;0.0;0.0;0
18;0;0;0;0.0;0.0;0.0;0.782608695652174;0.0;0.0;0.0;0.0;0.0;0.0;0
6;30;0;0;0.0;0.0;0.0;0.2608695652173913;1.0;0.0;0.0;0.0;0.0;0.0;0
6;0;0;0;0.0;0.0;0.0;0.2608695652173913;0.0;0.0;0.0;0.0;0.0;0.0;0
0;0;0;0;0.0;0.0;0.0;0.0;0.0;0.0;0.0;0.0;0.0;0.0;0
3;30;0;0;0.0;0.0;0.0;0.13043478260869565;1.0;0.0;0.0;0.0;0.0;0.0;0
1;0;0;0;0.0;0.0;0.0;0.043478260869565216;0.0;0.0;0.0;0.0;0.0;0.0;0
19;30;0;0;0.0;0.0;0.0;0.8260869565217391;1.0;0.0;0.0;0.0;0.0;0.0;0
9;0;0;0;0.0;0.0;0.0;0.391304347826087;0.0;0.0;0.0;0.0;0.0;0.0;0
1;0;0;0;0.98;0.0;0.0;0.043478260869565216;0.0;0.0;0.0;0.07429871114480667;0.0;0.0;0
0;0;0;0;0.0;0.0;0.0;0.0;0.0;0.0;0.0;0.0;0.0;0.0;0
13;30;0;0;0.0;0.0;0.0;0.5652173913043478;1.0;0.0;0.0;0.0;0.0;0.0;0
23;30;0;0;0.0;0.0;0.0;1.0;1.0;0.0;0.0;0.0;0.0;0.0;0
18;30;0;0;0.0;0.0;0.0;0.782608695652174;1.0;0.0;0.0;0.0;0.0;0.0;0
19;30;0;0;0.0;0.0;0.0;0.8260869565217391;1.0;0.0;0.0;0.0;0.0;0.0;0
8;30;0;0;0.0;0.0;0.0;0.34782608695652173;1.0;0.0;0.0;0.0;0.0;0.0;0
14;30;0;0;0.0;0.0;0.0;0.6086956521739131;1.0;0.0;0.0;0.0;0.0;0.0;0
22;30;0;0;0.0;0.0;0.0;0.9565217391304348;1.0;0.0;0.0;0.0;0.0;0.0;0
1;0;0;0;0.0;0.0;0.0;0.043478260869565216;0.0;0.0;0.0;0.0;0.0;0.0;0
13;0;0;0;0.59;0.0;0.0;0.5652173913043478;0.0;0.0;0.0;0.04473085670962851;0.0;0.0;0
1;30;1;0;0.0;0.0;0.0;0.043478260869565216;1.0;0.03125;0.0;0.0;0.0;0.0;0
6;0;0;0;0.0;0.0;0.0;0.2608695652173913;0.0;0.0;0.0;0.0;0.0;0.0;0
20;30;0;0;0.0;0.0;0.0;0.8695652173913043;1.0;0.0;0.0;0.0;0.0;0.0;0
12;0;0;0;0.0;0.0;0.0;0.5217391304347826;0.0;0.0;0.0;0.0;0.0;0.0;0
0;0;0;0;0.0;0.0;0.0;0.0;0.0;0.0;0.0;0.0;0.0;0.0;0
2;0;0;0;0.0;0.0;0.0;0.08695652173913043;0.0;0.0;0.0;0.0;0.0;0.0;0
5;30;0;0;0.0;0.0;0.0;0.21739130434782608;1.0;0.0;0.0;0.0;0.0;0.0;0
10;30;0;0;0.0;0.0;0.0;0.43478260869565216;1.0;0.0;0.0;0.0;0.0;0.0;0
16;30;2;0;0.0;0.0;0.0;0.6956521739130435;1.0;0.0625;0.0;0.0;0.0;0.0;0
6;30;0;0;0.0;0.0;0.0;0.2608695652173913;1.0;0.0;0.0;0.0;0.0;0.0;0
14;0;0;0;0.0;0.0;0.0;0.6086956521739131;0.0;0.0;0.0;0.0;0.0;0.0;0
4;30;0;0;0.0;0.0;0.0;0.17391304347826086;1.0;0.0;0.0;0.0;0.0;0.0;0
9;30;0;0;0.0;0.0;0.0;0.391304347826087;1.0;0.0;0.0;0.0;0.0;0.0;0
22;0;0;0;0.0;0.0;0.0;0.9565217391304348;0.0;0.0;0.0;0.0;0.0;0.0;0
3;0;0;0;0.0;0.0;0.0;0.13043478260869565;0.0;0.0;0.0;0.0;0.0;0.0;0
16;0;0;0;0.0;0.0;0.0;0.6956521739130435;0.0;0.0;0.0;0.0;0.0;0.0;0
6;0;0;0;0.0;0.0;0.0;0.2608695652173913;0.0;0.0;0.0;0.0;0.0;0.0;0
23;30;0;0;0.0;0.0;0.0;1.0;1.0;0.0;0.0;0.0;0.0;0.0;0
15;30;0;0;0.0;0.0;0.0;0.6521739130434783;1.0;0.0;0.0;0.0;0.0;0.0;0
15;30;0;0;1.17;0.0;0.0;0.6521739130434783;1.0;0.0;0.0;0.0887035633055345;0.0;0.0;0
11;30;0;0;0.0;0.0;0.0;0.4782608695652174;1.0;0.0;0.0;0.0;0.0;0.0;0
6;0;0;0;0.0;0.0;0.0;0.2608695652173913;0.0;0.0;0.0;0.0;0.0;0.0;0
2;0;1;0;0.0;0.0;0.0;0.08695652173913043;0.0;0.03125;0.0;0.0;0.0;0.0;0
16;30;1;0;0.0;0.0;0.0;0.6956521739130435;1.0;0.03125;0.0;0.0;0.0;0.0;0
3;0;0;0;0.0;0.0;0.0;0.13043478260869565;0.0;0.0;0.0;0.0;0.0;0.0;0
5;30;0;0;0.0;0.0;0.0;0.21739130434782608;1.0;0.0;0.0;0.0;0.0;0.0;0
16;0;0;0;0.0;0.0;0.0;0.6956521739130435;0.0;0.0;0.0;0.0;0.0;0.0;0
10;0;0;0;0.0;0.0;0.0;0.43478260869565216;0.0;0.0;0.0;0.0;0.0;0.0;0
2;30;0;0;0.0;0.0;0.0;0.08695652173913043;1.0;0.0;0.0;0.0;0.0;0.0;0
23;0;0;0;0.0;0.0;0.0;1.0;0.0;0.0;0.0;0.0;0.0;0.0;0
3;0;0;0;0.0;0.0;0.0;0.13043478260869565;0.0;0.0;0.0;0.0;0.0;0.0;0
13;0;0;0;0.0;0.0;0.0;0.5652173913043478;0.0;0.0;0.0;0.0;0.0;0.0;0
10;30;0;0;0.0;0.0;0.0;0.43478260869565216;1.0;0.0;0.0;0.0;0.0;0.0;0
23;0;1;0;0.0;0.0;0.0;1.0;0.0;0.03125;0.0;0.0;0.0;0.0;0
20;30;1;0;0.0;0.0;0.0;0.8695652173913043;1.0;0.03125;0.0;0.0;0.0;0.0;0
12;30;0;0;0.2;0.0;0.0;0.5217391304347826;1.0;0.0;0.0;0.015163002274450343;0.0;0.0;0
8;0;0;0;0.0;0.0;0.0;0.34782608695652173;0.0;0.0;0.0;0.0;0.0;0.0;0
6;0;0;0;0.0;0.0;0.0;0.2608695652173913;0.0;0.0;0.0;0.0;0.0;0.0;0
20;30;2;0;0.0;0.0;0.0;0.8695652173913043;1.0;0.0625;0.0;0.0;0.0;0.0;0
6;0;1;0;0.0;0.0;0.0;0.2608695652173913;0.0;0.03125;0.0;0.0;0.0;0.0;0
6;30;0;0;0.0;0.0;0.0;0.2608695652173913;1.0;0.0;0.0;0.0;0.0;0.0;0
14;0;0;0;0.0;0.0;0.0;0.6086956521739131;0.0;0.0;0.0;0.0;0.0;0.0;0
15;30;0;0;0.0;0.0;0.0;0.6521739130434783;1.0;0.0;0.0;0.0;0.0;0.0;0
4;0;0;0;0.0;0.0;0.0;0.17391304347826086;0.0;0.0;0.0;0.0;0.0;0.0;0
4;0;0;0;0.0;0.0;0.0;0.17391304347826086;0.0;0.0;0.0;0.0;0.0;0.0;0
5;0;0;0;0.0;0.0;0.0;0.21739130434782608;0.0;0.0;0.0;0.0;0.0;0.0;0
15;0;0;0;0.0;0.0;0.0;0.6521739130434783;0.0;0.0;0.0;0.0;0.0;0.0;0
9;30;0;0;0.0;0.0;0.0;0.391304347826087;1.0;0.0;0.0;0.0;0.0;0.0;0
5;30;0;0;0.0;0.0;0.0;0.21739130434782608;1.0;0.0;0.0;0.0;0.0;0.0;0
6;30;0;0;0.0;0.0;0.0;0.2608695652173913;1.0;0.0;0.0;0.0;0.0;0.0;0
4;0;0;0;0.2;0.0;0.0;0.17391304347826086;0.0;0.0;0.0;0.015163002274450343;0.0;0.0;1
8;0;0;0;0.0;0.0;0.0;0.34782608695652173;0.0;0.0;0.0;0.0;0.0;0.0;0
4;0;0;0;0.0;0.0;0.0;0.17391304347826086;0.0;0.0;0.0;0.0;0.0;0.0;0
14;0;0;0;0.0;0.0;0.0;0.6086956521739131;0.0;0.0;0.0;0.0;0.0;0.0;0
15;0;0;0;0.0;0.0;0.0;0.6521739130434783;0.0;0.0;0.0;0.0;0.0;0.0;0
12;30;0;0;0.0;0.0;0.0;0.5217391304347826;1.0;0.0;0.0;0.0;0.0;0.0;0
7;0;0;0;0.0;0.0;0.0;0.30434782608695654;0.0;0.0;0.0;0.0;0.0;0.0;0
3;30;0;0;0.0;0.0;0.0;0.13043478260869565;1.0;0.0;0.0;0.0;0.0;0.0;0
10;30;0;0;0.0;0.0;0.0;0.43478260869565216;1.0;0.0;0.0;0.0;0.0;0.0;0
5;0;0;0;0.0;0.0;0.0;0.21739130434782608;0.0;0.0;0.0;0.0;0.0;0.0;0
6;30;0;0;0.0;0.0;0.0;0.2608695652173913;1.0;0.0;0.0;0.0;0.0;0.0;0
3;0;0;0;9.44;0.0;0.0;0.13043478260869565;0.0;0.0;0.0;0.7156937073540561;0.0;0.0;2
5;30;0;0;0.2;0.0;0.0;0.21739130434782608;1.0;0.0;0.0;0.015163002274450343;0.0;0.0;0
17;0;0;0;0.0;0.0;0.0;0.7391304347826086;0.0;0.0;0.0;0.0;0.0;0.0;0
5;30;0;0;0.0;0.0;0.0;0.21739130434782608;1.0;0.0;0.0;0.0;0.0;0.0;0
15;30;0;0;0.0;0.0;0.0;0.6521739130434783;1.0;0.0;0.0;0.0;0.0;0.0;0
7;30;0;0;0.0;0.0;0.0;0.30434782608695654;1.0;0.0;0.0;0.0;0.0;0.0;0
1;0;0;0;0.0;0.0;0.0;0.043478260869565216;0.0;0.0;0.0;0.0;0.0;0.0;0
21;0;1;0;0.0;0.0;0.0;0.9130434782608695;0.0;0.03125;0.0;0.0;0.0;0.0;0
14;0;0;0;0.0;0.0;0.0;0.6086956521739131;0.0;0.0;0.0;0.0;0.0;0.0;0
2;0;0;0;0.0;0.0;0.0;0.08695652173913043;0.0;0.0;0.0;0.0;0.0;0.0;0
7;0;0;0;0.0;0.0;0.0;0.30434782608695654;0.0;0.0;0.0;0.0;0.0;0.0;0
16;30;0;0;0.0;0.0;0.0;0.6956521739130435;1.0;0.0;0.0;0.0;0.0;0.0;0
17;30;0;0;0.0;0.0;0.0;0.7391304347826086;1.0;0.0;0.0;0.0;0.0;0.0;0
5;0;0;0;0.0;0.0;0.0;0.21739130434782608;0.0;0.0;0.0;0.0;0.0;0.0;0
21;30;0;0;0.0;0.0;0.0;0.9130434782608695;1.0;0.0;0.0;0.0;0.0;0.0;0
11;30;1;0;0.0;0.0;0.0;0.4782608695652174;1.0;0.03125;0.0;0.0;0.0;0.0;0
9;30;0;0;1.37;0.0;0.0;0.391304347826087;1.0;0.0;0.0;0.10386656557998485;0.0;0.0;0
3;0;0;0;0.0;0.0;0.0;0.13043478260869565;0.0;0.0;0.0;0.0;0.0;0.0;0
21;0;0;0;0.2;0.0;0.0;0.9130434782608695;0.0;0.0;0.0;0.015163002274450343;0.0;0.0;0
10;0;0;0;0.59;0.0;0.0;0.43478260869565216;0.0;0.0;0.0;0.04473085670962851;0.0;0.0;0
5;30;0;0;0.0;0.0;0.0;0.21739130434782608;1.0;0.0;0.0;0.0;0.0;0.0;0
14;30;0;0;0.0;0.0;0.0;0.6086956521739131;1.0;0.0;0.0;0.0;0.0;0.0;0
20;0;0;0;1.37;0.0;0.0;0.8695652173913043;0.0;0.0;0.0;0.10386656557998485;0.0;0.0;0
12;30;0;0;0.0;0.0;0.0;0.5217391304347826;1.0;0.0;0.0;0.0;0.0;0.0;0
23;30;2;0;0.0;0.0;0.0;1.0;1.0;0.0625;0.0;0.0;0.0;0.0;0
13;30;0;0;0.0;0.0;0.0;0.5652173913043478;1.0;0.0;0.0;0.0;0.0;0.0;0
8;0;0;0;0.2;0.0;0.0;0.34782608695652173;0.0;0.0;0.0;0.015163002274450343;0.0;0.0;0
7;30;0;0;0.0;0.0;0.0;0.30434782608695654;1.0;0.0;0.0;0.0;0.0;0.0;0
19;0;0;0;3.54;0.0;0.0;0.8260869565217391;0.0;0.0;0.0;0.26838514025777105;0.0;0.0;1
7;30;0;0;0.0;0.0;0.0;0.30434782608695654;1.0;0.0;0.0;0.0;0.0;0.0;0
1;30;0;0;0.2;0.0;0.0;0.043478260869565216;1.0;0.0;0.0;0.015163002274450343;0.0;0.0;0
20;30;0;0;0.79;0.0;0.0;0.8695652173913043;1.0;0.0;0.0;0.059893858984078854;0.0;0.0;0
12;30;0;0;0.0;0.0;0.0;0.5217391304347826;1.0;0.0;0.0;0.0;0.0;0.0;0
7;30;0;0;0.0;0.0;0.0;0.30434782608695654;1.0;0.0;0.0;0.0;0.0;0.0;0
13;0;0;0;0.0;0.0;0.0;0.5652173913043478;0.0;0.0;0.0;0.0;0.0;0.0;0
4;30;0;0;0.0;0.0;0.0;0.17391304347826086;1.0;0.0;0.0;0.0;0.0;0.0;0
9;30;0;0;0.0;0.0;0.0;0.391304347826087;1.0;0.0;0.0;0.0;0.0;0.0;0
21;30;0;0;0.0;0.0;0.0;0.9130434782608695;1.0;0.0;0.0;0.0;0.0;0.0;0
17;0;0;0;0.0;0.0;0.0;0.7391304347826086;0.0;0.0;0.0;0.0;0.0;0.0;0
14;30;0;0;0.0;0.0;0.0;0.6086956521739131;1.0;0.0;0.0;0.0;0.0;0.0;0
4;0;0;0;0.0;0.0;0.0;0.17391304347826086;0.0;0.0;0.0;0.0;0.0;0.0;0
2;0;0;0;0.0;0.0;0.0;0.08695652173913043;0.0;0.0;0.0;0.0;0.0;0.0;0
0;30;0;0;0.0;0.0;0.0;0.0;1.0;0.0;0.0;0.0;0.0;0.0;0
8;0;0;0;0.0;0.0;0.0;0.34782608695652173;0.0;0.0;0.0;0.0;0.0;0.0;0
11;30;0;0;0.0;0.0;0.0;0.4782608695652174;1.0;0.0;0.0;0.0;0.0;0.0;0
15;0;0;0;0.0;0.0;0.0;0.6521739130434783;0.0;0.0;0.0;0.0;0.0;0.0;0
3;0;0;0;0.0;0.0;0.0;0.13043478260869565;0.0;0.0;0.0;0.0;0.0;0.0;0
10;0;0;0;0.0;0.0;0.0;0.43478260869565216;0.0;0.0;0.0;0.0;0.0;0.0;0
15;0;0;0;0.2;0.0;0.0;0.6521739130434783;0.0;0.0;0.0;0.015163002274450343;0.0;0.0;0
5;0;0;0;0.0;0.0;0.0;0.21739130434782608;0.0;0.0;0.0;0.0;0.0;0.0;0
15;30;0;0;0.0;0.0;0.0;0.6521739130434783;1.0;0.0;0.0;0.0;0.0;0.0;0
3;0;0;0;0.0;0.0;0.0;0.13043478260869565;0.0;0.0;0.0;0.0;0.0;0.0;0
4;30;0;0;0.0;0.0;0.0;0.17391304347826086;1.0;0.0;0.0;0.0;0.0;0.0;0
13;0;0;0;0.0;0.0;0.0;0.5652173913043478;0.0;0.0;0.0;0.0;0.0;0.0;0
15;0;0;0;0.0;0.0;0.0;0.6521739130434783;0.0;0.0;0.0;0.0;0.0;0.0;0
19;0;1;0;0.0;0.0;0.0;0.8260869565217391;0.0;0.03125;0.0;0.0;0.0;0.0;0
18;0;0;0;0.0;0.0;0.0;0.782608695652174;0.0;0.0;0.0;0.0;0.0;0.0;0
22;0;1;0;0.0;0.0;0.0;0.9565217391304348;0.0;0.03125;0.0;0.0;0.0;0.0;0
16;0;1;0;0.0;0.0;0.0;0.6956521739130435;0.0;0.03125;0.0;0.0;0.0;0.0;0
20;30;0;0;0.0;0.0;0.0;0.8695652173913043;1.0;0.0;0.0;0.0;0.0;0.0;0
16;30;0;0;0.0;0.0;0.0;0.6956521739130435;1.0;0.0;0.0;0.0;0.0;0.0;0
16;30;1;0;0.0;0.0;0.0;0.6956521739130435;1.0;0.03125;0.0;0.0;0.0;0.0;0
6;30;0;0;0.2;0.0;0.0;0.2608695652173913;1.0;0.0;0.0;0.015163002274450343;0.0;0.0;0
20;0;0;0;0.0;0.0;0.0;0.8695652173913043;0.0;0.0;0.0;0.0;0.0;0.0;0
21;0;0;0;0.0;0.0;0.0;0.9130434782608695;0.0;0.0;0.0;0.0;0.0;0.0;0
19;0;1;0;0.0;0.0;0.0;0.8260869565217391;0.0;0.03125;0.0;0.0;0.0;0.0;1
11;0;0;0;0.0;0.0;0.0;0.4782608695652174;0.0;0.0;0.0;0.0;0.0;0.0;0
17;0;0;0;0.2;0.0;0.0;0.7391304347826086;0.0;0.0;0.0;0.015163002274450343;0.0;0.0;0
18;30;0;0;0.0;0.0;0.0;0.782608695652174;1.0;0.0;0.0;0.0;0.0;0.0;0
8;0;0;0;0.0;0.0;0.0;0.34782608695652173;0.0;0.0;0.0;0.0;0.0;0.0;0
9;0;0;0;0.0;0.0;0.0;0.391304347826087;0.0;0.0;0.0;0.0;0.0;0.0;0
7;30;0;0;0.0;0.0;0.0;0.30434782608695654;1.0;0.0;0.0;0.0;0.0;0.0;0
17;0;0;0;0.0;0.0;0.0;0.7391304347826086;0.0;0.0;0.0;0.0;0.0;0.0;0
2;30;0;0;0.0;0.0;0.0;0.08695652173913043;1.0;0.0;0.0;0.0;0.0;0.0;0
0;0;0;0;0.0;0.0;0.0;0.0;0.0;0.0;0.0;0.0;0.0;0.0;0
18;30;0;0;0.0;0.0;0.0;0.782608695652174;1.0;0.0;0.0;0.0;0.0;0.0;0
12;30;4;0;0.0;0.0;0.0;0.5217391304347826;1.0;0.125;0.0;0.0;0.0;0.0;0
17;0;0;0;0.0;0.0;0.0;0.7391304347826086;0.0;0.0;0.0;0.0;0.0;0.0;0
18;30;0;0;0.0;0.0;0.0;0.782608695652174;1.0;0.0;0.0;0.0;0.0;0.0;0
20;30;0;0;0.0;0.0;0.0;0.8695652173913043;1.0;0.0;0.0;0.0;0.0;0.0;0
3;30;0;0;0.0;0.0;0.0;0.13043478260869565;1.0;0.0;0.0;0.0;0.0;0.0;0
0;0;0;0;0.0;0.0;0.0;0.0;0.0;0.0;0.0;0.0;0.0;0.0;0
0;0;0;0;0.2;0.0;0.0;0.0;0.0;0.0;0.0;0.015163002274450343;0.0;0.0;0
16;30;0;0;0.0;0.0;0.0;0.6956521739130435;1.0;0.0;0.0;0.0;0.0;0.0;0
9;30;0;0;0.0;0.0;0.0;0.391304347826087;1.0;0.0;0.0;0.0;0.0;0.0;0
21;30;4;0;0.0;0.0;0.0;0.9130434782608695;1.0;0.125;0.0;0.0;0.0;0.0;0
6;30;0;0;0.0;0.0;0.0;0.2608695652173913;1.0;0.0;0.0;0.0;0.0;0.0;0
19;0;0;0;0.0;0.0;0.0;0.8260869565217391;0.0;0.0;0.0;0.0;0.0;0.0;0
18;30;0;0;0.0;0.0;0.0;0.782608695652174;1.0;0.0;0.0;0.0;0.0;0.0;0
14;0;1;0;0.0;0.0;0.0;0.6086956521739131;0.0;0.03125;0.0;0.0;0.0;0.0;0
0;30;0;0;0.0;0.0;0.0;0.0;1.0;0.0;0.0;0.0;0.0;0.0;0
19;30;0;0;0.0;0.0;0.0;0.8260869565217391;1.0;0.0;0.0;0.0;0.0;0.0;0
2;0;0;0;0.0;0.0;0.0;0.08695652173913043;0.0;0.0;0.0;0.0;0.0;0.0;0
7;30;0;0;0.0;0.0;0.0;0.30434782608695654;1.0;0.0;0.0;0.0;0.0;0.0;0
19;30;0;0;0.2;0.0;0.0;0.8260869565217391;1.0;0.0;0.0;0.015163002274450343;0.0;0.0;0
17;30;0;0;0.0;0.0;0.0;0.7391304347826086;1.0;0.0;0.0;0.0;0.0;0.0;0
21;30;5;0;0.0;0.0;0.0;0.9130434782608695;1.0;0.15625;0.0;0.0;0.0;0.0;0
22;0;0;0;0.0;0.0;0.0;0.9565217391304348;0.0;0.0;0.0;0.0;0.0;0.0;0
9;0;0;0;0.2;0.0;0.0;0.391304347826087;0.0;0.0;0.0;0.015163002274450343;0.0;0.0;0
15;0;0;0;0.0;0.0;0.0;0.6521739130434783;0.0;0.0;0.0;0.0;0.0;0.0;0
13;30;0;0;0.0;0.0;0.0;0.5652173913043478;1.0;0.0;0.0;0.0;0.0;0.0;0
19;0;1;0;0.0;0.0;0.0;0.8260869565217391;0.0;0.03125;0.0;0.0;0.0;0.0;0
7;30;0;0;0.0;0.0;0.0;0.30434782608695654;1.0;0.0;0.0;0.0;0.0;0.0;0
14;0;3;0;0.0;0.0;0.0;0.6086956521739131;0.0;0.09375;0.0;0.0;0.0;0.0;0
1;0;0;0;0.0;0.0;0.0;0.043478260869565216;0.0;0.0;0.0;0.0;0.0;0.0;0
15;30;0;0;0.0;0.0;0.0;0.6521739130434783;1.0;0.0;0.0;0.0;0.0;0.0;0
23;0;0;0;0.0;0.0;0.0;1.0;0.0;0.0;0.0;0.0;0.0;0.0;0
18;30;0;0;0.0;0.0;0.0;0.782608695652174;1.0;0.0;0.0;0.0;0.0;0.0;0
8;0;0;0;0.0;0.0;0.0;0.34782608695652173;0.0;0.0;0.0;0.0;0.0;0.0;0
8;30;0;0;0.0;0.0;0.0;0.34782608695652173;1.0;0.0;0.0;0.0;0.0;0.0;0
