tweets;related;rainfall (mm/30min);precision;recall;Normalized tweets;Normalized related;Normalized rainfall (mm/30min);Normalized precision;Normalized recall;Next batch rainfall (mm/30min)
2;0;0.0;0.0;0.0;0.08333333333333333;0.0;0.0;0.0;0.0;0.0
2;0;0.2;0.0;0.0;0.08333333333333333;0.0;0.145985401459854;0.0;0.0;0.0
0;0;0.0;0.0;0.0;0.0;0.0;0.0;0.0;0.0;0.0
1;0;0.4;0.0;0.0;0.041666666666666664;0.0;0.291970802919708;0.0;0.0;0.4
0;0;0.0;0.0;0.0;0.0;0.0;0.0;0.0;0.0;0.0
0;0;0.0;0.0;0.0;0.0;0.0;0.0;0.0;0.0;0.0
1;0;0.0;0.0;0.0;0.041666666666666664;0.0;0.0;0.0;0.0;0.2
0;0;0.0;0.0;0.0;0.0;0.0;0.0;0.0;0.0;0.0
0;0;0.0;0.0;0.0;0.0;0.0;0.0;0.0;0.0;0.2
0;0;0.0;0.0;0.0;0.0;0.0;0.0;0.0;0.0;0.0
0;0;0.0;0.0;0.0;0.0;0.0;0.0;0.0;0.0;0.0
0;0;0.2;0.0;0.0;0.0;0.0;0.145985401459854;0.0;0.0;0.0
0;0;0.2;0.0;0.0;0.0;0.0;0.145985401459854;0.0;0.0;0.0
0;0;0.0;0.0;0.0;0.0;0.0;0.0;0.0;0.0;0.2
1;0;0.0;0.0;0.0;0.041666666666666664;0.0;0.0;0.0;0.0;0.2
0;0;0.0;0.0;0.0;0.0;0.0;0.0;0.0;0.0;0.0
0;0;0.0;0.0;0.0;0.0;0.0;0.0;0.0;0.0;0.0
0;0;0.0;0.0;0.0;0.0;0.0;0.0;0.0;0.0;0.0
0;0;0.6;0.0;0.0;0.0;0.0;0.437956204379562;0.0;0.0;0.4
0;0;0.0;0.0;0.0;0.0;0.0;0.0;0.0;0.0;0.0
0;0;0.0;0.0;0.0;0.0;0.0;0.0;0.0;0.0;0.0
0;0;0.0;0.0;0.0;0.0;0.0;0.0;0.0;0.0;0.0
0;0;0.0;0.0;0.0;0.0;0.0;0.0;0.0;0.0;0.0
0;0;0.6;0.0;0.0;0.0;0.0;0.437956204379562;0.0;0.0;0.4
0;0;0.0;0.0;0.0;0.0;0.0;0.0;0.0;0.0;0.0
0;0;0.0;0.0;0.0;0.0;0.0;0.0;0.0;0.0;0.0
0;0;0.0;0.0;0.0;0.0;0.0;0.0;0.0;0.0;0.2
18;0;0.6;0.0;0.0;0.75;0.0;0.437956204379562;0.0;0.0;0.6
0;0;0.0;0.0;0.0;0.0;0.0;0.0;0.0;0.0;0.0
0;0;0.0;0.0;0.0;0.0;0.0;0.0;0.0;0.0;0.0
0;0;0.0;0.0;0.0;0.0;0.0;0.0;0.0;0.0;0.0
0;0;0.0;0.0;0.0;0.0;0.0;0.0;0.0;0.0;0.0
1;0;0.0;0.0;0.0;0.041666666666666664;0.0;0.0;0.0;0.0;0.0
0;0;0.0;0.0;0.0;0.0;0.0;0.0;0.0;0.0;0.2
0;0;0.0;0.0;0.0;0.0;0.0;0.0;0.0;0.0;0.0
0;0;0.0;0.0;0.0;0.0;0.0;0.0;0.0;0.0;0.0
2;0;0.0;0.0;0.0;0.08333333333333333;0.0;0.0;0.0;0.0;0.0
0;0;0.2;0.0;0.0;0.0;0.0;0.145985401459854;0.0;0.0;0.0
0;0;0.0;0.0;0.0;0.0;0.0;0.0;0.0;0.0;0.0
0;0;0.0;0.0;0.0;0.0;0.0;0.0;0.0;0.0;0.0
0;0;0.0;0.0;0.0;0.0;0.0;0.0;0.0;0.0;0.0
0;0;0.2;0.0;0.0;0.0;0.0;0.145985401459854;0.0;0.0;0.0
0;0;0.0;0.0;0.0;0.0;0.0;0.0;0.0;0.0;0.0
1;0;0.0;0.0;0.0;0.041666666666666664;0.0;0.0;0.0;0.0;0.0
0;0;0.0;0.0;0.0;0.0;0.0;0.0;0.0;0.0;0.0
0;0;0.0;0.0;0.0;0.0;0.0;0.0;0.0;0.0;0.0
1;0;0.0;0.0;0.0;0.041666666666666664;0.0;0.0;0.0;0.0;0.2
0;0;0.0;0.0;0.0;0.0;0.0;0.0;0.0;0.0;0.2
0;0;0.2;0.0;0.0;0.0;0.0;0.145985401459854;0.0;0.0;0.4
0;0;0.0;0.0;0.0;0.0;0.0;0.0;0.0;0.0;0.0
0;0;0.2;0.0;0.0;0.0;0.0;0.145985401459854;0.0;0.0;0.2
0;0;0.0;0.0;0.0;0.0;0.0;0.0;0.0;0.0;0.0
0;0;0.2;0.0;0.0;0.0;0.0;0.145985401459854;0.0;0.0;0.0
0;0;0.0;0.0;0.0;0.0;0.0;0.0;0.0;0.0;0.2
0;0;0.0;0.0;0.0;0.0;0.0;0.0;0.0;0.0;0.0
1;0;0.0;0.0;0.0;0.041666666666666664;0.0;0.0;0.0;0.0;0.0
0;0;0.0;0.0;0.0;0.0;0.0;0.0;0.0;0.0;0.2
0;0;0.0;0.0;0.0;0.0;0.0;0.0;0.0;0.0;0.0
0;0;0.0;0.0;0.0;0.0;0.0;0.0;0.0;0.0;0.2
0;0;0.0;0.0;0.0;0.0;0.0;0.0;0.0;0.0;0.0
1;0;0.2;0.0;0.0;0.041666666666666664;0.0;0.145985401459854;0.0;0.0;0.0
0;0;0.0;0.0;0.0;0.0;0.0;0.0;0.0;0.0;0.0
0;0;0.0;0.0;0.0;0.0;0.0;0.0;0.0;0.0;0.0
0;0;0.0;0.0;0.0;0.0;0.0;0.0;0.0;0.0;0.0
3;0;0.0;0.0;0.0;0.125;0.0;0.0;0.0;0.0;0.0
1;0;0.0;0.0;0.0;0.041666666666666664;0.0;0.0;0.0;0.0;0.2
0;0;0.98;0.0;0.0;0.0;0.0;0.7153284671532846;0.0;0.0;0.4
0;0;0.0;0.0;0.0;0.0;0.0;0.0;0.0;0.0;0.0
0;0;0.0;0.0;0.0;0.0;0.0;0.0;0.0;0.0;0.0
0;0;0.0;0.0;0.0;0.0;0.0;0.0;0.0;0.0;0.0
2;0;0.2;0.0;0.0;0.08333333333333333;0.0;0.145985401459854;0.0;0.0;0.0
0;0;0.0;0.0;0.0;0.0;0.0;0.0;0.0;0.0;0.0
0;0;0.0;0.0;0.0;0.0;0.0;0.0;0.0;0.0;0.0
0;0;0.0;0.0;0.0;0.0;0.0;0.0;0.0;0.0;0.0
0;0;0.0;0.0;0.0;0.0;0.0;0.0;0.0;0.0;0.0
0;0;0.0;0.0;0.0;0.0;0.0;0.0;0.0;0.0;0.0
1;0;0.0;0.0;0.0;0.041666666666666664;0.0;0.0;0.0;0.0;0.0
1;0;1.37;0.0;0.0;0.041666666666666664;0.0;1.0;0.0;0.0;1.37
0;0;0.0;0.0;0.0;0.0;0.0;0.0;0.0;0.0;0.0
4;0;0.2;0.0;0.0;0.16666666666666666;0.0;0.145985401459854;0.0;0.0;0.0
0;0;0.0;0.0;0.0;0.0;0.0;0.0;0.0;0.0;0.0
0;0;0.0;0.0;0.0;0.0;0.0;0.0;0.0;0.0;0.0
0;0;0.4;0.0;0.0;0.0;0.0;0.291970802919708;0.0;0.0;0.4
0;0;0.4;0.0;0.0;0.0;0.0;0.291970802919708;0.0;0.0;0.6
1;0;0.2;0.0;0.0;0.041666666666666664;0.0;0.145985401459854;0.0;0.0;0.0
0;0;0.0;0.0;0.0;0.0;0.0;0.0;0.0;0.0;0.0
0;0;0.0;0.0;0.0;0.0;0.0;0.0;0.0;0.0;0.0
1;0;0.0;0.0;0.0;0.041666666666666664;0.0;0.0;0.0;0.0;0.0
0;0;0.2;0.0;0.0;0.0;0.0;0.145985401459854;0.0;0.0;0.0
0;0;0.2;0.0;0.0;0.0;0.0;0.145985401459854;0.0;0.0;0.0
1;0;0.2;0.0;0.0;0.041666666666666664;0.0;0.145985401459854;0.0;0.0;0.2
2;0;0.4;0.0;0.0;0.08333333333333333;0.0;0.291970802919708;0.0;0.0;0.4
0;0;0.0;0.0;0.0;0.0;0.0;0.0;0.0;0.0;0.0
1;0;0.0;0.0;0.0;0.041666666666666664;0.0;0.0;0.0;0.0;0.0
1;0;0.2;0.0;0.0;0.041666666666666664;0.0;0.145985401459854;0.0;0.0;0.2
1;0;0.0;0.0;0.0;0.041666666666666664;0.0;0.0;0.0;0.0;0.0
0;0;0.2;0.0;0.0;0.0;0.0;0.145985401459854;0.0;0.0;0.4
0;0;0.0;0.0;0.0;0.0;0.0;0.0;0.0;0.0;0.2
0;0;0.2;0.0;0.0;0.0;0.0;0.145985401459854;0.0;0.0;0.2
0;0;0.2;0.0;0.0;0.0;0.0;0.145985401459854;0.0;0.0;0.0
1;0;0.79;0.0;0.0;0.041666666666666664;0.0;0.5766423357664233;0.0;0.0;0.98
0;0;0.2;0.0;0.0;0.0;0.0;0.145985401459854;0.0;0.0;0.0
0;0;0.0;0.0;0.0;0.0;0.0;0.0;0.0;0.0;0.0
0;0;0.0;0.0;0.0;0.0;0.0;0.0;0.0;0.0;0.0
0;0;0.0;0.0;0.0;0.0;0.0;0.0;0.0;0.0;0.0
0;0;0.0;0.0;0.0;0.0;0.0;0.0;0.0;0.0;0.0
0;0;0.2;0.0;0.0;0.0;0.0;0.145985401459854;0.0;0.0;0.0
0;0;0.2;0.0;0.0;0.0;0.0;0.145985401459854;0.0;0.0;0.4
0;0;0.0;0.0;0.0;0.0;0.0;0.0;0.0;0.0;0.0
0;0;0.0;0.0;0.0;0.0;0.0;0.0;0.0;0.0;0.2
1;0;0.0;0.0;0.0;0.041666666666666664;0.0;0.0;0.0;0.0;0.0
0;0;0.6;0.0;0.0;0.0;0.0;0.437956204379562;0.0;0.0;0.6
1;0;0.0;0.0;0.0;0.041666666666666664;0.0;0.0;0.0;0.0;0.0
1;0;0.4;0.0;0.0;0.041666666666666664;0.0;0.291970802919708;0.0;0.0;0.2
0;0;0.0;0.0;0.0;0.0;0.0;0.0;0.0;0.0;0.0
1;0;0.0;0.0;0.0;0.041666666666666664;0.0;0.0;0.0;0.0;0.0
1;0;0.0;0.0;0.0;0.041666666666666664;0.0;0.0;0.0;0.0;0.0
0;0;0.0;0.0;0.0;0.0;0.0;0.0;0.0;0.0;0.0
2;0;0.0;0.0;0.0;0.08333333333333333;0.0;0.0;0.0;0.0;0.2
0;0;0.2;0.0;0.0;0.0;0.0;0.145985401459854;0.0;0.0;0.0
0;0;0.4;0.0;0.0;0.0;0.0;0.291970802919708;0.0;0.0;0.2
0;0;0.79;0.0;0.0;0.0;0.0;0.5766423357664233;0.0;0.0;0.79
0;0;0.0;0.0;0.0;0.0;0.0;0.0;0.0;0.0;0.0
0;0;0.0;0.0;0.0;0.0;0.0;0.0;0.0;0.0;0.0
0;0;0.0;0.0;0.0;0.0;0.0;0.0;0.0;0.0;0.0
0;0;0.6;0.0;0.0;0.0;0.0;0.437956204379562;0.0;0.0;0.6
0;0;0.0;0.0;0.0;0.0;0.0;0.0;0.0;0.0;0.0
0;0;0.0;0.0;0.0;0.0;0.0;0.0;0.0;0.0;0.0
0;0;0.0;0.0;0.0;0.0;0.0;0.0;0.0;0.0;0.0
0;0;0.2;0.0;0.0;0.0;0.0;0.145985401459854;0.0;0.0;0.0
0;0;0.0;0.0;0.0;0.0;0.0;0.0;0.0;0.0;0.0
0;0;0.4;0.0;0.0;0.0;0.0;0.291970802919708;0.0;0.0;0.4
1;0;0.0;0.0;0.0;0.041666666666666664;0.0;0.0;0.0;0.0;0.0
1;0;0.0;0.0;0.0;0.041666666666666664;0.0;0.0;0.0;0.0;0.0
3;0;0.0;0.0;0.0;0.125;0.0;0.0;0.0;0.0;0.0
0;0;0.0;0.0;0.0;0.0;0.0;0.0;0.0;0.0;0.0
0;0;0.6;0.0;0.0;0.0;0.0;0.437956204379562;0.0;0.0;0.4
0;0;0.2;0.0;0.0;0.0;0.0;0.145985401459854;0.0;0.0;0.0
0;0;0.2;0.0;0.0;0.0;0.0;0.145985401459854;0.0;0.0;0.2
2;0;0.0;0.0;0.0;0.08333333333333333;0.0;0.0;0.0;0.0;0.0
0;0;0.2;0.0;0.0;0.0;0.0;0.145985401459854;0.0;0.0;0.2
0;0;0.0;0.0;0.0;0.0;0.0;0.0;0.0;0.0;0.0
0;0;0.0;0.0;0.0;0.0;0.0;0.0;0.0;0.0;0.2
0;0;0.0;0.0;0.0;0.0;0.0;0.0;0.0;0.0;0.0
0;0;0.0;0.0;0.0;0.0;0.0;0.0;0.0;0.0;0.0
0;0;0.0;0.0;0.0;0.0;0.0;0.0;0.0;0.0;0.0
0;0;0.0;0.0;0.0;0.0;0.0;0.0;0.0;0.0;0.2
0;0;0.0;0.0;0.0;0.0;0.0;0.0;0.0;0.0;0.0
0;0;0.0;0.0;0.0;0.0;0.0;0.0;0.0;0.0;0.0
2;0;0.0;0.0;0.0;0.08333333333333333;0.0;0.0;0.0;0.0;0.2
0;0;0.2;0.0;0.0;0.0;0.0;0.145985401459854;0.0;0.0;0.0
0;0;0.0;0.0;0.0;0.0;0.0;0.0;0.0;0.0;0.0
0;0;0.0;0.0;0.0;0.0;0.0;0.0;0.0;0.0;0.0
0;0;0.0;0.0;0.0;0.0;0.0;0.0;0.0;0.0;0.0
0;0;0.0;0.0;0.0;0.0;0.0;0.0;0.0;0.0;0.0
0;0;0.0;0.0;0.0;0.0;0.0;0.0;0.0;0.0;0.0
0;0;0.0;0.0;0.0;0.0;0.0;0.0;0.0;0.0;0.2
2;0;0.0;0.0;0.0;0.08333333333333333;0.0;0.0;0.0;0.0;0.0
0;0;0.0;0.0;0.0;0.0;0.0;0.0;0.0;0.0;0.2
0;0;0.0;0.0;0.0;0.0;0.0;0.0;0.0;0.0;0.2
1;0;1.17;0.0;0.0;0.041666666666666664;0.0;0.8540145985401458;0.0;0.0;0.98
0;0;0.79;0.0;0.0;0.0;0.0;0.5766423357664233;0.0;0.0;0.6
1;0;0.0;0.0;0.0;0.041666666666666664;0.0;0.0;0.0;0.0;0.0
0;0;0.2;0.0;0.0;0.0;0.0;0.145985401459854;0.0;0.0;0.0
0;0;0.2;0.0;0.0;0.0;0.0;0.145985401459854;0.0;0.0;0.2
0;0;0.0;0.0;0.0;0.0;0.0;0.0;0.0;0.0;0.0
0;0;0.0;0.0;0.0;0.0;0.0;0.0;0.0;0.0;0.0
0;0;0.0;0.0;0.0;0.0;0.0;0.0;0.0;0.0;0.0
1;0;0.2;0.0;0.0;0.041666666666666664;0.0;0.145985401459854;0.0;0.0;0.0
0;0;0.0;0.0;0.0;0.0;0.0;0.0;0.0;0.0;0.0
0;0;0.6;0.0;0.0;0.0;0.0;0.437956204379562;0.0;0.0;0.6
0;0;0.0;0.0;0.0;0.0;0.0;0.0;0.0;0.0;0.2
0;0;0.2;0.0;0.0;0.0;0.0;0.145985401459854;0.0;0.0;0.2
3;0;0.0;0.0;0.0;0.125;0.0;0.0;0.0;0.0;0.0
0;0;0.2;0.0;0.0;0.0;0.0;0.145985401459854;0.0;0.0;0.4
0;0;0.0;0.0;0.0;0.0;0.0;0.0;0.0;0.0;0.0
0;0;0.0;0.0;0.0;0.0;0.0;0.0;0.0;0.0;0.0
0;0;0.2;0.0;0.0;0.0;0.0;0.145985401459854;0.0;0.0;0.0
0;0;0.0;0.0;0.0;0.0;0.0;0.0;0.0;0.0;0.0
1;0;0.6;0.0;0.0;0.041666666666666664;0.0;0.437956204379562;0.0;0.0;0.6
7;0;0.0;0.0;0.0;0.2916666666666667;0.0;0.0;0.0;0.0;0.0
0;0;0.0;0.0;0.0;0.0;0.0;0.0;0.0;0.0;0.0
2;0;0.0;0.0;0.0;0.08333333333333333;0.0;0.0;0.0;0.0;0.2
0;0;0.0;0.0;0.0;0.0;0.0;0.0;0.0;0.0;0.0
1;0;0.0;0.0;0.0;0.041666666666666664;0.0;0.0;0.0;0.0;0.0
0;0;0.2;0.0;0.0;0.0;0.0;0.145985401459854;0.0;0.0;0.0
1;0;0.2;0.0;0.0;0.041666666666666664;0.0;0.145985401459854;0.0;0.0;0.2
0;0;0.79;0.0;0.0;0.0;0.0;0.5766423357664233;0.0;0.0;0.6
0;0;0.0;0.0;0.0;0.0;0.0;0.0;0.0;0.0;0.2
0;0;0.0;0.0;0.0;0.0;0.0;0.0;0.0;0.0;0.0
0;0;0.0;0.0;0.0;0.0;0.0;0.0;0.0;0.0;0.0
0;0;0.6;0.0;0.0;0.0;0.0;0.437956204379562;0.0;0.0;0.79
0;0;0.0;0.0;0.0;0.0;0.0;0.0;0.0;0.0;0.0
0;0;0.0;0.0;0.0;0.0;0.0;0.0;0.0;0.0;0.2
0;0;0.0;0.0;0.0;0.0;0.0;0.0;0.0;0.0;0.0
0;0;0.2;0.0;0.0;0.0;0.0;0.145985401459854;0.0;0.0;0.0
0;0;0.0;0.0;0.0;0.0;0.0;0.0;0.0;0.0;0.0
2;0;0.0;0.0;0.0;0.08333333333333333;0.0;0.0;0.0;0.0;0.0
3;0;0.0;0.0;0.0;0.125;0.0;0.0;0.0;0.0;0.0
1;0;0.0;0.0;0.0;0.041666666666666664;0.0;0.0;0.0;0.0;0.0
2;0;0.0;0.0;0.0;0.08333333333333333;0.0;0.0;0.0;0.0;0.0
0;0;0.0;0.0;0.0;0.0;0.0;0.0;0.0;0.0;0.2
2;0;0.0;0.0;0.0;0.08333333333333333;0.0;0.0;0.0;0.0;0.2
0;0;0.0;0.0;0.0;0.0;0.0;0.0;0.0;0.0;0.0
0;0;0.0;0.0;0.0;0.0;0.0;0.0;0.0;0.0;0.0
0;0;0.0;0.0;0.0;0.0;0.0;0.0;0.0;0.0;0.2
0;0;0.0;0.0;0.0;0.0;0.0;0.0;0.0;0.0;0.0
0;0;0.0;0.0;0.0;0.0;0.0;0.0;0.0;0.0;0.0
0;0;0.0;0.0;0.0;0.0;0.0;0.0;0.0;0.0;0.0
0;0;0.0;0.0;0.0;0.0;0.0;0.0;0.0;0.0;0.0
1;0;0.0;0.0;0.0;0.041666666666666664;0.0;0.0;0.0;0.0;0.0
0;0;0.0;0.0;0.0;0.0;0.0;0.0;0.0;0.0;0.2
0;0;0.2;0.0;0.0;0.0;0.0;0.145985401459854;0.0;0.0;0.0
2;0;0.0;0.0;0.0;0.08333333333333333;0.0;0.0;0.0;0.0;0.0
0;0;0.0;0.0;0.0;0.0;0.0;0.0;0.0;0.0;0.2
0;0;0.0;0.0;0.0;0.0;0.0;0.0;0.0;0.0;0.0
0;0;0.2;0.0;0.0;0.0;0.0;0.145985401459854;0.0;0.0;0.0
0;0;0.2;0.0;0.0;0.0;0.0;0.145985401459854;0.0;0.0;0.0
0;0;0.0;0.0;0.0;0.0;0.0;0.0;0.0;0.0;0.2
0;0;0.0;0.0;0.0;0.0;0.0;0.0;0.0;0.0;0.0
0;0;0.0;0.0;0.0;0.0;0.0;0.0;0.0;0.0;0.0
0;0;0.0;0.0;0.0;0.0;0.0;0.0;0.0;0.0;0.0
0;0;0.0;0.0;0.0;0.0;0.0;0.0;0.0;0.0;0.0
0;0;0.0;0.0;0.0;0.0;0.0;0.0;0.0;0.0;0.0
0;0;0.0;0.0;0.0;0.0;0.0;0.0;0.0;0.0;0.2
0;0;0.0;0.0;0.0;0.0;0.0;0.0;0.0;0.0;0.0
0;0;0.4;0.0;0.0;0.0;0.0;0.291970802919708;0.0;0.0;0.4
0;0;0.0;0.0;0.0;0.0;0.0;0.0;0.0;0.0;0.2
0;0;0.0;0.0;0.0;0.0;0.0;0.0;0.0;0.0;0.0
1;0;0.0;0.0;0.0;0.041666666666666664;0.0;0.0;0.0;0.0;0.0
0;0;0.0;0.0;0.0;0.0;0.0;0.0;0.0;0.0;0.2
0;0;0.0;0.0;0.0;0.0;0.0;0.0;0.0;0.0;0.0
0;0;0.0;0.0;0.0;0.0;0.0;0.0;0.0;0.0;0.0
1;0;0.0;0.0;0.0;0.041666666666666664;0.0;0.0;0.0;0.0;0.0
0;0;0.6;0.0;0.0;0.0;0.0;0.437956204379562;0.0;0.0;0.79
0;0;1.37;0.0;0.0;0.0;0.0;1.0;0.0;0.0;1.17
0;0;0.6;0.0;0.0;0.0;0.0;0.437956204379562;0.0;0.0;0.6
0;0;0.0;0.0;0.0;0.0;0.0;0.0;0.0;0.0;0.0
0;0;0.0;0.0;0.0;0.0;0.0;0.0;0.0;0.0;0.2
0;0;0.2;0.0;0.0;0.0;0.0;0.145985401459854;0.0;0.0;0.0
0;0;0.0;0.0;0.0;0.0;0.0;0.0;0.0;0.0;0.2
0;0;0.0;0.0;0.0;0.0;0.0;0.0;0.0;0.0;0.0
0;0;0.0;0.0;0.0;0.0;0.0;0.0;0.0;0.0;0.0
1;0;0.0;0.0;0.0;0.041666666666666664;0.0;0.0;0.0;0.0;0.0
0;0;0.0;0.0;0.0;0.0;0.0;0.0;0.0;0.0;0.2
0;0;0.0;0.0;0.0;0.0;0.0;0.0;0.0;0.0;0.0
0;0;0.4;0.0;0.0;0.0;0.0;0.291970802919708;0.0;0.0;0.4
2;0;0.0;0.0;0.0;0.08333333333333333;0.0;0.0;0.0;0.0;0.0
0;0;0.0;0.0;0.0;0.0;0.0;0.0;0.0;0.0;0.0
0;0;0.2;0.0;0.0;0.0;0.0;0.145985401459854;0.0;0.0;0.0
0;0;0.0;0.0;0.0;0.0;0.0;0.0;0.0;0.0;0.0
0;0;0.0;0.0;0.0;0.0;0.0;0.0;0.0;0.0;0.0
1;0;0.2;0.0;0.0;0.041666666666666664;0.0;0.145985401459854;0.0;0.0;0.2
0;0;0.0;0.0;0.0;0.0;0.0;0.0;0.0;0.0;0.0
0;0;0.6;0.0;0.0;0.0;0.0;0.437956204379562;0.0;0.0;0.4
0;0;0.0;0.0;0.0;0.0;0.0;0.0;0.0;0.0;0.0
2;0;0.0;0.0;0.0;0.08333333333333333;0.0;0.0;0.0;0.0;0.0
1;0;0.4;0.0;0.0;0.041666666666666664;0.0;0.291970802919708;0.0;0.0;0.4
0;0;0.4;0.0;0.0;0.0;0.0;0.291970802919708;0.0;0.0;0.2
0;0;0.0;0.0;0.0;0.0;0.0;0.0;0.0;0.0;0.0
1;0;0.0;0.0;0.0;0.041666666666666664;0.0;0.0;0.0;0.0;0.0
4;0;0.2;0.0;0.0;0.16666666666666666;0.0;0.145985401459854;0.0;0.0;0.2
1;0;0.0;0.0;0.0;0.041666666666666664;0.0;0.0;0.0;0.0;0.0
0;0;0.6;0.0;0.0;0.0;0.0;0.437956204379562;0.0;0.0;0.6
2;0;0.0;0.0;0.0;0.08333333333333333;0.0;0.0;0.0;0.0;0.0
1;0;0.0;0.0;0.0;0.041666666666666664;0.0;0.0;0.0;0.0;0.0
0;0;0.2;0.0;0.0;0.0;0.0;0.145985401459854;0.0;0.0;0.0
0;0;0.0;0.0;0.0;0.0;0.0;0.0;0.0;0.0;0.0
0;0;0.0;0.0;0.0;0.0;0.0;0.0;0.0;0.0;0.0
0;0;0.2;0.0;0.0;0.0;0.0;0.145985401459854;0.0;0.0;0.0
0;0;0.0;0.0;0.0;0.0;0.0;0.0;0.0;0.0;0.0
0;0;0.6;0.0;0.0;0.0;0.0;0.437956204379562;0.0;0.0;0.6
0;0;0.2;0.0;0.0;0.0;0.0;0.145985401459854;0.0;0.0;0.0
0;0;0.0;0.0;0.0;0.0;0.0;0.0;0.0;0.0;0.0
0;0;0.4;0.0;0.0;0.0;0.0;0.291970802919708;0.0;0.0;0.6
0;0;0.0;0.0;0.0;0.0;0.0;0.0;0.0;0.0;0.0
1;0;0.0;0.0;0.0;0.041666666666666664;0.0;0.0;0.0;0.0;0.0
0;0;0.0;0.0;0.0;0.0;0.0;0.0;0.0;0.0;0.0
1;0;0.0;0.0;0.0;0.041666666666666664;0.0;0.0;0.0;0.0;0.0
0;0;1.17;0.0;0.0;0.0;0.0;0.8540145985401458;0.0;0.0;1.17
0;0;0.0;0.0;0.0;0.0;0.0;0.0;0.0;0.0;0.0
0;0;0.0;0.0;0.0;0.0;0.0;0.0;0.0;0.0;0.0
1;0;0.0;0.0;0.0;0.041666666666666664;0.0;0.0;0.0;0.0;0.2
0;0;0.0;0.0;0.0;0.0;0.0;0.0;0.0;0.0;0.0
0;0;0.0;0.0;0.0;0.0;0.0;0.0;0.0;0.0;0.0
0;0;0.2;0.0;0.0;0.0;0.0;0.145985401459854;0.0;0.0;0.0
0;0;0.0;0.0;0.0;0.0;0.0;0.0;0.0;0.0;0.0
0;0;0.0;0.0;0.0;0.0;0.0;0.0;0.0;0.0;0.2
0;0;0.0;0.0;0.0;0.0;0.0;0.0;0.0;0.0;0.0
0;0;0.0;0.0;0.0;0.0;0.0;0.0;0.0;0.0;0.2
0;0;0.0;0.0;0.0;0.0;0.0;0.0;0.0;0.0;0.0
0;0;0.4;0.0;0.0;0.0;0.0;0.291970802919708;0.0;0.0;0.6
0;0;0.0;0.0;0.0;0.0;0.0;0.0;0.0;0.0;0.2
3;0;0.2;0.0;0.0;0.125;0.0;0.145985401459854;0.0;0.0;0.0
0;0;0.0;0.0;0.0;0.0;0.0;0.0;0.0;0.0;0.0
0;0;0.0;0.0;0.0;0.0;0.0;0.0;0.0;0.0;0.0
0;0;0.0;0.0;0.0;0.0;0.0;0.0;0.0;0.0;0.0
0;0;0.6;0.0;0.0;0.0;0.0;0.437956204379562;0.0;0.0;0.6
0;0;0.0;0.0;0.0;0.0;0.0;0.0;0.0;0.0;0.0
3;0;0.0;0.0;0.0;0.125;0.0;0.0;0.0;0.0;0.0
0;0;0.0;0.0;0.0;0.0;0.0;0.0;0.0;0.0;0.2
0;0;0.2;0.0;0.0;0.0;0.0;0.145985401459854;0.0;0.0;0.0
0;0;0.0;0.0;0.0;0.0;0.0;0.0;0.0;0.0;0.0
0;0;0.0;0.0;0.0;0.0;0.0;0.0;0.0;0.0;0.2
0;0;0.0;0.0;0.0;0.0;0.0;0.0;0.0;0.0;0.0
0;0;0.0;0.0;0.0;0.0;0.0;0.0;0.0;0.0;0.0
0;0;0.2;0.0;0.0;0.0;0.0;0.145985401459854;0.0;0.0;0.4
1;0;0.2;0.0;0.0;0.041666666666666664;0.0;0.145985401459854;0.0;0.0;0.0
0;0;0.2;0.0;0.0;0.0;0.0;0.145985401459854;0.0;0.0;0.0
0;0;0.0;0.0;0.0;0.0;0.0;0.0;0.0;0.0;0.0
1;0;0.0;0.0;0.0;0.041666666666666664;0.0;0.0;0.0;0.0;0.0
0;0;0.2;0.0;0.0;0.0;0.0;0.145985401459854;0.0;0.0;0.0
0;0;0.0;0.0;0.0;0.0;0.0;0.0;0.0;0.0;0.0
0;0;0.0;0.0;0.0;0.0;0.0;0.0;0.0;0.0;0.0
1;0;0.0;0.0;0.0;0.041666666666666664;0.0;0.0;0.0;0.0;0.0
0;0;0.0;0.0;0.0;0.0;0.0;0.0;0.0;0.0;0.0
0;0;0.0;0.0;0.0;0.0;0.0;0.0;0.0;0.0;0.0
0;0;0.0;0.0;0.0;0.0;0.0;0.0;0.0;0.0;0.0
0;0;0.0;0.0;0.0;0.0;0.0;0.0;0.0;0.0;0.0
0;0;0.0;0.0;0.0;0.0;0.0;0.0;0.0;0.0;0.0
0;0;0.0;0.0;0.0;0.0;0.0;0.0;0.0;0.0;0.2
14;0;0.0;0.0;0.0;0.5833333333333334;0.0;0.0;0.0;0.0;0.0
2;0;0.0;0.0;0.0;0.08333333333333333;0.0;0.0;0.0;0.0;0.0
1;0;1.17;0.0;0.0;0.041666666666666664;0.0;0.8540145985401458;0.0;0.0;1.17
0;0;0.0;0.0;0.0;0.0;0.0;0.0;0.0;0.0;0.0
0;0;0.0;0.0;0.0;0.0;0.0;0.0;0.0;0.0;0.2
0;0;0.0;0.0;0.0;0.0;0.0;0.0;0.0;0.0;0.0
2;0;0.0;0.0;0.0;0.08333333333333333;0.0;0.0;0.0;0.0;0.0
1;0;0.2;0.0;0.0;0.041666666666666664;0.0;0.145985401459854;0.0;0.0;0.0
7;0;0.2;0.0;0.0;0.2916666666666667;0.0;0.145985401459854;0.0;0.0;0.0
0;0;0.0;0.0;0.0;0.0;0.0;0.0;0.0;0.0;0.0
2;0;0.2;0.0;0.0;0.08333333333333333;0.0;0.145985401459854;0.0;0.0;0.0
0;0;0.0;0.0;0.0;0.0;0.0;0.0;0.0;0.0;0.0
0;0;0.98;0.0;0.0;0.0;0.0;0.7153284671532846;0.0;0.0;0.79
0;0;0.0;0.0;0.0;0.0;0.0;0.0;0.0;0.0;0.0
0;0;0.0;0.0;0.0;0.0;0.0;0.0;0.0;0.0;0.0
0;0;0.0;0.0;0.0;0.0;0.0;0.0;0.0;0.0;0.2
2;0;0.0;0.0;0.0;0.08333333333333333;0.0;0.0;0.0;0.0;0.2
0;0;0.0;0.0;0.0;0.0;0.0;0.0;0.0;0.0;0.0
0;0;0.0;0.0;0.0;0.0;0.0;0.0;0.0;0.0;0.0
1;0;0.0;0.0;0.0;0.041666666666666664;0.0;0.0;0.0;0.0;0.2
0;0;0.2;0.0;0.0;0.0;0.0;0.145985401459854;0.0;0.0;0.0
0;0;0.0;0.0;0.0;0.0;0.0;0.0;0.0;0.0;0.0
0;0;0.0;0.0;0.0;0.0;0.0;0.0;0.0;0.0;0.0
0;0;0.4;0.0;0.0;0.0;0.0;0.291970802919708;0.0;0.0;0.4
1;0;0.0;0.0;0.0;0.041666666666666664;0.0;0.0;0.0;0.0;0.0
2;0;0.0;0.0;0.0;0.08333333333333333;0.0;0.0;0.0;0.0;0.0
0;0;0.0;0.0;0.0;0.0;0.0;0.0;0.0;0.0;0.0
0;0;0.0;0.0;0.0;0.0;0.0;0.0;0.0;0.0;0.2
2;0;0.0;0.0;0.0;0.08333333333333333;0.0;0.0;0.0;0.0;0.2
0;0;0.4;0.0;0.0;0.0;0.0;0.291970802919708;0.0;0.0;0.2
0;0;0.0;0.0;0.0;0.0;0.0;0.0;0.0;0.0;0.0
0;0;0.0;0.0;0.0;0.0;0.0;0.0;0.0;0.0;0.0
0;0;0.0;0.0;0.0;0.0;0.0;0.0;0.0;0.0;0.2
1;0;0.4;0.0;0.0;0.041666666666666664;0.0;0.291970802919708;0.0;0.0;0.4
0;0;0.2;0.0;0.0;0.0;0.0;0.145985401459854;0.0;0.0;0.2
0;0;0.4;0.0;0.0;0.0;0.0;0.291970802919708;0.0;0.0;0.2
0;0;0.0;0.0;0.0;0.0;0.0;0.0;0.0;0.0;0.0
1;0;0.0;0.0;0.0;0.041666666666666664;0.0;0.0;0.0;0.0;0.0
0;0;0.0;0.0;0.0;0.0;0.0;0.0;0.0;0.0;0.0
0;0;0.0;0.0;0.0;0.0;0.0;0.0;0.0;0.0;0.0
0;0;0.0;0.0;0.0;0.0;0.0;0.0;0.0;0.0;0.2
0;0;0.0;0.0;0.0;0.0;0.0;0.0;0.0;0.0;0.0
1;0;0.0;0.0;0.0;0.041666666666666664;0.0;0.0;0.0;0.0;0.0
1;0;0.0;0.0;0.0;0.041666666666666664;0.0;0.0;0.0;0.0;0.0
0;0;0.0;0.0;0.0;0.0;0.0;0.0;0.0;0.0;0.2
2;0;0.0;0.0;0.0;0.08333333333333333;0.0;0.0;0.0;0.0;0.0
0;0;0.0;0.0;0.0;0.0;0.0;0.0;0.0;0.0;0.0
0;0;0.2;0.0;0.0;0.0;0.0;0.145985401459854;0.0;0.0;0.0
0;0;0.0;0.0;0.0;0.0;0.0;0.0;0.0;0.0;0.0
0;0;0.0;0.0;0.0;0.0;0.0;0.0;0.0;0.0;0.0
0;0;0.0;0.0;0.0;0.0;0.0;0.0;0.0;0.0;0.0
5;0;0.0;0.0;0.0;0.20833333333333334;0.0;0.0;0.0;0.0;0.0
0;0;0.0;0.0;0.0;0.0;0.0;0.0;0.0;0.0;0.0
1;0;0.2;0.0;0.0;0.041666666666666664;0.0;0.145985401459854;0.0;0.0;0.0
1;0;0.79;0.0;0.0;0.041666666666666664;0.0;0.5766423357664233;0.0;0.0;0.79
0;0;0.2;0.0;0.0;0.0;0.0;0.145985401459854;0.0;0.0;0.0
1;0;0.0;0.0;0.0;0.041666666666666664;0.0;0.0;0.0;0.0;0.2
0;0;0.0;0.0;0.0;0.0;0.0;0.0;0.0;0.0;0.0
0;0;0.0;0.0;0.0;0.0;0.0;0.0;0.0;0.0;0.0
0;0;0.0;0.0;0.0;0.0;0.0;0.0;0.0;0.0;0.2
0;0;0.0;0.0;0.0;0.0;0.0;0.0;0.0;0.0;0.0
1;0;0.0;0.0;0.0;0.041666666666666664;0.0;0.0;0.0;0.0;0.0
1;0;0.2;0.0;0.0;0.041666666666666664;0.0;0.145985401459854;0.0;0.0;0.0
0;0;0.0;0.0;0.0;0.0;0.0;0.0;0.0;0.0;0.0
0;0;0.0;0.0;0.0;0.0;0.0;0.0;0.0;0.0;0.0
1;0;0.0;0.0;0.0;0.041666666666666664;0.0;0.0;0.0;0.0;0.0
1;0;0.98;0.0;0.0;0.041666666666666664;0.0;0.7153284671532846;0.0;0.0;1.17
0;0;0.0;0.0;0.0;0.0;0.0;0.0;0.0;0.0;0.0
0;0;0.6;0.0;0.0;0.0;0.0;0.437956204379562;0.0;0.0;0.6
0;0;0.0;0.0;0.0;0.0;0.0;0.0;0.0;0.0;0.0
0;0;0.0;0.0;0.0;0.0;0.0;0.0;0.0;0.0;0.0
0;0;0.2;0.0;0.0;0.0;0.0;0.145985401459854;0.0;0.0;0.2
0;0;0.0;0.0;0.0;0.0;0.0;0.0;0.0;0.0;0.0
0;0;0.2;0.0;0.0;0.0;0.0;0.145985401459854;0.0;0.0;0.0
0;0;0.0;0.0;0.0;0.0;0.0;0.0;0.0;0.0;0.0
14;0;0.2;0.0;0.0;0.5833333333333334;0.0;0.145985401459854;0.0;0.0;0.0
0;0;0.0;0.0;0.0;0.0;0.0;0.0;0.0;0.0;0.0
1;0;0.0;0.0;0.0;0.041666666666666664;0.0;0.0;0.0;0.0;0.0
0;0;0.0;0.0;0.0;0.0;0.0;0.0;0.0;0.0;0.2
0;0;0.0;0.0;0.0;0.0;0.0;0.0;0.0;0.0;0.0
0;0;0.0;0.0;0.0;0.0;0.0;0.0;0.0;0.0;0.0
0;0;0.0;0.0;0.0;0.0;0.0;0.0;0.0;0.0;0.0
0;0;0.0;0.0;0.0;0.0;0.0;0.0;0.0;0.0;0.0
0;0;0.0;0.0;0.0;0.0;0.0;0.0;0.0;0.0;0.0
0;0;0.0;0.0;0.0;0.0;0.0;0.0;0.0;0.0;0.0
0;0;0.0;0.0;0.0;0.0;0.0;0.0;0.0;0.0;0.0
3;0;0.0;0.0;0.0;0.125;0.0;0.0;0.0;0.0;0.0
0;0;0.0;0.0;0.0;0.0;0.0;0.0;0.0;0.0;0.0
0;0;0.79;0.0;0.0;0.0;0.0;0.5766423357664233;0.0;0.0;0.79
0;0;0.0;0.0;0.0;0.0;0.0;0.0;0.0;0.0;0.0
0;0;0.0;0.0;0.0;0.0;0.0;0.0;0.0;0.0;0.0
0;0;0.0;0.0;0.0;0.0;0.0;0.0;0.0;0.0;0.0
0;0;0.2;0.0;0.0;0.0;0.0;0.145985401459854;0.0;0.0;0.0
0;0;0.2;0.0;0.0;0.0;0.0;0.145985401459854;0.0;0.0;0.0
0;0;0.0;0.0;0.0;0.0;0.0;0.0;0.0;0.0;0.2
0;0;0.2;0.0;0.0;0.0;0.0;0.145985401459854;0.0;0.0;0.0
0;0;0.2;0.0;0.0;0.0;0.0;0.145985401459854;0.0;0.0;0.0
0;0;0.0;0.0;0.0;0.0;0.0;0.0;0.0;0.0;0.0
0;0;0.0;0.0;0.0;0.0;0.0;0.0;0.0;0.0;0.0
0;0;0.2;0.0;0.0;0.0;0.0;0.145985401459854;0.0;0.0;0.4
0;0;0.0;0.0;0.0;0.0;0.0;0.0;0.0;0.0;0.2
0;0;0.0;0.0;0.0;0.0;0.0;0.0;0.0;0.0;0.0
1;0;0.0;0.0;0.0;0.041666666666666664;0.0;0.0;0.0;0.0;0.0
1;0;0.0;0.0;0.0;0.041666666666666664;0.0;0.0;0.0;0.0;0.0
0;0;0.0;0.0;0.0;0.0;0.0;0.0;0.0;0.0;0.0
1;0;0.2;0.0;0.0;0.041666666666666664;0.0;0.145985401459854;0.0;0.0;0.0
1;0;0.0;0.0;0.0;0.041666666666666664;0.0;0.0;0.0;0.0;0.0
0;0;0.0;0.0;0.0;0.0;0.0;0.0;0.0;0.0;0.0
0;0;0.2;0.0;0.0;0.0;0.0;0.145985401459854;0.0;0.0;0.0
1;0;0.2;0.0;0.0;0.041666666666666664;0.0;0.145985401459854;0.0;0.0;0.0
0;0;0.0;0.0;0.0;0.0;0.0;0.0;0.0;0.0;0.0
0;0;0.0;0.0;0.0;0.0;0.0;0.0;0.0;0.0;0.0
1;0;0.0;0.0;0.0;0.041666666666666664;0.0;0.0;0.0;0.0;0.0
0;0;0.2;0.0;0.0;0.0;0.0;0.145985401459854;0.0;0.0;0.0
0;0;0.0;0.0;0.0;0.0;0.0;0.0;0.0;0.0;0.0
3;0;0.4;0.0;0.0;0.125;0.0;0.291970802919708;0.0;0.0;0.4
0;0;0.0;0.0;0.0;0.0;0.0;0.0;0.0;0.0;0.2
0;0;0.0;0.0;0.0;0.0;0.0;0.0;0.0;0.0;0.2
0;0;0.2;0.0;0.0;0.0;0.0;0.145985401459854;0.0;0.0;0.0
0;0;0.0;0.0;0.0;0.0;0.0;0.0;0.0;0.0;0.0
1;0;0.0;0.0;0.0;0.041666666666666664;0.0;0.0;0.0;0.0;0.0
0;0;0.2;0.0;0.0;0.0;0.0;0.145985401459854;0.0;0.0;0.0
3;0;0.0;0.0;0.0;0.125;0.0;0.0;0.0;0.0;0.0
0;0;0.0;0.0;0.0;0.0;0.0;0.0;0.0;0.0;0.0
0;0;0.0;0.0;0.0;0.0;0.0;0.0;0.0;0.0;0.2
0;0;0.0;0.0;0.0;0.0;0.0;0.0;0.0;0.0;0.0
0;0;0.2;0.0;0.0;0.0;0.0;0.145985401459854;0.0;0.0;0.0
3;0;0.0;0.0;0.0;0.125;0.0;0.0;0.0;0.0;0.0
1;0;0.2;0.0;0.0;0.041666666666666664;0.0;0.145985401459854;0.0;0.0;0.0
2;0;0.2;0.0;0.0;0.08333333333333333;0.0;0.145985401459854;0.0;0.0;0.0
0;0;0.0;0.0;0.0;0.0;0.0;0.0;0.0;0.0;0.0
0;0;0.0;0.0;0.0;0.0;0.0;0.0;0.0;0.0;0.0
5;0;0.0;0.0;0.0;0.20833333333333334;0.0;0.0;0.0;0.0;0.2
0;0;0.0;0.0;0.0;0.0;0.0;0.0;0.0;0.0;0.0
1;0;0.4;0.0;0.0;0.041666666666666664;0.0;0.291970802919708;0.0;0.0;0.2
3;0;0.4;0.0;0.0;0.125;0.0;0.291970802919708;0.0;0.0;0.2
0;0;0.0;0.0;0.0;0.0;0.0;0.0;0.0;0.0;0.0
1;0;0.2;0.0;0.0;0.041666666666666664;0.0;0.145985401459854;0.0;0.0;0.0
0;0;0.2;0.0;0.0;0.0;0.0;0.145985401459854;0.0;0.0;0.0
1;0;0.0;0.0;0.0;0.041666666666666664;0.0;0.0;0.0;0.0;0.0
0;0;0.0;0.0;0.0;0.0;0.0;0.0;0.0;0.0;0.2
0;0;0.0;0.0;0.0;0.0;0.0;0.0;0.0;0.0;0.0
0;0;0.0;0.0;0.0;0.0;0.0;0.0;0.0;0.0;0.0
0;0;0.0;0.0;0.0;0.0;0.0;0.0;0.0;0.0;0.2
0;0;0.4;0.0;0.0;0.0;0.0;0.291970802919708;0.0;0.0;0.6
1;0;0.0;0.0;0.0;0.041666666666666664;0.0;0.0;0.0;0.0;0.0
0;0;0.2;0.0;0.0;0.0;0.0;0.145985401459854;0.0;0.0;0.2
0;0;0.0;0.0;0.0;0.0;0.0;0.0;0.0;0.0;0.0
0;0;0.2;0.0;0.0;0.0;0.0;0.145985401459854;0.0;0.0;0.0
0;0;0.2;0.0;0.0;0.0;0.0;0.145985401459854;0.0;0.0;0.0
1;0;0.0;0.0;0.0;0.041666666666666664;0.0;0.0;0.0;0.0;0.0
0;0;0.0;0.0;0.0;0.0;0.0;0.0;0.0;0.0;0.0
2;0;0.0;0.0;0.0;0.08333333333333333;0.0;0.0;0.0;0.0;0.2
1;0;0.0;0.0;0.0;0.041666666666666664;0.0;0.0;0.0;0.0;0.2
0;0;0.0;0.0;0.0;0.0;0.0;0.0;0.0;0.0;0.0
0;0;0.0;0.0;0.0;0.0;0.0;0.0;0.0;0.0;0.0
0;0;0.0;0.0;0.0;0.0;0.0;0.0;0.0;0.0;0.0
0;0;0.0;0.0;0.0;0.0;0.0;0.0;0.0;0.0;0.0
14;0;0.0;0.0;0.0;0.5833333333333334;0.0;0.0;0.0;0.0;0.0
1;0;0.0;0.0;0.0;0.041666666666666664;0.0;0.0;0.0;0.0;0.0
0;0;0.0;0.0;0.0;0.0;0.0;0.0;0.0;0.0;0.0
0;0;0.0;0.0;0.0;0.0;0.0;0.0;0.0;0.0;0.0
0;0;0.4;0.0;0.0;0.0;0.0;0.291970802919708;0.0;0.0;0.6
0;0;0.0;0.0;0.0;0.0;0.0;0.0;0.0;0.0;0.0
0;0;0.0;0.0;0.0;0.0;0.0;0.0;0.0;0.0;0.0
0;0;0.2;0.0;0.0;0.0;0.0;0.145985401459854;0.0;0.0;0.0
1;0;0.0;0.0;0.0;0.041666666666666664;0.0;0.0;0.0;0.0;0.0
0;0;0.2;0.0;0.0;0.0;0.0;0.145985401459854;0.0;0.0;0.2
0;0;0.0;0.0;0.0;0.0;0.0;0.0;0.0;0.0;0.0
0;0;0.0;0.0;0.0;0.0;0.0;0.0;0.0;0.0;0.0
0;0;0.0;0.0;0.0;0.0;0.0;0.0;0.0;0.0;0.0
0;0;0.0;0.0;0.0;0.0;0.0;0.0;0.0;0.0;0.0
0;0;0.0;0.0;0.0;0.0;0.0;0.0;0.0;0.0;0.0
0;0;0.2;0.0;0.0;0.0;0.0;0.145985401459854;0.0;0.0;0.0
0;0;0.0;0.0;0.0;0.0;0.0;0.0;0.0;0.0;0.0
1;0;0.0;0.0;0.0;0.041666666666666664;0.0;0.0;0.0;0.0;0.0
0;0;0.0;0.0;0.0;0.0;0.0;0.0;0.0;0.0;0.0
0;0;0.0;0.0;0.0;0.0;0.0;0.0;0.0;0.0;0.0
0;0;0.2;0.0;0.0;0.0;0.0;0.145985401459854;0.0;0.0;0.0
1;0;0.2;0.0;0.0;0.041666666666666664;0.0;0.145985401459854;0.0;0.0;0.0
0;0;0.0;0.0;0.0;0.0;0.0;0.0;0.0;0.0;0.0
1;0;0.4;0.0;0.0;0.041666666666666664;0.0;0.291970802919708;0.0;0.0;0.4
0;0;0.6;0.0;0.0;0.0;0.0;0.437956204379562;0.0;0.0;0.4
3;0;0.0;0.0;0.0;0.125;0.0;0.0;0.0;0.0;0.2
0;0;0.0;0.0;0.0;0.0;0.0;0.0;0.0;0.0;0.2
0;0;0.2;0.0;0.0;0.0;0.0;0.145985401459854;0.0;0.0;0.0
0;0;0.4;0.0;0.0;0.0;0.0;0.291970802919708;0.0;0.0;0.6
0;0;0.4;0.0;0.0;0.0;0.0;0.291970802919708;0.0;0.0;0.4
0;0;0.2;0.0;0.0;0.0;0.0;0.145985401459854;0.0;0.0;0.0
0;0;0.0;0.0;0.0;0.0;0.0;0.0;0.0;0.0;0.0
0;0;0.0;0.0;0.0;0.0;0.0;0.0;0.0;0.0;0.0
0;0;0.0;0.0;0.0;0.0;0.0;0.0;0.0;0.0;0.0
0;0;0.0;0.0;0.0;0.0;0.0;0.0;0.0;0.0;0.0
1;0;0.2;0.0;0.0;0.041666666666666664;0.0;0.145985401459854;0.0;0.0;0.0
0;0;0.2;0.0;0.0;0.0;0.0;0.145985401459854;0.0;0.0;0.0
1;0;0.0;0.0;0.0;0.041666666666666664;0.0;0.0;0.0;0.0;0.0
0;0;0.0;0.0;0.0;0.0;0.0;0.0;0.0;0.0;0.2
0;0;0.2;0.0;0.0;0.0;0.0;0.145985401459854;0.0;0.0;0.0
1;0;0.0;0.0;0.0;0.041666666666666664;0.0;0.0;0.0;0.0;0.0
0;0;0.0;0.0;0.0;0.0;0.0;0.0;0.0;0.0;0.0
0;0;0.2;0.0;0.0;0.0;0.0;0.145985401459854;0.0;0.0;0.0
0;0;0.0;0.0;0.0;0.0;0.0;0.0;0.0;0.0;0.0
0;0;0.0;0.0;0.0;0.0;0.0;0.0;0.0;0.0;0.0
0;0;0.0;0.0;0.0;0.0;0.0;0.0;0.0;0.0;0.0
0;0;0.6;0.0;0.0;0.0;0.0;0.437956204379562;0.0;0.0;0.4
1;0;0.0;0.0;0.0;0.041666666666666664;0.0;0.0;0.0;0.0;0.0
0;0;0.0;0.0;0.0;0.0;0.0;0.0;0.0;0.0;0.0
1;0;0.0;0.0;0.0;0.041666666666666664;0.0;0.0;0.0;0.0;0.0
0;0;0.2;0.0;0.0;0.0;0.0;0.145985401459854;0.0;0.0;0.4
0;0;0.2;0.0;0.0;0.0;0.0;0.145985401459854;0.0;0.0;0.0
0;0;0.0;0.0;0.0;0.0;0.0;0.0;0.0;0.0;0.0
0;0;0.98;0.0;0.0;0.0;0.0;0.7153284671532846;0.0;0.0;1.17
1;0;0.0;0.0;0.0;0.041666666666666664;0.0;0.0;0.0;0.0;0.0
0;0;0.0;0.0;0.0;0.0;0.0;0.0;0.0;0.0;0.0
0;0;0.0;0.0;0.0;0.0;0.0;0.0;0.0;0.0;0.2
1;0;0.2;0.0;0.0;0.041666666666666664;0.0;0.145985401459854;0.0;0.0;0.4
0;0;0.0;0.0;0.0;0.0;0.0;0.0;0.0;0.0;0.0
0;0;0.0;0.0;0.0;0.0;0.0;0.0;0.0;0.0;0.0
0;0;0.2;0.0;0.0;0.0;0.0;0.145985401459854;0.0;0.0;0.0
2;0;0.0;0.0;0.0;0.08333333333333333;0.0;0.0;0.0;0.0;0.0
0;0;0.0;0.0;0.0;0.0;0.0;0.0;0.0;0.0;0.0
0;0;0.0;0.0;0.0;0.0;0.0;0.0;0.0;0.0;0.2
1;0;0.0;0.0;0.0;0.041666666666666664;0.0;0.0;0.0;0.0;0.0
0;0;0.79;0.0;0.0;0.0;0.0;0.5766423357664233;0.0;0.0;0.6
4;0;0.2;0.0;0.0;0.16666666666666666;0.0;0.145985401459854;0.0;0.0;0.0
0;0;0.0;0.0;0.0;0.0;0.0;0.0;0.0;0.0;0.0
0;0;0.0;0.0;0.0;0.0;0.0;0.0;0.0;0.0;0.0
0;0;0.2;0.0;0.0;0.0;0.0;0.145985401459854;0.0;0.0;0.4
0;0;0.0;0.0;0.0;0.0;0.0;0.0;0.0;0.0;0.0
1;0;0.0;0.0;0.0;0.041666666666666664;0.0;0.0;0.0;0.0;0.0
0;0;0.0;0.0;0.0;0.0;0.0;0.0;0.0;0.0;0.0
0;0;0.0;0.0;0.0;0.0;0.0;0.0;0.0;0.0;0.0
0;0;0.0;0.0;0.0;0.0;0.0;0.0;0.0;0.0;0.0
2;0;0.0;0.0;0.0;0.08333333333333333;0.0;0.0;0.0;0.0;0.0
2;0;0.2;0.0;0.0;0.08333333333333333;0.0;0.145985401459854;0.0;0.0;0.2
0;0;0.0;0.0;0.0;0.0;0.0;0.0;0.0;0.0;0.2
2;0;0.2;0.0;0.0;0.08333333333333333;0.0;0.145985401459854;0.0;0.0;0.0
0;0;0.0;0.0;0.0;0.0;0.0;0.0;0.0;0.0;0.0
0;0;0.2;0.0;0.0;0.0;0.0;0.145985401459854;0.0;0.0;0.0
0;0;0.0;0.0;0.0;0.0;0.0;0.0;0.0;0.0;0.0
0;0;0.2;0.0;0.0;0.0;0.0;0.145985401459854;0.0;0.0;0.0
0;0;0.0;0.0;0.0;0.0;0.0;0.0;0.0;0.0;0.0
0;0;0.0;0.0;0.0;0.0;0.0;0.0;0.0;0.0;0.2
0;0;0.0;0.0;0.0;0.0;0.0;0.0;0.0;0.0;0.0
0;0;0.0;0.0;0.0;0.0;0.0;0.0;0.0;0.0;0.0
0;0;1.37;0.0;0.0;0.0;0.0;1.0;0.0;0.0;1.17
0;0;0.6;0.0;0.0;0.0;0.0;0.437956204379562;0.0;0.0;0.4
0;0;0.0;0.0;0.0;0.0;0.0;0.0;0.0;0.0;0.0
0;0;0.2;0.0;0.0;0.0;0.0;0.145985401459854;0.0;0.0;0.0
1;0;0.0;0.0;0.0;0.041666666666666664;0.0;0.0;0.0;0.0;0.0
0;0;0.98;0.0;0.0;0.0;0.0;0.7153284671532846;0.0;0.0;0.79
0;0;0.2;0.0;0.0;0.0;0.0;0.145985401459854;0.0;0.0;0.0
1;0;0.2;0.0;0.0;0.041666666666666664;0.0;0.145985401459854;0.0;0.0;0.0
0;0;0.0;0.0;0.0;0.0;0.0;0.0;0.0;0.0;0.0
0;0;0.2;0.0;0.0;0.0;0.0;0.145985401459854;0.0;0.0;0.0
0;0;0.0;0.0;0.0;0.0;0.0;0.0;0.0;0.0;0.0
0;0;0.0;0.0;0.0;0.0;0.0;0.0;0.0;0.0;0.0
0;0;0.79;0.0;0.0;0.0;0.0;0.5766423357664233;0.0;0.0;0.6
0;0;0.0;0.0;0.0;0.0;0.0;0.0;0.0;0.0;0.0
0;0;0.0;0.0;0.0;0.0;0.0;0.0;0.0;0.0;0.0
0;0;0.0;0.0;0.0;0.0;0.0;0.0;0.0;0.0;0.0
0;0;0.0;0.0;0.0;0.0;0.0;0.0;0.0;0.0;0.0
1;0;0.0;0.0;0.0;0.041666666666666664;0.0;0.0;0.0;0.0;0.0
0;0;0.0;0.0;0.0;0.0;0.0;0.0;0.0;0.0;0.0
0;0;0.2;0.0;0.0;0.0;0.0;0.145985401459854;0.0;0.0;0.0
0;0;0.0;0.0;0.0;0.0;0.0;0.0;0.0;0.0;0.0
0;0;0.0;0.0;0.0;0.0;0.0;0.0;0.0;0.0;0.2
0;0;0.2;0.0;0.0;0.0;0.0;0.145985401459854;0.0;0.0;0.4
0;0;0.0;0.0;0.0;0.0;0.0;0.0;0.0;0.0;0.0
0;0;0.0;0.0;0.0;0.0;0.0;0.0;0.0;0.0;0.2
0;0;0.0;0.0;0.0;0.0;0.0;0.0;0.0;0.0;0.2
0;0;0.0;0.0;0.0;0.0;0.0;0.0;0.0;0.0;0.0
0;0;0.0;0.0;0.0;0.0;0.0;0.0;0.0;0.0;0.0
0;0;0.6;0.0;0.0;0.0;0.0;0.437956204379562;0.0;0.0;0.4
0;0;0.0;0.0;0.0;0.0;0.0;0.0;0.0;0.0;0.0
1;0;0.4;0.0;0.0;0.041666666666666664;0.0;0.291970802919708;0.0;0.0;0.4
0;0;0.0;0.0;0.0;0.0;0.0;0.0;0.0;0.0;0.2
0;0;0.0;0.0;0.0;0.0;0.0;0.0;0.0;0.0;0.2
0;0;0.0;0.0;0.0;0.0;0.0;0.0;0.0;0.0;0.0
0;0;0.0;0.0;0.0;0.0;0.0;0.0;0.0;0.0;0.2
0;0;0.0;0.0;0.0;0.0;0.0;0.0;0.0;0.0;0.0
6;0;0.0;0.0;0.0;0.25;0.0;0.0;0.0;0.0;0.2
0;0;0.2;0.0;0.0;0.0;0.0;0.145985401459854;0.0;0.0;0.2
14;0;0.0;0.0;0.0;0.5833333333333334;0.0;0.0;0.0;0.0;0.0
0;0;0.0;0.0;0.0;0.0;0.0;0.0;0.0;0.0;0.2
0;0;0.2;0.0;0.0;0.0;0.0;0.145985401459854;0.0;0.0;0.2
1;0;0.0;0.0;0.0;0.041666666666666664;0.0;0.0;0.0;0.0;0.0
2;0;0.0;0.0;0.0;0.08333333333333333;0.0;0.0;0.0;0.0;0.0
0;0;0.6;0.0;0.0;0.0;0.0;0.437956204379562;0.0;0.0;0.4
1;0;0.0;0.0;0.0;0.041666666666666664;0.0;0.0;0.0;0.0;0.0
0;0;0.0;0.0;0.0;0.0;0.0;0.0;0.0;0.0;0.0
0;0;0.0;0.0;0.0;0.0;0.0;0.0;0.0;0.0;0.2
1;0;0.0;0.0;0.0;0.041666666666666664;0.0;0.0;0.0;0.0;0.0
0;0;0.2;0.0;0.0;0.0;0.0;0.145985401459854;0.0;0.0;0.4
1;0;0.0;0.0;0.0;0.041666666666666664;0.0;0.0;0.0;0.0;0.0
0;0;0.0;0.0;0.0;0.0;0.0;0.0;0.0;0.0;0.0
0;0;0.0;0.0;0.0;0.0;0.0;0.0;0.0;0.0;0.0
0;0;0.0;0.0;0.0;0.0;0.0;0.0;0.0;0.0;0.0
0;0;0.2;0.0;0.0;0.0;0.0;0.145985401459854;0.0;0.0;0.2
0;0;0.0;0.0;0.0;0.0;0.0;0.0;0.0;0.0;0.2
0;0;0.0;0.0;0.0;0.0;0.0;0.0;0.0;0.0;0.0
0;0;0.0;0.0;0.0;0.0;0.0;0.0;0.0;0.0;0.0
1;0;0.0;0.0;0.0;0.041666666666666664;0.0;0.0;0.0;0.0;0.0
0;0;0.0;0.0;0.0;0.0;0.0;0.0;0.0;0.0;0.0
0;0;0.2;0.0;0.0;0.0;0.0;0.145985401459854;0.0;0.0;0.0
0;0;0.2;0.0;0.0;0.0;0.0;0.145985401459854;0.0;0.0;0.0
0;0;0.0;0.0;0.0;0.0;0.0;0.0;0.0;0.0;0.0
0;0;0.0;0.0;0.0;0.0;0.0;0.0;0.0;0.0;0.0
0;0;0.0;0.0;0.0;0.0;0.0;0.0;0.0;0.0;0.0
0;0;0.0;0.0;0.0;0.0;0.0;0.0;0.0;0.0;0.0
0;0;0.0;0.0;0.0;0.0;0.0;0.0;0.0;0.0;0.0
0;0;0.0;0.0;0.0;0.0;0.0;0.0;0.0;0.0;0.2
1;0;0.0;0.0;0.0;0.041666666666666664;0.0;0.0;0.0;0.0;0.0
1;0;0.0;0.0;0.0;0.041666666666666664;0.0;0.0;0.0;0.0;0.2
0;0;0.6;0.0;0.0;0.0;0.0;0.437956204379562;0.0;0.0;0.6
2;0;0.0;0.0;0.0;0.08333333333333333;0.0;0.0;0.0;0.0;0.2
0;0;0.0;0.0;0.0;0.0;0.0;0.0;0.0;0.0;0.0
0;0;0.0;0.0;0.0;0.0;0.0;0.0;0.0;0.0;0.0
2;0;0.6;0.0;0.0;0.08333333333333333;0.0;0.437956204379562;0.0;0.0;0.79
0;0;0.4;0.0;0.0;0.0;0.0;0.291970802919708;0.0;0.0;0.2
0;0;0.2;0.0;0.0;0.0;0.0;0.145985401459854;0.0;0.0;0.2
2;0;0.6;0.0;0.0;0.08333333333333333;0.0;0.437956204379562;0.0;0.0;0.4
0;0;0.0;0.0;0.0;0.0;0.0;0.0;0.0;0.0;0.0
0;0;0.79;0.0;0.0;0.0;0.0;0.5766423357664233;0.0;0.0;0.6
0;0;0.0;0.0;0.0;0.0;0.0;0.0;0.0;0.0;0.0
0;0;0.0;0.0;0.0;0.0;0.0;0.0;0.0;0.0;0.0
1;0;0.0;0.0;0.0;0.041666666666666664;0.0;0.0;0.0;0.0;0.0
0;0;0.2;0.0;0.0;0.0;0.0;0.145985401459854;0.0;0.0;0.0
0;0;0.2;0.0;0.0;0.0;0.0;0.145985401459854;0.0;0.0;0.4
0;0;0.0;0.0;0.0;0.0;0.0;0.0;0.0;0.0;0.0
0;0;0.0;0.0;0.0;0.0;0.0;0.0;0.0;0.0;0.0
1;0;0.0;0.0;0.0;0.041666666666666664;0.0;0.0;0.0;0.0;0.2
2;0;0.0;0.0;0.0;0.08333333333333333;0.0;0.0;0.0;0.0;0.0
0;0;0.0;0.0;0.0;0.0;0.0;0.0;0.0;0.0;0.0
0;0;0.2;0.0;0.0;0.0;0.0;0.145985401459854;0.0;0.0;0.0
0;0;0.0;0.0;0.0;0.0;0.0;0.0;0.0;0.0;0.0
0;0;0.0;0.0;0.0;0.0;0.0;0.0;0.0;0.0;0.0
0;0;0.0;0.0;0.0;0.0;0.0;0.0;0.0;0.0;0.0
0;0;0.0;0.0;0.0;0.0;0.0;0.0;0.0;0.0;0.0
0;0;0.0;0.0;0.0;0.0;0.0;0.0;0.0;0.0;0.0
0;0;0.0;0.0;0.0;0.0;0.0;0.0;0.0;0.0;0.0
0;0;0.0;0.0;0.0;0.0;0.0;0.0;0.0;0.0;0.0
0;0;0.0;0.0;0.0;0.0;0.0;0.0;0.0;0.0;0.0
0;0;0.0;0.0;0.0;0.0;0.0;0.0;0.0;0.0;0.0
0;0;0.0;0.0;0.0;0.0;0.0;0.0;0.0;0.0;0.0
0;0;0.0;0.0;0.0;0.0;0.0;0.0;0.0;0.0;0.0
0;0;0.2;0.0;0.0;0.0;0.0;0.145985401459854;0.0;0.0;0.0
2;0;0.4;0.0;0.0;0.08333333333333333;0.0;0.291970802919708;0.0;0.0;0.4
0;0;0.0;0.0;0.0;0.0;0.0;0.0;0.0;0.0;0.0
1;0;0.0;0.0;0.0;0.041666666666666664;0.0;0.0;0.0;0.0;0.2
1;0;0.2;0.0;0.0;0.041666666666666664;0.0;0.145985401459854;0.0;0.0;0.0
1;0;0.4;0.0;0.0;0.041666666666666664;0.0;0.291970802919708;0.0;0.0;0.0
2;0;0.2;0.0;0.0;0.08333333333333333;0.0;0.145985401459854;0.0;0.0;0.4
0;0;0.0;0.0;0.0;0.0;0.0;0.0;0.0;0.0;0.0
0;0;0.4;0.0;0.0;0.0;0.0;0.291970802919708;0.0;0.0;0.98
0;0;0.2;0.0;0.0;0.0;0.0;0.145985401459854;0.0;0.0;0.0
0;0;0.2;0.0;0.0;0.0;0.0;0.145985401459854;0.0;0.0;0.0
0;0;0.2;0.0;0.0;0.0;0.0;0.145985401459854;0.0;0.0;0.0
5;0;0.2;0.0;0.0;0.20833333333333334;0.0;0.145985401459854;0.0;0.0;0.0
3;0;0.4;0.0;0.0;0.125;0.0;0.291970802919708;0.0;0.0;0.2
0;0;0.0;0.0;0.0;0.0;0.0;0.0;0.0;0.0;0.0
0;0;0.0;0.0;0.0;0.0;0.0;0.0;0.0;0.0;0.0
0;0;0.0;0.0;0.0;0.0;0.0;0.0;0.0;0.0;0.0
0;0;0.0;0.0;0.0;0.0;0.0;0.0;0.0;0.0;0.0
2;0;0.0;0.0;0.0;0.08333333333333333;0.0;0.0;0.0;0.0;0.0
0;0;0.2;0.0;0.0;0.0;0.0;0.145985401459854;0.0;0.0;0.0
0;0;0.0;0.0;0.0;0.0;0.0;0.0;0.0;0.0;0.4
0;0;0.0;0.0;0.0;0.0;0.0;0.0;0.0;0.0;0.0
0;0;0.0;0.0;0.0;0.0;0.0;0.0;0.0;0.0;0.0
0;0;0.0;0.0;0.0;0.0;0.0;0.0;0.0;0.0;0.0
0;0;0.0;0.0;0.0;0.0;0.0;0.0;0.0;0.0;0.0
0;0;0.2;0.0;0.0;0.0;0.0;0.145985401459854;0.0;0.0;0.2
0;0;0.0;0.0;0.0;0.0;0.0;0.0;0.0;0.0;0.0
3;0;0.2;0.0;0.0;0.125;0.0;0.145985401459854;0.0;0.0;0.0
0;0;0.0;0.0;0.0;0.0;0.0;0.0;0.0;0.0;0.0
0;0;0.0;0.0;0.0;0.0;0.0;0.0;0.0;0.0;0.2
0;0;0.2;0.0;0.0;0.0;0.0;0.145985401459854;0.0;0.0;0.0
0;0;0.0;0.0;0.0;0.0;0.0;0.0;0.0;0.0;0.0
2;0;0.2;0.0;0.0;0.08333333333333333;0.0;0.145985401459854;0.0;0.0;0.0
0;0;0.0;0.0;0.0;0.0;0.0;0.0;0.0;0.0;0.0
0;0;0.0;0.0;0.0;0.0;0.0;0.0;0.0;0.0;0.2
0;0;0.0;0.0;0.0;0.0;0.0;0.0;0.0;0.0;0.0
1;0;0.0;0.0;0.0;0.041666666666666664;0.0;0.0;0.0;0.0;0.0
2;0;0.0;0.0;0.0;0.08333333333333333;0.0;0.0;0.0;0.0;0.0
0;0;0.0;0.0;0.0;0.0;0.0;0.0;0.0;0.0;0.0
0;0;0.0;0.0;0.0;0.0;0.0;0.0;0.0;0.0;0.0
1;0;0.0;0.0;0.0;0.041666666666666664;0.0;0.0;0.0;0.0;0.0
0;0;0.0;0.0;0.0;0.0;0.0;0.0;0.0;0.0;0.0
0;0;0.0;0.0;0.0;0.0;0.0;0.0;0.0;0.0;0.0
0;0;0.6;0.0;0.0;0.0;0.0;0.437956204379562;0.0;0.0;0.79
0;0;0.0;0.0;0.0;0.0;0.0;0.0;0.0;0.0;0.0
9;0;0.0;0.0;0.0;0.375;0.0;0.0;0.0;0.0;0.2
0;0;0.0;0.0;0.0;0.0;0.0;0.0;0.0;0.0;0.0
0;0;0.0;0.0;0.0;0.0;0.0;0.0;0.0;0.0;0.2
3;0;0.0;0.0;0.0;0.125;0.0;0.0;0.0;0.0;0.0
0;0;0.0;0.0;0.0;0.0;0.0;0.0;0.0;0.0;0.0
0;0;0.0;0.0;0.0;0.0;0.0;0.0;0.0;0.0;0.0
0;0;0.0;0.0;0.0;0.0;0.0;0.0;0.0;0.0;0.0
0;0;0.0;0.0;0.0;0.0;0.0;0.0;0.0;0.0;0.2
0;0;0.0;0.0;0.0;0.0;0.0;0.0;0.0;0.0;0.0
0;0;0.79;0.0;0.0;0.0;0.0;0.5766423357664233;0.0;0.0;0.98
1;0;0.6;0.0;0.0;0.041666666666666664;0.0;0.437956204379562;0.0;0.0;0.4
0;0;0.2;0.0;0.0;0.0;0.0;0.145985401459854;0.0;0.0;0.0
0;0;0.0;0.0;0.0;0.0;0.0;0.0;0.0;0.0;0.0
0;0;0.2;0.0;0.0;0.0;0.0;0.145985401459854;0.0;0.0;0.0
0;0;0.0;0.0;0.0;0.0;0.0;0.0;0.0;0.0;0.0
0;0;0.0;0.0;0.0;0.0;0.0;0.0;0.0;0.0;0.0
0;0;0.0;0.0;0.0;0.0;0.0;0.0;0.0;0.0;0.2
2;0;0.0;0.0;0.0;0.08333333333333333;0.0;0.0;0.0;0.0;0.0
0;0;0.4;0.0;0.0;0.0;0.0;0.291970802919708;0.0;0.0;0.4
0;0;0.0;0.0;0.0;0.0;0.0;0.0;0.0;0.0;0.0
2;0;0.0;0.0;0.0;0.08333333333333333;0.0;0.0;0.0;0.0;0.0
0;0;0.6;0.0;0.0;0.0;0.0;0.437956204379562;0.0;0.0;0.79
0;0;0.0;0.0;0.0;0.0;0.0;0.0;0.0;0.0;0.0
0;0;0.0;0.0;0.0;0.0;0.0;0.0;0.0;0.0;0.0
3;0;0.0;0.0;0.0;0.125;0.0;0.0;0.0;0.0;0.0
0;0;0.0;0.0;0.0;0.0;0.0;0.0;0.0;0.0;0.0
0;0;0.0;0.0;0.0;0.0;0.0;0.0;0.0;0.0;0.0
0;0;0.0;0.0;0.0;0.0;0.0;0.0;0.0;0.0;0.0
0;0;0.0;0.0;0.0;0.0;0.0;0.0;0.0;0.0;0.0
0;0;0.2;0.0;0.0;0.0;0.0;0.145985401459854;0.0;0.0;0.0
0;0;0.0;0.0;0.0;0.0;0.0;0.0;0.0;0.0;0.0
1;0;0.0;0.0;0.0;0.041666666666666664;0.0;0.0;0.0;0.0;0.2
0;0;0.2;0.0;0.0;0.0;0.0;0.145985401459854;0.0;0.0;0.6
0;0;0.2;0.0;0.0;0.0;0.0;0.145985401459854;0.0;0.0;0.0
1;0;0.0;0.0;0.0;0.041666666666666664;0.0;0.0;0.0;0.0;0.0
0;0;0.0;0.0;0.0;0.0;0.0;0.0;0.0;0.0;0.0
0;0;0.0;0.0;0.0;0.0;0.0;0.0;0.0;0.0;0.0
0;0;0.0;0.0;0.0;0.0;0.0;0.0;0.0;0.0;0.0
0;0;0.0;0.0;0.0;0.0;0.0;0.0;0.0;0.0;0.0
4;0;0.2;0.0;0.0;0.16666666666666666;0.0;0.145985401459854;0.0;0.0;0.0
0;0;0.0;0.0;0.0;0.0;0.0;0.0;0.0;0.0;0.2
1;0;0.0;0.0;0.0;0.041666666666666664;0.0;0.0;0.0;0.0;0.0
0;0;0.2;0.0;0.0;0.0;0.0;0.145985401459854;0.0;0.0;0.0
0;0;0.2;0.0;0.0;0.0;0.0;0.145985401459854;0.0;0.0;0.6
0;0;0.0;0.0;0.0;0.0;0.0;0.0;0.0;0.0;0.0
0;0;0.2;0.0;0.0;0.0;0.0;0.145985401459854;0.0;0.0;0.4
0;0;0.0;0.0;0.0;0.0;0.0;0.0;0.0;0.0;0.0
0;0;0.2;0.0;0.0;0.0;0.0;0.145985401459854;0.0;0.0;0.0
0;0;0.0;0.0;0.0;0.0;0.0;0.0;0.0;0.0;0.0
5;0;0.0;0.0;0.0;0.20833333333333334;0.0;0.0;0.0;0.0;0.0
0;0;0.0;0.0;0.0;0.0;0.0;0.0;0.0;0.0;0.2
0;0;0.0;0.0;0.0;0.0;0.0;0.0;0.0;0.0;0.0
0;0;0.6;0.0;0.0;0.0;0.0;0.437956204379562;0.0;0.0;0.4
0;0;0.0;0.0;0.0;0.0;0.0;0.0;0.0;0.0;0.0
2;0;0.2;0.0;0.0;0.08333333333333333;0.0;0.145985401459854;0.0;0.0;0.4
1;0;0.0;0.0;0.0;0.041666666666666664;0.0;0.0;0.0;0.0;0.0
0;0;0.0;0.0;0.0;0.0;0.0;0.0;0.0;0.0;0.2
0;0;0.0;0.0;0.0;0.0;0.0;0.0;0.0;0.0;0.0
1;0;0.0;0.0;0.0;0.041666666666666664;0.0;0.0;0.0;0.0;0.2
1;0;0.0;0.0;0.0;0.041666666666666664;0.0;0.0;0.0;0.0;0.0
0;0;0.0;0.0;0.0;0.0;0.0;0.0;0.0;0.0;0.0
0;0;0.0;0.0;0.0;0.0;0.0;0.0;0.0;0.0;0.0
1;0;0.0;0.0;0.0;0.041666666666666664;0.0;0.0;0.0;0.0;0.2
0;0;0.2;0.0;0.0;0.0;0.0;0.145985401459854;0.0;0.0;0.0
0;0;0.4;0.0;0.0;0.0;0.0;0.291970802919708;0.0;0.0;0.4
1;0;0.4;0.0;0.0;0.041666666666666664;0.0;0.291970802919708;0.0;0.0;0.6
0;0;0.4;0.0;0.0;0.0;0.0;0.291970802919708;0.0;0.0;0.6
0;0;0.0;0.0;0.0;0.0;0.0;0.0;0.0;0.0;0.0
0;0;0.0;0.0;0.0;0.0;0.0;0.0;0.0;0.0;0.0
0;0;0.0;0.0;0.0;0.0;0.0;0.0;0.0;0.0;0.0
0;0;0.0;0.0;0.0;0.0;0.0;0.0;0.0;0.0;0.0
0;0;0.0;0.0;0.0;0.0;0.0;0.0;0.0;0.0;0.0
0;0;0.0;0.0;0.0;0.0;0.0;0.0;0.0;0.0;0.2
7;0;0.0;0.0;0.0;0.2916666666666667;0.0;0.0;0.0;0.0;0.0
5;0;0.2;0.0;0.0;0.20833333333333334;0.0;0.145985401459854;0.0;0.0;0.2
2;0;0.2;0.0;0.0;0.08333333333333333;0.0;0.145985401459854;0.0;0.0;0.4
0;0;0.0;0.0;0.0;0.0;0.0;0.0;0.0;0.0;0.0
0;0;0.0;0.0;0.0;0.0;0.0;0.0;0.0;0.0;0.0
0;0;0.0;0.0;0.0;0.0;0.0;0.0;0.0;0.0;0.0
0;0;0.0;0.0;0.0;0.0;0.0;0.0;0.0;0.0;0.0
0;0;0.0;0.0;0.0;0.0;0.0;0.0;0.0;0.0;0.0
12;0;0.0;0.0;0.0;0.5;0.0;0.0;0.0;0.0;0.0
0;0;0.0;0.0;0.0;0.0;0.0;0.0;0.0;0.0;0.0
0;0;0.0;0.0;0.0;0.0;0.0;0.0;0.0;0.0;0.0
0;0;0.0;0.0;0.0;0.0;0.0;0.0;0.0;0.0;0.0
1;0;0.0;0.0;0.0;0.041666666666666664;0.0;0.0;0.0;0.0;0.0
0;0;0.2;0.0;0.0;0.0;0.0;0.145985401459854;0.0;0.0;0.0
0;0;0.2;0.0;0.0;0.0;0.0;0.145985401459854;0.0;0.0;0.2
1;0;0.0;0.0;0.0;0.041666666666666664;0.0;0.0;0.0;0.0;0.0
0;0;0.0;0.0;0.0;0.0;0.0;0.0;0.0;0.0;0.0
0;0;0.0;0.0;0.0;0.0;0.0;0.0;0.0;0.0;0.0
0;0;0.0;0.0;0.0;0.0;0.0;0.0;0.0;0.0;0.2
0;0;0.0;0.0;0.0;0.0;0.0;0.0;0.0;0.0;0.0
1;0;0.0;0.0;0.0;0.041666666666666664;0.0;0.0;0.0;0.0;0.0
0;0;0.2;0.0;0.0;0.0;0.0;0.145985401459854;0.0;0.0;0.0
0;0;0.4;0.0;0.0;0.0;0.0;0.291970802919708;0.0;0.0;0.4
0;0;0.0;0.0;0.0;0.0;0.0;0.0;0.0;0.0;0.0
0;0;0.0;0.0;0.0;0.0;0.0;0.0;0.0;0.0;0.0
1;0;0.0;0.0;0.0;0.041666666666666664;0.0;0.0;0.0;0.0;0.0
0;0;0.2;0.0;0.0;0.0;0.0;0.145985401459854;0.0;0.0;0.0
2;0;0.2;0.0;0.0;0.08333333333333333;0.0;0.145985401459854;0.0;0.0;0.0
0;0;0.0;0.0;0.0;0.0;0.0;0.0;0.0;0.0;0.0
0;0;0.6;0.0;0.0;0.0;0.0;0.437956204379562;0.0;0.0;0.4
0;0;0.4;0.0;0.0;0.0;0.0;0.291970802919708;0.0;0.0;0.4
0;0;0.2;0.0;0.0;0.0;0.0;0.145985401459854;0.0;0.0;0.0
1;0;0.0;0.0;0.0;0.041666666666666664;0.0;0.0;0.0;0.0;0.0
0;0;0.4;0.0;0.0;0.0;0.0;0.291970802919708;0.0;0.0;0.2
0;0;0.4;0.0;0.0;0.0;0.0;0.291970802919708;0.0;0.0;0.2
0;0;0.2;0.0;0.0;0.0;0.0;0.145985401459854;0.0;0.0;0.0
0;0;0.0;0.0;0.0;0.0;0.0;0.0;0.0;0.0;0.0
2;0;0.0;0.0;0.0;0.08333333333333333;0.0;0.0;0.0;0.0;0.0
0;0;0.2;0.0;0.0;0.0;0.0;0.145985401459854;0.0;0.0;0.0
1;0;0.0;0.0;0.0;0.041666666666666664;0.0;0.0;0.0;0.0;0.2
0;0;0.0;0.0;0.0;0.0;0.0;0.0;0.0;0.0;0.0
0;0;0.6;0.0;0.0;0.0;0.0;0.437956204379562;0.0;0.0;0.6
0;0;0.0;0.0;0.0;0.0;0.0;0.0;0.0;0.0;0.0
0;0;0.4;0.0;0.0;0.0;0.0;0.291970802919708;0.0;0.0;0.6
2;0;0.0;0.0;0.0;0.08333333333333333;0.0;0.0;0.0;0.0;0.0
1;0;0.2;0.0;0.0;0.041666666666666664;0.0;0.145985401459854;0.0;0.0;0.0
1;0;0.2;0.0;0.0;0.041666666666666664;0.0;0.145985401459854;0.0;0.0;0.0
7;0;0.2;0.0;0.0;0.2916666666666667;0.0;0.145985401459854;0.0;0.0;0.0
6;0;0.0;0.0;0.0;0.25;0.0;0.0;0.0;0.0;0.0
0;0;0.0;0.0;0.0;0.0;0.0;0.0;0.0;0.0;0.0
0;0;0.2;0.0;0.0;0.0;0.0;0.145985401459854;0.0;0.0;0.0
1;0;0.2;0.0;0.0;0.041666666666666664;0.0;0.145985401459854;0.0;0.0;0.2
0;0;0.0;0.0;0.0;0.0;0.0;0.0;0.0;0.0;0.0
1;0;0.0;0.0;0.0;0.041666666666666664;0.0;0.0;0.0;0.0;0.2
5;0;0.0;0.0;0.0;0.20833333333333334;0.0;0.0;0.0;0.0;0.0
0;0;0.0;0.0;0.0;0.0;0.0;0.0;0.0;0.0;0.0
0;0;0.0;0.0;0.0;0.0;0.0;0.0;0.0;0.0;0.0
1;0;0.0;0.0;0.0;0.041666666666666664;0.0;0.0;0.0;0.0;0.2
0;0;0.0;0.0;0.0;0.0;0.0;0.0;0.0;0.0;0.0
0;0;0.0;0.0;0.0;0.0;0.0;0.0;0.0;0.0;0.0
0;0;0.0;0.0;0.0;0.0;0.0;0.0;0.0;0.0;0.0
0;0;0.0;0.0;0.0;0.0;0.0;0.0;0.0;0.0;0.0
0;0;0.0;0.0;0.0;0.0;0.0;0.0;0.0;0.0;0.0
0;0;0.2;0.0;0.0;0.0;0.0;0.145985401459854;0.0;0.0;0.0
0;0;0.0;0.0;0.0;0.0;0.0;0.0;0.0;0.0;0.0
0;0;0.2;0.0;0.0;0.0;0.0;0.145985401459854;0.0;0.0;0.0
0;0;0.0;0.0;0.0;0.0;0.0;0.0;0.0;0.0;0.0
0;0;0.2;0.0;0.0;0.0;0.0;0.145985401459854;0.0;0.0;0.0
0;0;0.0;0.0;0.0;0.0;0.0;0.0;0.0;0.0;0.0
0;0;0.0;0.0;0.0;0.0;0.0;0.0;0.0;0.0;0.0
0;0;0.0;0.0;0.0;0.0;0.0;0.0;0.0;0.0;0.0
0;0;0.0;0.0;0.0;0.0;0.0;0.0;0.0;0.0;0.2
0;0;0.0;0.0;0.0;0.0;0.0;0.0;0.0;0.0;0.0
0;0;0.0;0.0;0.0;0.0;0.0;0.0;0.0;0.0;0.2
0;0;0.4;0.0;0.0;0.0;0.0;0.291970802919708;0.0;0.0;0.6
0;0;0.0;0.0;0.0;0.0;0.0;0.0;0.0;0.0;0.2
0;0;0.2;0.0;0.0;0.0;0.0;0.145985401459854;0.0;0.0;0.0
0;0;0.0;0.0;0.0;0.0;0.0;0.0;0.0;0.0;0.0
0;0;0.0;0.0;0.0;0.0;0.0;0.0;0.0;0.0;0.0
0;0;0.0;0.0;0.0;0.0;0.0;0.0;0.0;0.0;0.0
0;0;0.0;0.0;0.0;0.0;0.0;0.0;0.0;0.0;0.0
0;0;0.0;0.0;0.0;0.0;0.0;0.0;0.0;0.0;0.0
0;0;0.0;0.0;0.0;0.0;0.0;0.0;0.0;0.0;0.0
0;0;0.2;0.0;0.0;0.0;0.0;0.145985401459854;0.0;0.0;0.0
1;0;0.4;0.0;0.0;0.041666666666666664;0.0;0.291970802919708;0.0;0.0;0.2
0;0;0.0;0.0;0.0;0.0;0.0;0.0;0.0;0.0;0.2
0;0;0.2;0.0;0.0;0.0;0.0;0.145985401459854;0.0;0.0;0.0
0;0;0.0;0.0;0.0;0.0;0.0;0.0;0.0;0.0;0.2
0;0;0.0;0.0;0.0;0.0;0.0;0.0;0.0;0.0;0.0
0;0;0.0;0.0;0.0;0.0;0.0;0.0;0.0;0.0;0.0
0;0;0.0;0.0;0.0;0.0;0.0;0.0;0.0;0.0;0.0
0;0;0.0;0.0;0.0;0.0;0.0;0.0;0.0;0.0;0.0
0;0;0.0;0.0;0.0;0.0;0.0;0.0;0.0;0.0;0.0
0;0;0.4;0.0;0.0;0.0;0.0;0.291970802919708;0.0;0.0;0.4
0;0;0.0;0.0;0.0;0.0;0.0;0.0;0.0;0.0;0.0
0;0;0.0;0.0;0.0;0.0;0.0;0.0;0.0;0.0;0.0
0;0;0.0;0.0;0.0;0.0;0.0;0.0;0.0;0.0;0.2
0;0;0.0;0.0;0.0;0.0;0.0;0.0;0.0;0.0;0.0
0;0;0.0;0.0;0.0;0.0;0.0;0.0;0.0;0.0;0.0
0;0;0.0;0.0;0.0;0.0;0.0;0.0;0.0;0.0;0.0
0;0;0.0;0.0;0.0;0.0;0.0;0.0;0.0;0.0;0.2
0;0;0.0;0.0;0.0;0.0;0.0;0.0;0.0;0.0;0.0
0;0;0.0;0.0;0.0;0.0;0.0;0.0;0.0;0.0;0.0
0;0;0.0;0.0;0.0;0.0;0.0;0.0;0.0;0.0;0.0
2;0;0.4;0.0;0.0;0.08333333333333333;0.0;0.291970802919708;0.0;0.0;0.2
0;0;0.0;0.0;0.0;0.0;0.0;0.0;0.0;0.0;0.0
0;0;0.0;0.0;0.0;0.0;0.0;0.0;0.0;0.0;0.2
0;0;0.0;0.0;0.0;0.0;0.0;0.0;0.0;0.0;0.0
0;0;0.0;0.0;0.0;0.0;0.0;0.0;0.0;0.0;0.0
0;0;0.0;0.0;0.0;0.0;0.0;0.0;0.0;0.0;0.2
0;0;0.0;0.0;0.0;0.0;0.0;0.0;0.0;0.0;0.0
0;0;0.2;0.0;0.0;0.0;0.0;0.145985401459854;0.0;0.0;0.0
0;0;0.0;0.0;0.0;0.0;0.0;0.0;0.0;0.0;0.0
1;0;0.0;0.0;0.0;0.041666666666666664;0.0;0.0;0.0;0.0;0.0
0;0;0.2;0.0;0.0;0.0;0.0;0.145985401459854;0.0;0.0;0.0
1;0;0.0;0.0;0.0;0.041666666666666664;0.0;0.0;0.0;0.0;0.0
1;0;0.0;0.0;0.0;0.041666666666666664;0.0;0.0;0.0;0.0;0.0
0;0;0.79;0.0;0.0;0.0;0.0;0.5766423357664233;0.0;0.0;0.6
1;0;0.2;0.0;0.0;0.041666666666666664;0.0;0.145985401459854;0.0;0.0;0.0
3;0;0.0;0.0;0.0;0.125;0.0;0.0;0.0;0.0;0.2
0;0;0.0;0.0;0.0;0.0;0.0;0.0;0.0;0.0;0.0
0;0;0.0;0.0;0.0;0.0;0.0;0.0;0.0;0.0;0.0
0;0;0.0;0.0;0.0;0.0;0.0;0.0;0.0;0.0;0.0
0;0;0.0;0.0;0.0;0.0;0.0;0.0;0.0;0.0;0.2
1;0;0.4;0.0;0.0;0.041666666666666664;0.0;0.291970802919708;0.0;0.0;0.4
0;0;0.4;0.0;0.0;0.0;0.0;0.291970802919708;0.0;0.0;0.4
2;0;0.0;0.0;0.0;0.08333333333333333;0.0;0.0;0.0;0.0;0.0
0;0;0.0;0.0;0.0;0.0;0.0;0.0;0.0;0.0;0.0
0;0;0.0;0.0;0.0;0.0;0.0;0.0;0.0;0.0;0.0
0;0;0.0;0.0;0.0;0.0;0.0;0.0;0.0;0.0;0.2
0;0;0.0;0.0;0.0;0.0;0.0;0.0;0.0;0.0;0.0
0;0;0.0;0.0;0.0;0.0;0.0;0.0;0.0;0.0;0.0
0;0;1.17;0.0;0.0;0.0;0.0;0.8540145985401458;0.0;0.0;1.17
0;0;0.0;0.0;0.0;0.0;0.0;0.0;0.0;0.0;0.0
0;0;0.0;0.0;0.0;0.0;0.0;0.0;0.0;0.0;0.2
0;0;0.0;0.0;0.0;0.0;0.0;0.0;0.0;0.0;0.0
0;0;0.0;0.0;0.0;0.0;0.0;0.0;0.0;0.0;0.0
0;0;0.0;0.0;0.0;0.0;0.0;0.0;0.0;0.0;0.0
0;0;0.0;0.0;0.0;0.0;0.0;0.0;0.0;0.0;0.0
0;0;0.0;0.0;0.0;0.0;0.0;0.0;0.0;0.0;0.0
1;0;0.2;0.0;0.0;0.041666666666666664;0.0;0.145985401459854;0.0;0.0;0.2
0;0;1.17;0.0;0.0;0.0;0.0;0.8540145985401458;0.0;0.0;0.98
0;0;0.2;0.0;0.0;0.0;0.0;0.145985401459854;0.0;0.0;0.0
0;0;0.0;0.0;0.0;0.0;0.0;0.0;0.0;0.0;0.0
0;0;0.0;0.0;0.0;0.0;0.0;0.0;0.0;0.0;0.0
2;0;0.6;0.0;0.0;0.08333333333333333;0.0;0.437956204379562;0.0;0.0;0.79
0;0;0.0;0.0;0.0;0.0;0.0;0.0;0.0;0.0;0.0
2;0;0.6;0.0;0.0;0.08333333333333333;0.0;0.437956204379562;0.0;0.0;0.4
0;0;0.0;0.0;0.0;0.0;0.0;0.0;0.0;0.0;0.0
0;0;0.0;0.0;0.0;0.0;0.0;0.0;0.0;0.0;0.2
6;0;0.0;0.0;0.0;0.25;0.0;0.0;0.0;0.0;0.2
0;0;0.0;0.0;0.0;0.0;0.0;0.0;0.0;0.0;0.0
0;0;0.6;0.0;0.0;0.0;0.0;0.437956204379562;0.0;0.0;0.4
1;0;0.0;0.0;0.0;0.041666666666666664;0.0;0.0;0.0;0.0;0.0
1;0;0.0;0.0;0.0;0.041666666666666664;0.0;0.0;0.0;0.0;0.0
0;0;0.0;0.0;0.0;0.0;0.0;0.0;0.0;0.0;0.0
0;0;0.0;0.0;0.0;0.0;0.0;0.0;0.0;0.0;0.0
0;0;0.0;0.0;0.0;0.0;0.0;0.0;0.0;0.0;0.0
0;0;0.4;0.0;0.0;0.0;0.0;0.291970802919708;0.0;0.0;0.4
0;0;0.0;0.0;0.0;0.0;0.0;0.0;0.0;0.0;0.2
0;0;0.4;0.0;0.0;0.0;0.0;0.291970802919708;0.0;0.0;0.2
0;0;0.0;0.0;0.0;0.0;0.0;0.0;0.0;0.0;0.0
0;0;0.0;0.0;0.0;0.0;0.0;0.0;0.0;0.0;0.0
12;0;0.2;0.0;0.0;0.5;0.0;0.145985401459854;0.0;0.0;0.0
0;0;0.0;0.0;0.0;0.0;0.0;0.0;0.0;0.0;0.0
0;0;0.0;0.0;0.0;0.0;0.0;0.0;0.0;0.0;0.0
1;0;0.0;0.0;0.0;0.041666666666666664;0.0;0.0;0.0;0.0;0.0
1;0;0.0;0.0;0.0;0.041666666666666664;0.0;0.0;0.0;0.0;0.0
0;0;0.0;0.0;0.0;0.0;0.0;0.0;0.0;0.0;0.0
0;0;0.0;0.0;0.0;0.0;0.0;0.0;0.0;0.0;0.0
0;0;0.0;0.0;0.0;0.0;0.0;0.0;0.0;0.0;0.0
0;0;0.0;0.0;0.0;0.0;0.0;0.0;0.0;0.0;0.2
0;0;0.2;0.0;0.0;0.0;0.0;0.145985401459854;0.0;0.0;0.2
0;0;0.0;0.0;0.0;0.0;0.0;0.0;0.0;0.0;0.0
0;0;0.0;0.0;0.0;0.0;0.0;0.0;0.0;0.0;0.0
0;0;0.0;0.0;0.0;0.0;0.0;0.0;0.0;0.0;0.2
0;0;0.0;0.0;0.0;0.0;0.0;0.0;0.0;0.0;0.0
0;0;0.0;0.0;0.0;0.0;0.0;0.0;0.0;0.0;0.0
3;0;0.0;0.0;0.0;0.125;0.0;0.0;0.0;0.0;0.2
0;0;0.0;0.0;0.0;0.0;0.0;0.0;0.0;0.0;0.0
0;0;0.0;0.0;0.0;0.0;0.0;0.0;0.0;0.0;0.2
0;0;0.0;0.0;0.0;0.0;0.0;0.0;0.0;0.0;0.0
0;0;0.2;0.0;0.0;0.0;0.0;0.145985401459854;0.0;0.0;0.0
1;0;0.2;0.0;0.0;0.041666666666666664;0.0;0.145985401459854;0.0;0.0;0.0
0;0;0.0;0.0;0.0;0.0;0.0;0.0;0.0;0.0;0.0
0;0;0.0;0.0;0.0;0.0;0.0;0.0;0.0;0.0;0.0
0;0;0.0;0.0;0.0;0.0;0.0;0.0;0.0;0.0;0.0
0;0;0.2;0.0;0.0;0.0;0.0;0.145985401459854;0.0;0.0;0.2
0;0;0.0;0.0;0.0;0.0;0.0;0.0;0.0;0.0;0.0
1;0;0.2;0.0;0.0;0.041666666666666664;0.0;0.145985401459854;0.0;0.0;0.0
0;0;0.2;0.0;0.0;0.0;0.0;0.145985401459854;0.0;0.0;0.2
1;0;0.0;0.0;0.0;0.041666666666666664;0.0;0.0;0.0;0.0;0.0
0;0;0.0;0.0;0.0;0.0;0.0;0.0;0.0;0.0;0.0
0;0;1.17;0.0;0.0;0.0;0.0;0.8540145985401458;0.0;0.0;1.37
0;0;0.0;0.0;0.0;0.0;0.0;0.0;0.0;0.0;0.0
1;0;0.0;0.0;0.0;0.041666666666666664;0.0;0.0;0.0;0.0;0.0
0;0;0.0;0.0;0.0;0.0;0.0;0.0;0.0;0.0;0.2
0;0;0.0;0.0;0.0;0.0;0.0;0.0;0.0;0.0;0.2
0;0;0.2;0.0;0.0;0.0;0.0;0.145985401459854;0.0;0.0;0.2
0;0;0.2;0.0;0.0;0.0;0.0;0.145985401459854;0.0;0.0;0.0
1;0;0.2;0.0;0.0;0.041666666666666664;0.0;0.145985401459854;0.0;0.0;0.2
0;0;0.0;0.0;0.0;0.0;0.0;0.0;0.0;0.0;0.0
0;0;0.2;0.0;0.0;0.0;0.0;0.145985401459854;0.0;0.0;0.0
0;0;0.0;0.0;0.0;0.0;0.0;0.0;0.0;0.0;0.0
0;0;0.0;0.0;0.0;0.0;0.0;0.0;0.0;0.0;0.0
1;0;0.0;0.0;0.0;0.041666666666666664;0.0;0.0;0.0;0.0;0.0
0;0;0.0;0.0;0.0;0.0;0.0;0.0;0.0;0.0;0.0
2;0;0.2;0.0;0.0;0.08333333333333333;0.0;0.145985401459854;0.0;0.0;0.0
1;0;0.0;0.0;0.0;0.041666666666666664;0.0;0.0;0.0;0.0;0.0
0;0;0.2;0.0;0.0;0.0;0.0;0.145985401459854;0.0;0.0;0.2
0;0;0.0;0.0;0.0;0.0;0.0;0.0;0.0;0.0;0.2
0;0;0.2;0.0;0.0;0.0;0.0;0.145985401459854;0.0;0.0;0.0
1;0;0.0;0.0;0.0;0.041666666666666664;0.0;0.0;0.0;0.0;0.2
0;0;0.0;0.0;0.0;0.0;0.0;0.0;0.0;0.0;0.2
1;0;0.0;0.0;0.0;0.041666666666666664;0.0;0.0;0.0;0.0;0.0
0;0;0.2;0.0;0.0;0.0;0.0;0.145985401459854;0.0;0.0;0.0
0;0;0.0;0.0;0.0;0.0;0.0;0.0;0.0;0.0;0.2
0;0;0.0;0.0;0.0;0.0;0.0;0.0;0.0;0.0;0.2
0;0;0.0;0.0;0.0;0.0;0.0;0.0;0.0;0.0;0.0
0;0;0.0;0.0;0.0;0.0;0.0;0.0;0.0;0.0;0.0
0;0;0.0;0.0;0.0;0.0;0.0;0.0;0.0;0.0;0.0
0;0;0.0;0.0;0.0;0.0;0.0;0.0;0.0;0.0;0.2
0;0;0.0;0.0;0.0;0.0;0.0;0.0;0.0;0.0;0.0
1;0;0.0;0.0;0.0;0.041666666666666664;0.0;0.0;0.0;0.0;0.2
1;0;0.0;0.0;0.0;0.041666666666666664;0.0;0.0;0.0;0.0;0.2
0;0;0.2;0.0;0.0;0.0;0.0;0.145985401459854;0.0;0.0;0.0
0;0;0.6;0.0;0.0;0.0;0.0;0.437956204379562;0.0;0.0;0.6
1;0;0.0;0.0;0.0;0.041666666666666664;0.0;0.0;0.0;0.0;0.0
1;0;0.2;0.0;0.0;0.041666666666666664;0.0;0.145985401459854;0.0;0.0;0.2
0;0;0.0;0.0;0.0;0.0;0.0;0.0;0.0;0.0;0.0
1;1;0.0;4.143978385008743e-06;0.0016129032258064516;0.041666666666666664;1.0;0.0;1.0;1.0;0.0
0;0;0.0;0.0;0.0;0.0;0.0;0.0;0.0;0.0;0.0
0;0;0.0;0.0;0.0;0.0;0.0;0.0;0.0;0.0;0.2
0;0;0.2;0.0;0.0;0.0;0.0;0.145985401459854;0.0;0.0;0.2
2;0;0.0;0.0;0.0;0.08333333333333333;0.0;0.0;0.0;0.0;0.2
0;0;0.0;0.0;0.0;0.0;0.0;0.0;0.0;0.0;0.0
0;0;0.2;0.0;0.0;0.0;0.0;0.145985401459854;0.0;0.0;0.0
2;0;0.0;0.0;0.0;0.08333333333333333;0.0;0.0;0.0;0.0;0.0
0;0;0.0;0.0;0.0;0.0;0.0;0.0;0.0;0.0;0.0
0;0;0.2;0.0;0.0;0.0;0.0;0.145985401459854;0.0;0.0;0.0
0;0;0.2;0.0;0.0;0.0;0.0;0.145985401459854;0.0;0.0;0.0
0;0;0.2;0.0;0.0;0.0;0.0;0.145985401459854;0.0;0.0;0.0
0;0;0.0;0.0;0.0;0.0;0.0;0.0;0.0;0.0;0.2
0;0;0.6;0.0;0.0;0.0;0.0;0.437956204379562;0.0;0.0;0.6
0;0;0.0;0.0;0.0;0.0;0.0;0.0;0.0;0.0;0.0
1;0;0.0;0.0;0.0;0.041666666666666664;0.0;0.0;0.0;0.0;0.0
0;0;0.0;0.0;0.0;0.0;0.0;0.0;0.0;0.0;0.2
7;0;0.0;0.0;0.0;0.2916666666666667;0.0;0.0;0.0;0.0;0.0
1;0;0.0;0.0;0.0;0.041666666666666664;0.0;0.0;0.0;0.0;0.0
1;0;0.0;0.0;0.0;0.041666666666666664;0.0;0.0;0.0;0.0;0.0
0;0;0.0;0.0;0.0;0.0;0.0;0.0;0.0;0.0;0.0
0;0;0.0;0.0;0.0;0.0;0.0;0.0;0.0;0.0;0.0
0;0;0.2;0.0;0.0;0.0;0.0;0.145985401459854;0.0;0.0;0.0
1;0;0.0;0.0;0.0;0.041666666666666664;0.0;0.0;0.0;0.0;0.0
0;0;0.0;0.0;0.0;0.0;0.0;0.0;0.0;0.0;0.0
0;0;0.2;0.0;0.0;0.0;0.0;0.145985401459854;0.0;0.0;0.0
0;0;0.0;0.0;0.0;0.0;0.0;0.0;0.0;0.0;0.0
0;0;0.0;0.0;0.0;0.0;0.0;0.0;0.0;0.0;0.0
0;0;0.0;0.0;0.0;0.0;0.0;0.0;0.0;0.0;0.0
1;0;0.0;0.0;0.0;0.041666666666666664;0.0;0.0;0.0;0.0;0.2
0;0;0.0;0.0;0.0;0.0;0.0;0.0;0.0;0.0;0.0
0;0;0.0;0.0;0.0;0.0;0.0;0.0;0.0;0.0;0.2
0;0;0.0;0.0;0.0;0.0;0.0;0.0;0.0;0.0;0.2
0;0;0.0;0.0;0.0;0.0;0.0;0.0;0.0;0.0;0.0
0;0;0.0;0.0;0.0;0.0;0.0;0.0;0.0;0.0;0.0
0;0;0.0;0.0;0.0;0.0;0.0;0.0;0.0;0.0;0.0
0;0;0.0;0.0;0.0;0.0;0.0;0.0;0.0;0.0;0.0
0;0;0.0;0.0;0.0;0.0;0.0;0.0;0.0;0.0;0.0
0;0;0.0;0.0;0.0;0.0;0.0;0.0;0.0;0.0;0.0
1;0;0.0;0.0;0.0;0.041666666666666664;0.0;0.0;0.0;0.0;0.2
2;0;0.0;0.0;0.0;0.08333333333333333;0.0;0.0;0.0;0.0;0.0
0;0;0.0;0.0;0.0;0.0;0.0;0.0;0.0;0.0;0.2
1;0;0.0;0.0;0.0;0.041666666666666664;0.0;0.0;0.0;0.0;0.2
0;0;0.0;0.0;0.0;0.0;0.0;0.0;0.0;0.0;0.0
0;0;0.0;0.0;0.0;0.0;0.0;0.0;0.0;0.0;0.2
0;0;0.0;0.0;0.0;0.0;0.0;0.0;0.0;0.0;0.0
0;0;0.6;0.0;0.0;0.0;0.0;0.437956204379562;0.0;0.0;0.6
1;0;0.0;0.0;0.0;0.041666666666666664;0.0;0.0;0.0;0.0;0.0
1;0;0.2;0.0;0.0;0.041666666666666664;0.0;0.145985401459854;0.0;0.0;0.2
1;0;0.0;0.0;0.0;0.041666666666666664;0.0;0.0;0.0;0.0;0.2
1;0;0.0;0.0;0.0;0.041666666666666664;0.0;0.0;0.0;0.0;0.0
0;0;0.0;0.0;0.0;0.0;0.0;0.0;0.0;0.0;0.0
0;0;0.4;0.0;0.0;0.0;0.0;0.291970802919708;0.0;0.0;0.4
2;0;0.4;0.0;0.0;0.08333333333333333;0.0;0.291970802919708;0.0;0.0;0.4
3;0;0.2;0.0;0.0;0.125;0.0;0.145985401459854;0.0;0.0;0.0
1;0;0.0;0.0;0.0;0.041666666666666664;0.0;0.0;0.0;0.0;0.0
0;0;0.0;0.0;0.0;0.0;0.0;0.0;0.0;0.0;0.0
0;0;0.6;0.0;0.0;0.0;0.0;0.437956204379562;0.0;0.0;0.6
0;0;0.0;0.0;0.0;0.0;0.0;0.0;0.0;0.0;0.2
0;0;0.2;0.0;0.0;0.0;0.0;0.145985401459854;0.0;0.0;0.0
0;0;0.0;0.0;0.0;0.0;0.0;0.0;0.0;0.0;0.2
0;0;0.0;0.0;0.0;0.0;0.0;0.0;0.0;0.0;0.0
0;0;0.98;0.0;0.0;0.0;0.0;0.7153284671532846;0.0;0.0;0.98
0;0;0.2;0.0;0.0;0.0;0.0;0.145985401459854;0.0;0.0;0.0
0;0;0.0;0.0;0.0;0.0;0.0;0.0;0.0;0.0;0.0
0;0;0.0;0.0;0.0;0.0;0.0;0.0;0.0;0.0;0.2
0;0;0.0;0.0;0.0;0.0;0.0;0.0;0.0;0.0;0.0
0;0;0.4;0.0;0.0;0.0;0.0;0.291970802919708;0.0;0.0;0.4
0;0;0.0;0.0;0.0;0.0;0.0;0.0;0.0;0.0;0.0
0;0;0.0;0.0;0.0;0.0;0.0;0.0;0.0;0.0;0.0
0;0;0.4;0.0;0.0;0.0;0.0;0.291970802919708;0.0;0.0;0.2
0;0;0.0;0.0;0.0;0.0;0.0;0.0;0.0;0.0;0.0
1;0;0.2;0.0;0.0;0.041666666666666664;0.0;0.145985401459854;0.0;0.0;0.0
0;0;0.0;0.0;0.0;0.0;0.0;0.0;0.0;0.0;0.2
0;0;0.6;0.0;0.0;0.0;0.0;0.437956204379562;0.0;0.0;0.4
0;0;0.0;0.0;0.0;0.0;0.0;0.0;0.0;0.0;0.0
0;0;0.0;0.0;0.0;0.0;0.0;0.0;0.0;0.0;0.0
0;0;0.0;0.0;0.0;0.0;0.0;0.0;0.0;0.0;0.0
0;0;0.0;0.0;0.0;0.0;0.0;0.0;0.0;0.0;0.2
0;0;0.0;0.0;0.0;0.0;0.0;0.0;0.0;0.0;0.0
3;0;0.0;0.0;0.0;0.125;0.0;0.0;0.0;0.0;0.0
2;0;0.0;0.0;0.0;0.08333333333333333;0.0;0.0;0.0;0.0;0.0
0;0;0.0;0.0;0.0;0.0;0.0;0.0;0.0;0.0;0.0
0;0;0.0;0.0;0.0;0.0;0.0;0.0;0.0;0.0;0.0
0;0;0.4;0.0;0.0;0.0;0.0;0.291970802919708;0.0;0.0;0.2
0;0;0.0;0.0;0.0;0.0;0.0;0.0;0.0;0.0;0.0
0;0;0.0;0.0;0.0;0.0;0.0;0.0;0.0;0.0;0.2
0;0;0.0;0.0;0.0;0.0;0.0;0.0;0.0;0.0;0.2
0;0;0.0;0.0;0.0;0.0;0.0;0.0;0.0;0.0;0.2
0;0;0.2;0.0;0.0;0.0;0.0;0.145985401459854;0.0;0.0;0.0
0;0;0.4;0.0;0.0;0.0;0.0;0.291970802919708;0.0;0.0;0.2
0;0;0.0;0.0;0.0;0.0;0.0;0.0;0.0;0.0;0.0
0;0;0.0;0.0;0.0;0.0;0.0;0.0;0.0;0.0;0.0
0;0;0.0;0.0;0.0;0.0;0.0;0.0;0.0;0.0;0.0
0;0;0.0;0.0;0.0;0.0;0.0;0.0;0.0;0.0;0.2
0;0;0.0;0.0;0.0;0.0;0.0;0.0;0.0;0.0;0.0
0;0;0.0;0.0;0.0;0.0;0.0;0.0;0.0;0.0;0.2
0;0;0.0;0.0;0.0;0.0;0.0;0.0;0.0;0.0;0.0
2;0;0.2;0.0;0.0;0.08333333333333333;0.0;0.145985401459854;0.0;0.0;0.0
1;0;0.0;0.0;0.0;0.041666666666666664;0.0;0.0;0.0;0.0;0.0
0;0;0.0;0.0;0.0;0.0;0.0;0.0;0.0;0.0;0.0
0;0;0.0;0.0;0.0;0.0;0.0;0.0;0.0;0.0;0.2
0;0;0.0;0.0;0.0;0.0;0.0;0.0;0.0;0.0;0.2
0;0;0.2;0.0;0.0;0.0;0.0;0.145985401459854;0.0;0.0;0.4
0;0;0.0;0.0;0.0;0.0;0.0;0.0;0.0;0.0;0.0
0;0;0.2;0.0;0.0;0.0;0.0;0.145985401459854;0.0;0.0;0.0
0;0;0.0;0.0;0.0;0.0;0.0;0.0;0.0;0.0;0.0
0;0;0.4;0.0;0.0;0.0;0.0;0.291970802919708;0.0;0.0;0.6
5;0;0.0;0.0;0.0;0.20833333333333334;0.0;0.0;0.0;0.0;0.2
0;0;0.0;0.0;0.0;0.0;0.0;0.0;0.0;0.0;0.0
0;0;0.0;0.0;0.0;0.0;0.0;0.0;0.0;0.0;0.2
1;0;0.0;0.0;0.0;0.041666666666666664;0.0;0.0;0.0;0.0;0.0
0;0;0.2;0.0;0.0;0.0;0.0;0.145985401459854;0.0;0.0;0.0
0;0;0.0;0.0;0.0;0.0;0.0;0.0;0.0;0.0;0.2
0;0;0.0;0.0;0.0;0.0;0.0;0.0;0.0;0.0;0.0
0;0;0.4;0.0;0.0;0.0;0.0;0.291970802919708;0.0;0.0;0.6
0;0;0.0;0.0;0.0;0.0;0.0;0.0;0.0;0.0;0.0
0;0;0.0;0.0;0.0;0.0;0.0;0.0;0.0;0.0;0.0
0;0;0.0;0.0;0.0;0.0;0.0;0.0;0.0;0.0;0.0
11;0;0.0;0.0;0.0;0.4583333333333333;0.0;0.0;0.0;0.0;0.0
0;0;0.2;0.0;0.0;0.0;0.0;0.145985401459854;0.0;0.0;0.0
0;0;0.0;0.0;0.0;0.0;0.0;0.0;0.0;0.0;0.0
0;0;0.0;0.0;0.0;0.0;0.0;0.0;0.0;0.0;0.0
0;0;0.0;0.0;0.0;0.0;0.0;0.0;0.0;0.0;0.0
0;0;0.0;0.0;0.0;0.0;0.0;0.0;0.0;0.0;0.2
0;0;0.0;0.0;0.0;0.0;0.0;0.0;0.0;0.0;0.2
0;0;0.0;0.0;0.0;0.0;0.0;0.0;0.0;0.0;0.0
0;0;0.0;0.0;0.0;0.0;0.0;0.0;0.0;0.0;0.0
1;0;0.2;0.0;0.0;0.041666666666666664;0.0;0.145985401459854;0.0;0.0;0.0
1;0;0.0;0.0;0.0;0.041666666666666664;0.0;0.0;0.0;0.0;0.0
0;0;0.0;0.0;0.0;0.0;0.0;0.0;0.0;0.0;0.0
1;0;0.0;0.0;0.0;0.041666666666666664;0.0;0.0;0.0;0.0;0.0
0;0;0.79;0.0;0.0;0.0;0.0;0.5766423357664233;0.0;0.0;0.98
4;0;0.0;0.0;0.0;0.16666666666666666;0.0;0.0;0.0;0.0;0.0
0;0;0.0;0.0;0.0;0.0;0.0;0.0;0.0;0.0;0.0
0;0;0.0;0.0;0.0;0.0;0.0;0.0;0.0;0.0;0.0
2;0;0.2;0.0;0.0;0.08333333333333333;0.0;0.145985401459854;0.0;0.0;0.2
0;0;0.2;0.0;0.0;0.0;0.0;0.145985401459854;0.0;0.0;0.0
0;0;0.0;0.0;0.0;0.0;0.0;0.0;0.0;0.0;0.0
0;0;0.0;0.0;0.0;0.0;0.0;0.0;0.0;0.0;0.0
1;0;0.0;0.0;0.0;0.041666666666666664;0.0;0.0;0.0;0.0;0.0
0;0;0.0;0.0;0.0;0.0;0.0;0.0;0.0;0.0;0.0
0;0;0.0;0.0;0.0;0.0;0.0;0.0;0.0;0.0;0.0
0;0;0.2;0.0;0.0;0.0;0.0;0.145985401459854;0.0;0.0;0.2
0;0;0.2;0.0;0.0;0.0;0.0;0.145985401459854;0.0;0.0;0.0
0;0;0.0;0.0;0.0;0.0;0.0;0.0;0.0;0.0;0.0
0;0;0.0;0.0;0.0;0.0;0.0;0.0;0.0;0.0;0.0
0;0;0.0;0.0;0.0;0.0;0.0;0.0;0.0;0.0;0.0
1;0;0.2;0.0;0.0;0.041666666666666664;0.0;0.145985401459854;0.0;0.0;0.0
0;0;0.2;0.0;0.0;0.0;0.0;0.145985401459854;0.0;0.0;0.0
1;0;0.0;0.0;0.0;0.041666666666666664;0.0;0.0;0.0;0.0;0.2
1;0;0.0;0.0;0.0;0.041666666666666664;0.0;0.0;0.0;0.0;0.0
0;0;0.0;0.0;0.0;0.0;0.0;0.0;0.0;0.0;0.0
0;0;0.4;0.0;0.0;0.0;0.0;0.291970802919708;0.0;0.0;0.2
0;0;0.0;0.0;0.0;0.0;0.0;0.0;0.0;0.0;0.0
0;0;0.0;0.0;0.0;0.0;0.0;0.0;0.0;0.0;0.0
0;0;0.0;0.0;0.0;0.0;0.0;0.0;0.0;0.0;0.0
0;0;0.6;0.0;0.0;0.0;0.0;0.437956204379562;0.0;0.0;0.4
1;0;0.0;0.0;0.0;0.041666666666666664;0.0;0.0;0.0;0.0;0.0
0;0;0.0;0.0;0.0;0.0;0.0;0.0;0.0;0.0;0.2
1;0;0.0;0.0;0.0;0.041666666666666664;0.0;0.0;0.0;0.0;0.0
0;0;0.6;0.0;0.0;0.0;0.0;0.437956204379562;0.0;0.0;0.6
0;0;0.0;0.0;0.0;0.0;0.0;0.0;0.0;0.0;0.2
1;0;0.0;0.0;0.0;0.041666666666666664;0.0;0.0;0.0;0.0;0.0
1;0;0.2;0.0;0.0;0.041666666666666664;0.0;0.145985401459854;0.0;0.0;0.4
0;0;0.2;0.0;0.0;0.0;0.0;0.145985401459854;0.0;0.0;0.0
0;0;0.4;0.0;0.0;0.0;0.0;0.291970802919708;0.0;0.0;0.4
1;0;0.2;0.0;0.0;0.041666666666666664;0.0;0.145985401459854;0.0;0.0;0.0
0;0;0.0;0.0;0.0;0.0;0.0;0.0;0.0;0.0;0.0
0;0;0.4;0.0;0.0;0.0;0.0;0.291970802919708;0.0;0.0;0.4
0;0;0.0;0.0;0.0;0.0;0.0;0.0;0.0;0.0;0.0
0;0;0.0;0.0;0.0;0.0;0.0;0.0;0.0;0.0;0.0
0;0;0.0;0.0;0.0;0.0;0.0;0.0;0.0;0.0;0.0
0;0;0.0;0.0;0.0;0.0;0.0;0.0;0.0;0.0;0.0
0;0;0.0;0.0;0.0;0.0;0.0;0.0;0.0;0.0;0.0
1;0;0.2;0.0;0.0;0.041666666666666664;0.0;0.145985401459854;0.0;0.0;0.0
0;0;0.0;0.0;0.0;0.0;0.0;0.0;0.0;0.0;0.0
0;0;0.4;0.0;0.0;0.0;0.0;0.291970802919708;0.0;0.0;0.4
1;0;0.0;0.0;0.0;0.041666666666666664;0.0;0.0;0.0;0.0;0.0
0;0;0.0;0.0;0.0;0.0;0.0;0.0;0.0;0.0;0.0
0;0;0.0;0.0;0.0;0.0;0.0;0.0;0.0;0.0;0.0
0;0;0.2;0.0;0.0;0.0;0.0;0.145985401459854;0.0;0.0;0.0
3;0;0.2;0.0;0.0;0.125;0.0;0.145985401459854;0.0;0.0;0.0
14;0;0.0;0.0;0.0;0.5833333333333334;0.0;0.0;0.0;0.0;0.0
0;0;0.0;0.0;0.0;0.0;0.0;0.0;0.0;0.0;0.0
0;0;0.0;0.0;0.0;0.0;0.0;0.0;0.0;0.0;0.2
0;0;0.4;0.0;0.0;0.0;0.0;0.291970802919708;0.0;0.0;0.6
0;0;0.0;0.0;0.0;0.0;0.0;0.0;0.0;0.0;0.0
0;0;0.0;0.0;0.0;0.0;0.0;0.0;0.0;0.0;0.0
0;0;0.4;0.0;0.0;0.0;0.0;0.291970802919708;0.0;0.0;0.2
2;0;0.2;0.0;0.0;0.08333333333333333;0.0;0.145985401459854;0.0;0.0;0.2
0;0;0.0;0.0;0.0;0.0;0.0;0.0;0.0;0.0;0.0
2;0;0.2;0.0;0.0;0.08333333333333333;0.0;0.145985401459854;0.0;0.0;0.0
0;0;0.0;0.0;0.0;0.0;0.0;0.0;0.0;0.0;0.0
0;0;0.0;0.0;0.0;0.0;0.0;0.0;0.0;0.0;0.0
0;0;0.2;0.0;0.0;0.0;0.0;0.145985401459854;0.0;0.0;0.0
1;0;0.0;0.0;0.0;0.041666666666666664;0.0;0.0;0.0;0.0;0.0
0;0;0.0;0.0;0.0;0.0;0.0;0.0;0.0;0.0;0.2
1;0;0.0;0.0;0.0;0.041666666666666664;0.0;0.0;0.0;0.0;0.0
0;0;0.0;0.0;0.0;0.0;0.0;0.0;0.0;0.0;0.0
0;0;0.2;0.0;0.0;0.0;0.0;0.145985401459854;0.0;0.0;0.0
0;0;0.0;0.0;0.0;0.0;0.0;0.0;0.0;0.0;0.0
0;0;0.2;0.0;0.0;0.0;0.0;0.145985401459854;0.0;0.0;0.0
1;0;0.0;0.0;0.0;0.041666666666666664;0.0;0.0;0.0;0.0;0.0
0;0;0.0;0.0;0.0;0.0;0.0;0.0;0.0;0.0;0.2
0;0;0.0;0.0;0.0;0.0;0.0;0.0;0.0;0.0;0.0
1;0;0.0;0.0;0.0;0.041666666666666664;0.0;0.0;0.0;0.0;0.2
0;0;0.0;0.0;0.0;0.0;0.0;0.0;0.0;0.0;0.0
0;0;0.0;0.0;0.0;0.0;0.0;0.0;0.0;0.0;0.0
2;0;0.0;0.0;0.0;0.08333333333333333;0.0;0.0;0.0;0.0;0.0
0;0;0.0;0.0;0.0;0.0;0.0;0.0;0.0;0.0;0.2
0;0;0.0;0.0;0.0;0.0;0.0;0.0;0.0;0.0;0.0
0;0;0.2;0.0;0.0;0.0;0.0;0.145985401459854;0.0;0.0;0.0
0;0;0.2;0.0;0.0;0.0;0.0;0.145985401459854;0.0;0.0;0.0
0;0;0.0;0.0;0.0;0.0;0.0;0.0;0.0;0.0;0.0
0;0;0.0;0.0;0.0;0.0;0.0;0.0;0.0;0.0;0.0
0;0;0.4;0.0;0.0;0.0;0.0;0.291970802919708;0.0;0.0;0.4
0;0;0.2;0.0;0.0;0.0;0.0;0.145985401459854;0.0;0.0;0.2
1;0;0.0;0.0;0.0;0.041666666666666664;0.0;0.0;0.0;0.0;0.0
0;0;0.0;0.0;0.0;0.0;0.0;0.0;0.0;0.0;0.0
0;0;0.0;0.0;0.0;0.0;0.0;0.0;0.0;0.0;0.0
5;0;0.0;0.0;0.0;0.20833333333333334;0.0;0.0;0.0;0.0;0.0
0;0;0.4;0.0;0.0;0.0;0.0;0.291970802919708;0.0;0.0;0.6
1;0;0.2;0.0;0.0;0.041666666666666664;0.0;0.145985401459854;0.0;0.0;0.2
0;0;0.0;0.0;0.0;0.0;0.0;0.0;0.0;0.0;0.0
3;0;0.0;0.0;0.0;0.125;0.0;0.0;0.0;0.0;0.0
1;0;0.0;0.0;0.0;0.041666666666666664;0.0;0.0;0.0;0.0;0.0
0;0;0.2;0.0;0.0;0.0;0.0;0.145985401459854;0.0;0.0;0.0
0;0;0.2;0.0;0.0;0.0;0.0;0.145985401459854;0.0;0.0;0.0
0;0;0.0;0.0;0.0;0.0;0.0;0.0;0.0;0.0;0.0
0;0;0.0;0.0;0.0;0.0;0.0;0.0;0.0;0.0;0.2
0;0;0.0;0.0;0.0;0.0;0.0;0.0;0.0;0.0;0.0
0;0;0.0;0.0;0.0;0.0;0.0;0.0;0.0;0.0;0.0
0;0;0.2;0.0;0.0;0.0;0.0;0.145985401459854;0.0;0.0;0.0
0;0;0.0;0.0;0.0;0.0;0.0;0.0;0.0;0.0;0.0
0;0;0.2;0.0;0.0;0.0;0.0;0.145985401459854;0.0;0.0;0.0
0;0;0.0;0.0;0.0;0.0;0.0;0.0;0.0;0.0;0.2
0;0;0.0;0.0;0.0;0.0;0.0;0.0;0.0;0.0;0.0
0;0;0.2;0.0;0.0;0.0;0.0;0.145985401459854;0.0;0.0;0.0
0;0;0.98;0.0;0.0;0.0;0.0;0.7153284671532846;0.0;0.0;1.17
0;0;0.0;0.0;0.0;0.0;0.0;0.0;0.0;0.0;0.2
2;0;0.0;0.0;0.0;0.08333333333333333;0.0;0.0;0.0;0.0;0.0
1;0;0.0;0.0;0.0;0.041666666666666664;0.0;0.0;0.0;0.0;0.0
0;0;0.0;0.0;0.0;0.0;0.0;0.0;0.0;0.0;0.0
0;0;0.2;0.0;0.0;0.0;0.0;0.145985401459854;0.0;0.0;0.2
0;0;1.17;0.0;0.0;0.0;0.0;0.8540145985401458;0.0;0.0;1.37
0;0;0.0;0.0;0.0;0.0;0.0;0.0;0.0;0.0;0.0
0;0;0.2;0.0;0.0;0.0;0.0;0.145985401459854;0.0;0.0;0.0
0;0;0.6;0.0;0.0;0.0;0.0;0.437956204379562;0.0;0.0;0.4
0;0;0.0;0.0;0.0;0.0;0.0;0.0;0.0;0.0;0.0
0;0;0.0;0.0;0.0;0.0;0.0;0.0;0.0;0.0;0.0
2;0;0.0;0.0;0.0;0.08333333333333333;0.0;0.0;0.0;0.0;0.0
1;0;0.0;0.0;0.0;0.041666666666666664;0.0;0.0;0.0;0.0;0.0
0;0;0.0;0.0;0.0;0.0;0.0;0.0;0.0;0.0;0.0
0;0;0.0;0.0;0.0;0.0;0.0;0.0;0.0;0.0;0.0
1;0;0.2;0.0;0.0;0.041666666666666664;0.0;0.145985401459854;0.0;0.0;0.0
5;0;0.0;0.0;0.0;0.20833333333333334;0.0;0.0;0.0;0.0;0.0
0;0;0.0;0.0;0.0;0.0;0.0;0.0;0.0;0.0;0.0
0;0;0.0;0.0;0.0;0.0;0.0;0.0;0.0;0.0;0.0
0;0;0.0;0.0;0.0;0.0;0.0;0.0;0.0;0.0;0.0
0;0;0.2;0.0;0.0;0.0;0.0;0.145985401459854;0.0;0.0;0.2
0;0;0.0;0.0;0.0;0.0;0.0;0.0;0.0;0.0;0.0
1;0;0.0;0.0;0.0;0.041666666666666664;0.0;0.0;0.0;0.0;0.0
0;0;0.0;0.0;0.0;0.0;0.0;0.0;0.0;0.0;0.0
0;0;0.2;0.0;0.0;0.0;0.0;0.145985401459854;0.0;0.0;0.2
0;0;0.4;0.0;0.0;0.0;0.0;0.291970802919708;0.0;0.0;0.4
1;0;0.2;0.0;0.0;0.041666666666666664;0.0;0.145985401459854;0.0;0.0;0.0
0;0;0.0;0.0;0.0;0.0;0.0;0.0;0.0;0.0;0.2
0;0;0.2;0.0;0.0;0.0;0.0;0.145985401459854;0.0;0.0;0.2
0;0;0.0;0.0;0.0;0.0;0.0;0.0;0.0;0.0;0.0
0;0;0.4;0.0;0.0;0.0;0.0;0.291970802919708;0.0;0.0;0.6
0;0;0.0;0.0;0.0;0.0;0.0;0.0;0.0;0.0;0.0
0;0;0.0;0.0;0.0;0.0;0.0;0.0;0.0;0.0;0.0
2;0;0.0;0.0;0.0;0.08333333333333333;0.0;0.0;0.0;0.0;0.0
2;0;0.2;0.0;0.0;0.08333333333333333;0.0;0.145985401459854;0.0;0.0;0.2
0;0;0.0;0.0;0.0;0.0;0.0;0.0;0.0;0.0;0.0
0;0;0.0;0.0;0.0;0.0;0.0;0.0;0.0;0.0;0.0
1;0;0.0;0.0;0.0;0.041666666666666664;0.0;0.0;0.0;0.0;0.2
0;0;0.0;0.0;0.0;0.0;0.0;0.0;0.0;0.0;0.2
0;0;0.0;0.0;0.0;0.0;0.0;0.0;0.0;0.0;0.0
0;0;0.0;0.0;0.0;0.0;0.0;0.0;0.0;0.0;0.0
0;0;0.4;0.0;0.0;0.0;0.0;0.291970802919708;0.0;0.0;0.2
0;0;0.0;0.0;0.0;0.0;0.0;0.0;0.0;0.0;0.0
3;0;0.4;0.0;0.0;0.125;0.0;0.291970802919708;0.0;0.0;0.4
0;0;0.0;0.0;0.0;0.0;0.0;0.0;0.0;0.0;0.0
1;0;0.0;0.0;0.0;0.041666666666666664;0.0;0.0;0.0;0.0;0.0
0;0;0.0;0.0;0.0;0.0;0.0;0.0;0.0;0.0;0.0
0;0;0.0;0.0;0.0;0.0;0.0;0.0;0.0;0.0;0.0
0;0;0.0;0.0;0.0;0.0;0.0;0.0;0.0;0.0;0.0
2;0;0.0;0.0;0.0;0.08333333333333333;0.0;0.0;0.0;0.0;0.0
2;0;0.0;0.0;0.0;0.08333333333333333;0.0;0.0;0.0;0.0;0.0
0;0;0.2;0.0;0.0;0.0;0.0;0.145985401459854;0.0;0.0;0.0
0;0;0.2;0.0;0.0;0.0;0.0;0.145985401459854;0.0;0.0;0.0
1;0;0.0;0.0;0.0;0.041666666666666664;0.0;0.0;0.0;0.0;0.0
1;0;0.2;0.0;0.0;0.041666666666666664;0.0;0.145985401459854;0.0;0.0;0.2
1;0;0.0;0.0;0.0;0.041666666666666664;0.0;0.0;0.0;0.0;0.2
1;0;0.2;0.0;0.0;0.041666666666666664;0.0;0.145985401459854;0.0;0.0;0.0
0;0;0.0;0.0;0.0;0.0;0.0;0.0;0.0;0.0;0.2
0;0;0.0;0.0;0.0;0.0;0.0;0.0;0.0;0.0;0.0
0;0;0.0;0.0;0.0;0.0;0.0;0.0;0.0;0.0;0.2
0;0;0.0;0.0;0.0;0.0;0.0;0.0;0.0;0.0;0.2
0;0;0.0;0.0;0.0;0.0;0.0;0.0;0.0;0.0;0.0
0;0;0.0;0.0;0.0;0.0;0.0;0.0;0.0;0.0;0.0
0;0;0.0;0.0;0.0;0.0;0.0;0.0;0.0;0.0;0.0
0;0;0.0;0.0;0.0;0.0;0.0;0.0;0.0;0.0;0.0
0;0;0.2;0.0;0.0;0.0;0.0;0.145985401459854;0.0;0.0;0.2
1;0;0.2;0.0;0.0;0.041666666666666664;0.0;0.145985401459854;0.0;0.0;0.0
0;0;0.4;0.0;0.0;0.0;0.0;0.291970802919708;0.0;0.0;0.4
2;0;0.0;0.0;0.0;0.08333333333333333;0.0;0.0;0.0;0.0;0.2
0;0;0.0;0.0;0.0;0.0;0.0;0.0;0.0;0.0;0.0
0;0;0.0;0.0;0.0;0.0;0.0;0.0;0.0;0.0;0.0
0;0;0.2;0.0;0.0;0.0;0.0;0.145985401459854;0.0;0.0;0.4
2;0;0.0;0.0;0.0;0.08333333333333333;0.0;0.0;0.0;0.0;0.0
1;0;0.0;0.0;0.0;0.041666666666666664;0.0;0.0;0.0;0.0;0.0
0;0;0.2;0.0;0.0;0.0;0.0;0.145985401459854;0.0;0.0;0.0
12;0;0.0;0.0;0.0;0.5;0.0;0.0;0.0;0.0;0.0
0;0;0.2;0.0;0.0;0.0;0.0;0.145985401459854;0.0;0.0;0.0
0;0;0.0;0.0;0.0;0.0;0.0;0.0;0.0;0.0;0.0
2;0;0.0;0.0;0.0;0.08333333333333333;0.0;0.0;0.0;0.0;0.0
0;0;0.2;0.0;0.0;0.0;0.0;0.145985401459854;0.0;0.0;0.0
2;0;0.0;0.0;0.0;0.08333333333333333;0.0;0.0;0.0;0.0;0.0
0;0;0.2;0.0;0.0;0.0;0.0;0.145985401459854;0.0;0.0;0.0
0;0;0.59;0.0;0.0;0.0;0.0;0.43065693430656926;0.0;0.0;0.6
