Sensor;Split;R2 Score;Explained Variance Score;Mesma Classe
1;1;0.29087184054927884;0.33472397149271005;1.0
1;2;0.20000026586649045;0.20020280863236106;1.0
1;3;0.22762444528490633;0.2615125172078453;1.0
1;4;0.29424074387573584;0.299879666211078;1.0
1;5;0.12588379880365996;0.127037508997636;1.0
1;6;0.3555387025769422;0.35703383588279103;1.0
1;7;0.2867352119152733;0.2873165750995098;1.0
1;8;0.11000994664001151;0.11204325404410964;1.0
1;9;0.24682742712854877;0.25722879014839395;1.0
1;10;0.17583516888498385;0.1758810770593453;1.0
2;1;0.5497285726838326;0.5544455811365951;0.9664429530201343
2;2;0.12708249834721408;0.12725241750365346;0.9865771812080537
2;3;-0.44595480813768784;-0.23620992988083533;1.0
2;4;0.6753001404593539;0.6769493193845657;0.9798657718120806
2;5;0.6873921063332236;0.6892214454146746;0.9865771812080537
2;6;0.6771284866226507;0.680872378803816;0.9865771812080537
2;7;-2.296695324173281;-2.2683020053473695;0.9932885906040269
2;8;-0.4936562206795567;-0.4934753183327807;0.9798657718120806
2;9;0.02514915481872204;0.027126146632249437;0.9932885906040269
2;10;-1.5752051367275999;-1.5347048462459116;0.9798657718120806
3;1;1.0;1.0;1.0
3;2;1.0;1.0;1.0
3;3;1.0;1.0;1.0
3;4;1.0;1.0;1.0
3;5;1.0;1.0;1.0
3;6;1.0;1.0;1.0
3;7;1.0;1.0;1.0
3;8;1.0;1.0;1.0
3;9;1.0;1.0;1.0
3;10;1.0;1.0;1.0
4;1;0.6236454859552432;0.6249736932651808;1.0
4;2;0.5328174461232907;0.533437460668528;1.0
4;3;0.27425112960565623;0.278793868404942;1.0
4;4;0.43938709364453;0.4401201578148497;1.0
4;5;-0.027434302997603632;-0.00043858759544224135;1.0
4;6;0.5387522724011128;0.5389182114291633;1.0
4;7;0.6957236897889045;0.6957766955618918;1.0
4;8;-0.12249568817488599;-0.07734490698724006;1.0
4;9;0.2749393423418127;0.2807076324445005;1.0
4;10;0.06328821488457259;0.07155956249282225;1.0
5;1;0.1538574483001819;0.16077428629369783;1.0
5;2;0.13771949562278152;0.13846774944153073;1.0
5;3;0.1270465654026922;0.1317987216305725;1.0
5;4;0.13159158383724223;0.1325927648618761;1.0
5;5;0.1635341414663266;0.1954178797535614;1.0
5;6;0.089340019483516;0.10437224089761843;1.0
5;7;0.1210959566727362;0.12172563665755365;1.0
5;8;0.0732967185210136;0.07804010282778406;1.0
5;9;0.15511516418065374;0.1557246781393533;1.0
5;10;0.11701850429589378;0.11702849732228604;1.0
6;1;0.44782288273388793;0.4545033094909675;0.9865771812080537
6;2;0.05518302864397073;0.05933907659456239;0.9865771812080537
6;3;-0.4257105664699907;-0.33607573945471114;1.0
6;4;0.19714160352912447;0.19847009106032076;0.9731543624161074
6;5;0.26012984485142243;0.26505545196144653;0.9798657718120806
6;6;0.08471796777856344;0.08931535222446452;0.9798657718120806
6;7;0.5399031242426475;0.5586147296314922;1.0
6;8;-0.21618446546744297;-0.201143896426897;0.9798657718120806
6;9;-0.5164023763649723;-0.5164016695084122;0.959731543624161
6;10;0.09227332719055359;0.10026729824070835;0.9731543624161074
7;1;0.39954732350935007;0.4036692045268955;0.9731543624161074
7;2;0.043496387176043094;0.04707933023118671;0.9932885906040269
7;3;-6.518424494933293;-6.2204706204347415;0.9932885906040269
7;4;0.4150974037188615;0.41544270936787486;0.9932885906040269
7;5;0.3441971949370196;0.4010905375405094;0.9932885906040269
7;6;0.425836059489596;0.4295675016583701;0.9731543624161074
7;7;0.1398713190764056;0.14010798936196567;0.9731543624161074
7;8;0.39018932617399493;0.39645378259095576;0.9865771812080537
7;9;0.7567501576228621;0.7616901890007325;0.9731543624161074
7;10;-2.862419138697161;-2.7131508403021405;0.9865771812080537
8;1;0.0;0.0;1.0
8;2;0.0;0.0;1.0
8;3;0.0;0.0;1.0
8;4;0.0;0.0;1.0
8;5;0.0;0.0;1.0
8;6;0.0;0.0;1.0
8;7;0.0;0.0;1.0
8;8;0.0;0.0;1.0
8;9;-0.006756756756756799;0.0;1.0
8;10;0.0;0.0;1.0
9;1;0.9364214906585194;0.9364901823256944;1.0
9;2;0.6935438949489401;0.6942896967910157;0.9932885906040269
9;3;0.7316632547814172;0.7317970602386187;1.0
9;4;0.5497647061442894;0.5497751413186143;1.0
9;5;0.8208504583660214;0.820853785853652;0.9932885906040269
9;6;0.868594856989452;0.8686045778003406;1.0
9;7;0.8033394270749372;0.803481442932008;0.9932885906040269
9;8;0.8462127406437546;0.8462158865153987;1.0
9;9;0.7251419477967158;0.7255427716866683;0.9798657718120806
9;10;0.8399895257521505;0.852061480662445;1.0
10;1;0.6469437088191861;0.648679711887681;0.9731543624161074
10;2;-0.3640186937815051;-0.35054721466221617;0.9798657718120806
10;3;-0.09472780296771877;0.1900827297404174;1.0
10;4;0.2697509054689091;0.27740104625391315;0.9798657718120806
10;5;0.4263678987801225;0.42901246198714005;0.9798657718120806
10;6;0.9334726119700182;0.9366005000063311;0.9932885906040269
10;7;-20.979184181506554;-20.366187753396733;0.9865771812080537
10;8;-4.741749174864404;-4.703340178300494;0.9865771812080537
10;9;0.04277243984138168;0.04670842128635466;0.9865771812080537
10;10;-0.6525672394282522;-0.6233619515450342;0.9798657718120806
11;1;-0.02445227327882704;-0.022862723051238598;0.9932885906040269
11;2;-0.0009114558323282118;0.003949474314674295;0.9865771812080537
11;3;-0.007766462610646396;-0.0033009011067830496;0.9932885906040269
11;4;0.35363472922002004;0.3544320147322181;1.0
11;5;0.3750191458520239;0.37502279201406796;0.9932885906040269
11;6;-4.854712574882844;-4.793996940467706;0.9865771812080537
11;7;0.07103059133266154;0.07748328100504687;0.9865771812080537
11;8;0.17791880312762098;0.1783665606773367;0.9932885906040269
11;9;0.16378274112096836;0.16646317924884324;0.9865771812080537
11;10;-1.2636772134729748;-1.2631887940292241;0.9798657718120806
12;1;0.6119016796039428;0.6158182082511156;1.0
12;2;0.20908642968043412;0.21018422517298685;0.9932885906040269
12;3;0.15103468340867132;0.1565849789361815;0.9865771812080537
12;4;0.5240664520112635;0.5360816689892403;1.0
12;5;0.5831979324059997;0.5856609284606153;0.9932885906040269
12;6;0.2473816444090673;0.248892811228013;0.9865771812080537
12;7;0.29964470439845126;0.3423044411881282;1.0
12;8;0.4771166944137668;0.5039198506040568;0.9932885906040269
12;9;0.21818220583334735;0.22265524810948356;0.9865771812080537
12;10;0.040589281212095485;0.07875000494135376;1.0
13;1;-0.07377948542303447;-0.07333007667785618;1.0
13;2;0.1962160350520027;0.2071614048527658;1.0
13;3;0.08244125112285317;0.10513619927936235;1.0
13;4;0.07159192277694082;0.08520983344576905;1.0
13;5;-0.030297288760333663;0.017387349085142945;1.0
13;6;-0.016248174907099067;-0.014746363972353516;1.0
13;7;0.4128712202877156;0.4913943365264807;1.0
13;8;0.4123456991162717;0.41347290922635693;1.0
13;9;0.07451952511790605;0.07469092736697047;1.0
13;10;-0.11277811687352379;-0.051629507320857915;1.0
14;1;-238.95364811920493;-231.1847816880979;0.9798657718120806
14;2;0.0;0.0;0.9932885906040269
14;3;0.0027204863727648965;0.005796441057553392;0.9798657718120806
14;4;-0.11682310679345642;-0.04055448481362944;1.0
14;5;-19.43363784448546;-18.95323534308249;0.9932885906040269
14;6;-43.332729446055346;-41.74261055307734;0.9865771812080537
14;7;-37.56302638893898;-35.907775877493336;0.9932885906040269
14;8;-0.343139137039685;-0.33916823391339457;0.9731543624161074
14;9;0.8195707836695177;0.8302651019083418;0.9932885906040269
14;10;-83.98619183197536;-79.8736749819426;0.9865771812080537
15;1;0.7023341162318872;0.7023514601620602;1.0
15;2;0.7037040640112697;0.7120636233874035;1.0
15;3;0.7668946307151449;0.7668947537187636;1.0
15;4;0.6162535040223386;0.6177354529276786;1.0
15;5;0.8397229331530964;0.8397801110494644;1.0
15;6;0.7044577358716548;0.705478781201861;1.0
15;7;0.5382811224209425;0.5385658907888615;1.0
15;8;0.7606186540014043;0.7606456435272169;1.0
15;9;0.5724944415394193;0.5735068489017482;1.0
15;10;0.6328326283821368;0.6330021561626039;1.0
16;1;-0.01020192637856332;0.0033423912172245718;1.0
16;2;-0.04074353762846972;-0.03617999593590171;1.0
16;3;-0.06636270232252328;-0.06506348353952718;1.0
16;4;0.009850205967136483;0.01947494366329927;1.0
16;5;-0.00840703830373779;-0.008298148405374572;1.0
16;6;-0.0324717999652826;-0.020750279082214274;1.0
16;7;0.06389277271579752;0.06459960516972119;1.0
16;8;0.006506431942535418;0.007294212465115191;1.0
16;9;0.07726231127970518;0.07960161486833839;1.0
16;10;0.03328472631876689;0.037984106173517884;1.0
17;1;-0.034382110079276496;-0.02015730003438798;1.0
17;2;-0.08338418305103423;-0.07817337791384027;1.0
17;3;0.04678097962615979;0.049323539978030406;1.0
17;4;-0.07046368284211901;-0.061871862184711635;1.0
17;5;-0.023323242879097705;-0.0221635296072904;1.0
17;6;-0.036793674620525074;-0.033818912271514456;1.0
17;7;-0.20232988783822692;-0.12532992302306356;1.0
17;8;0.015321027584130231;0.016026860935835496;1.0
17;9;-0.012548571465896163;-0.012000619933773882;1.0
17;10;-0.001193965859072721;0.002269451842443315;1.0
18;1;0.4196808087290147;0.42491580831983833;0.9798657718120806
18;2;0.2326148032582186;0.23305483506206004;0.9865771812080537
18;3;-0.05454429856970022;0.004951076796384957;1.0
18;4;0.46373265534000885;0.4644243385884359;0.9798657718120806
18;5;0.355147324103014;0.3617591236311577;0.9798657718120806
18;6;0.4619279072618755;0.4640817787040078;0.9798657718120806
18;7;0.5150541449466199;0.5324719319824245;1.0
18;8;-2.495311833381148;-2.4421750490321363;0.9798657718120806
18;9;0.24834986590372965;0.2495220951191457;0.9932885906040269
18;10;0.2812810494985801;0.2887280146464607;0.9865771812080537
19;1;0.27681149679696737;0.2864886321381166;0.9664429530201343
19;2;-0.09603484254633354;-0.08488671634223177;0.9865771812080537
19;3;-0.009978299546981484;-0.007531071874084638;0.9932885906040269
19;4;-0.00012355191376411945;0.0025262931607417105;0.9932885906040269
19;5;0.39707495850916874;0.403938150872874;0.9731543624161074
19;6;0.24856329178247805;0.25411724716167206;0.9798657718120806
19;7;0.4582770482126901;0.5178670612777956;0.9932885906040269
19;8;-6.220824923037871;-6.079386694581285;0.9932885906040269
19;9;-0.3143918298399091;-0.2712225319231818;0.9798657718120806
19;10;0.19395047231825957;0.19543171233512813;0.9865771812080537
20;1;0.1569268664831548;0.15942380142135404;0.9932885906040269
20;2;0.5907018286030601;0.5907095947429517;1.0
20;3;0.4108882364256171;0.4109331402887533;1.0
20;4;0.5484914707248003;0.5485773750052663;1.0
20;5;0.5927052470449962;0.6058508606820752;1.0
20;6;0.26095914961627464;0.2635921480971848;1.0
20;7;0.17068241199204115;0.17138655548534254;1.0
20;8;0.3506612055099425;0.36398608442808356;1.0
20;9;0.5403249151335227;0.5403965580321973;1.0
20;10;0.37612627227741235;0.3768470947178473;1.0
21;1;0.41496335050620337;0.4162584070409451;0.9932885906040269
21;2;0.10655755062245642;0.10961966114594712;1.0
21;3;0.4240335378517972;0.4245497921694362;1.0
21;4;-1.5070894895094633;-1.4978937744119842;0.9865771812080537
21;5;0.3549267189802441;0.35508821958095504;0.9798657718120806
21;6;0.12103949136576952;0.12295348618684177;0.9932885906040269
21;7;0.3971845225772126;0.3990933689558248;0.9865771812080537
21;8;0.4770603176207592;0.48549009543708144;0.9798657718120806
21;9;-0.09240942154175835;-0.09236755977925837;0.9865771812080537
21;10;-1.336404994462339;-1.2166083692804284;1.0
22;1;0.5986093183486301;0.5986626583008234;1.0
22;2;0.43566337745820094;0.4381342323302887;1.0
22;3;0.6100473184209058;0.6101576818950065;1.0
22;4;0.5279646142209424;0.5318427645110473;1.0
22;5;0.740209187067917;0.7406324101826023;1.0
22;6;0.7749314276181418;0.7761174897045324;1.0
22;7;0.636287236009362;0.6366892789010234;1.0
22;8;0.7758633397385114;0.775933929925917;1.0
22;9;0.589967870039142;0.5972558407243846;1.0
22;10;0.7730343369440645;0.7735928399082008;1.0
23;1;0.17253943868850874;0.17423628614525621;0.9865771812080537
23;2;-0.09457764294073989;-0.09456692688358959;0.9932885906040269
23;3;-3.247762073590673;-2.929721348941979;0.9865771812080537
23;4;0.426995714301761;0.4358270325602207;0.9865771812080537
23;5;0.5480659778401513;0.5481580871721061;0.9865771812080537
23;6;0.8169666911124219;0.8169681248893739;1.0
23;7;-0.24208458352579676;-0.2416704282212523;0.9798657718120806
23;8;0.21253512728958823;0.2156801078939039;0.9798657718120806
23;9;-0.004325998019801824;0.003610945334015514;0.9865771812080537
23;10;0.03108437003095943;0.03753943254819336;0.9932885906040269
24;1;0.4446604999469924;0.46123439026563795;0.9865771812080537
24;2;-0.04350939569305945;-0.043410536930337695;0.9865771812080537
24;3;-0.10286502784010221;-0.094093901484684;0.9932885906040269
24;4;0.43634377455773177;0.43723834436473874;0.9731543624161074
24;5;-6.954033307968408;-6.840314793311883;0.9731543624161074
24;6;0.23146816326350905;0.24300465823391126;0.959731543624161
24;7;0.5866734724392797;0.5880326146803185;0.9865771812080537
24;8;0.2956444639610286;0.30062475999988403;0.9865771812080537
24;9;0.15322463408539766;0.1614340485041611;0.9865771812080537
24;10;-28.45654714819422;-27.984239127977485;0.9798657718120806
25;1;-6.176551150528782;-5.963505099651273;0.9798657718120806
25;2;0.3143673523513877;0.3208776763230705;0.9932885906040269
25;3;0.2570480709524249;0.2590701657322265;0.9865771812080537
25;4;0.07581994705640627;0.07605798518850104;0.9798657718120806
25;5;0.17081905370107853;0.1708823058837473;0.9664429530201343
25;6;0.49548108286566894;0.49548227501738107;0.9865771812080537
25;7;-18.87306392734609;-18.38226166336409;0.9932885906040269
25;8;0.22755608226053836;0.24839651414175923;0.9932885906040269
25;9;0.08610184761476114;0.09044841762765932;0.9865771812080537
25;10;0.47620221801339224;0.48788729498987116;0.9932885906040269
26;1;-0.10822152623084036;-0.10697535225520283;0.9865771812080537
26;2;-16.84379229387341;-16.377378186178866;0.9865771812080537
26;3;-0.4122078357435779;-0.35197441500597004;1.0
26;4;0.08043533830055938;0.0822260230944093;0.9798657718120806
26;5;-1.7632469911211994;-1.736383008264378;0.9798657718120806
26;6;-4.8822829875121;-4.83003165509384;0.9731543624161074
26;7;0.25094548445411236;0.2510975263203953;0.9932885906040269
26;8;-0.8030271448105508;-0.802639096421474;0.9664429530201343
26;9;-0.15482927111393363;-0.15393445902181657;0.9731543624161074
26;10;-0.352232837974104;-0.3511223129827552;0.9865771812080537
27;1;-0.0039311318758237235;0.009007355232051206;1.0
27;2;0.39840730722866347;0.4030333129589132;1.0
27;3;-0.7227076164413047;-0.7221617487835228;1.0
27;4;0.05434999046410227;0.06953336237320384;1.0
27;5;0.03185339911742424;0.033923710319137323;1.0
27;6;0.02947498401002613;0.03472937450162428;1.0
27;7;0.025346161370322418;0.025856733651989705;1.0
27;8;-0.14583375493397788;-0.14561847006145312;1.0
27;9;-0.30709494824567507;-0.3066724521074493;1.0
27;10;0.25700884182360184;0.26937052643479376;1.0
28;1;-0.6541254732420916;-0.6533747368775182;0.9798657718120806
28;2;0.08151298645000271;0.08584551842171728;0.9798657718120806
28;3;0.12436576910383434;0.12931648035797705;0.9865771812080537
28;4;0.07568871134469357;0.07628734839159612;0.9865771812080537
28;5;-0.6005214067571882;-0.5819053624166539;0.9798657718120806
28;6;-0.8703983235287811;-0.841551299830783;0.9731543624161074
28;7;0.06070911907900667;0.06671151650271268;0.9731543624161074
28;8;-0.23452418190153113;-0.23371307104924255;0.9798657718120806
28;9;0.05850482099437104;0.06200107220925366;0.9664429530201343
28;10;-0.5099916850228006;-0.508435057624667;0.9731543624161074
29;1;0.5891276349953425;0.600545456983542;1.0
29;2;0.8246410938138639;0.8258452965212529;1.0
29;3;0.9188086806801454;0.9260644245617802;1.0
29;4;0.02630860620039155;0.031024787524154718;0.9865771812080537
29;5;0.2114214333806188;0.22400269898842828;1.0
29;6;0.2928330839939538;0.2941263127487851;0.9865771812080537
29;7;-2.0872136241547183;-2.0234954248567503;0.9932885906040269
29;8;0.12087819872092231;0.12777970462745947;0.9731543624161074
29;9;-0.01255814115616194;-0.0026364999036896375;0.9865771812080537
29;10;-0.6691860557271059;-0.6519613700415523;1.0
30;1;0.8113444800471827;0.8177629466729877;1.0
30;2;0.7942758136128818;0.7943394451716229;1.0
30;3;0.6604364126234525;0.660732295816694;1.0
30;4;0.8477025425533411;0.8482154680356603;1.0
30;5;0.7459204886872808;0.747699845225156;1.0
30;6;0.785128321592772;0.7871514700917291;1.0
30;7;0.8395500965205536;0.8402645264810469;1.0
30;8;0.7684345670482173;0.768779825472284;1.0
30;9;0.5969524307251611;0.597188370386746;1.0
30;10;0.4420522938028624;0.44327269958154836;1.0
31;1;-0.576497778455368;-0.567662663867335;0.9798657718120806
31;2;0.1197046796692044;0.12045082701576804;0.9932885906040269
31;3;-21.811541439074812;-21.187695962602344;0.9865771812080537
31;4;0.4393470825570295;0.47342373404156624;0.9932885906040269
31;5;-1.528204844929122;-1.5089973146614595;0.9664429530201343
31;6;0.22180584900602085;0.22224238884890457;0.9865771812080537
31;7;0.10236052282265429;0.10589610565318142;0.9932885906040269
31;8;0.3810057160514967;0.3836815480866669;0.9865771812080537
31;9;0.4200326392748286;0.4250948864040397;0.9865771812080537
31;10;-1.6381043726296811;-1.5630362021629445;0.9932885906040269
32;1;0.7206916329410931;0.7206966900727602;1.0
32;2;0.8796958086999508;0.8798617386719821;1.0
32;3;0.8746155942671765;0.8750189161849852;1.0
32;4;0.7928846679204701;0.7934323481759885;1.0
32;5;0.8207726409882468;0.8211928936936144;1.0
32;6;0.8203699576819833;0.8204323788998527;1.0
32;7;0.6814302221921293;0.6822571131521749;1.0
32;8;0.8978011704054496;0.9012439326087144;1.0
32;9;0.8594863483302025;0.8600090427492466;1.0
32;10;0.8012391763215914;0.8012496441028312;1.0
33;1;0.8126504318044493;0.8127378968795889;1.0
33;2;0.8561761584450553;0.8562703896646184;1.0
33;3;0.8614211358138525;0.8614653673912636;1.0
33;4;0.883286127725101;0.8836048217694124;1.0
33;5;0.8106847502978253;0.8111225672546989;1.0
33;6;0.7531750932614621;0.7543631383623204;1.0
33;7;0.8576836292774441;0.8581155550964619;1.0
33;8;0.8334075055630642;0.8338819719505075;1.0
33;9;0.7609819499494;0.7611713541953816;1.0
33;10;0.7400265491760445;0.7406947367701284;1.0
34;1;0.7511504624326361;0.7522410458136171;1.0
34;2;0.5259053048942746;0.5261541727642265;1.0
34;3;0.7382998846444764;0.7384345679038233;1.0
34;4;0.4058290560811435;0.407078263305072;1.0
34;5;0.7884643846036216;0.7884668183517038;1.0
34;6;0.5093873638632952;0.5114068004653706;1.0
34;7;0.7084037956971823;0.714738290216708;1.0
34;8;0.7441040023705692;0.7442047007926668;1.0
34;9;0.711884531619351;0.7130492895476157;1.0
34;10;0.44015767641636305;0.44283845154014967;1.0
35;1;1.0;1.0;1.0
35;2;1.0;1.0;1.0
35;3;1.0;1.0;1.0
35;4;1.0;1.0;1.0
35;5;1.0;1.0;1.0
35;6;1.0;1.0;1.0
35;7;1.0;1.0;1.0
35;8;1.0;1.0;1.0
35;9;1.0;1.0;1.0
35;10;1.0;1.0;1.0
36;1;0.6931900423604987;0.6952114091563548;1.0
36;2;0.7962407832236682;0.7966620454453914;1.0
36;3;0.765280441072486;0.7672336539097497;1.0
36;4;0.6522503607899328;0.6551137056823866;1.0
36;5;0.73085216876651;0.7339244441539163;1.0
36;6;0.9318841637231909;0.9322923194331203;1.0
36;7;0.8307723959269462;0.8336848917160911;1.0
36;8;0.22271588585819269;0.2239338973510434;1.0
36;9;0.8436549520132455;0.8448479703809049;1.0
36;10;0.6545929092451308;0.6545995705244299;1.0
37;1;0.14576040476796615;0.1467837371359253;0.9932885906040269
37;2;0.7988193784799242;0.8039819712531322;1.0
37;3;0.8383077779720741;0.8391900525885723;0.9932885906040269
37;4;0.6569805588547954;0.6572675238671791;1.0
37;5;0.8448772407013039;0.8486533540399755;1.0
37;6;0.5400180323570078;0.5435344136814557;0.9932885906040269
37;7;0.6872269238608555;0.6876433318324984;1.0
37;8;0.6713556400957998;0.6721932899384073;0.9932885906040269
37;9;0.5257797606743132;0.5298890252027548;1.0
37;10;0.6838693307205213;0.690499917512281;1.0
38;1;0.06971205045556428;0.13117480429122352;0.9865771812080537
38;2;0.31475751695830767;0.3314148164374564;0.9932885906040269
38;3;-0.2514296039771595;-0.22158116724652266;1.0
38;4;0.03544691223613694;0.03548145886368881;0.9865771812080537
38;5;0.17387590397682773;0.1786892958874723;0.9865771812080537
38;6;-0.08571337378536925;-0.085713353507187;0.9731543624161074
38;7;0.1868426865384475;0.18919617246571796;0.9932885906040269
38;8;-0.12540261988402102;-0.12445628246342189;0.9731543624161074
38;9;0.011866094177462205;0.01679025694017644;0.9865771812080537
38;10;-0.001301033572575383;-0.00035124447407830495;0.9932885906040269
39;1;0.017024687482555922;0.017162458861353036;1.0
39;2;-0.043672153971740846;-0.042361786994140616;1.0
39;3;0.10552633755646945;0.1067554586797832;1.0
39;4;0.08544123872217446;0.08579841112998354;1.0
39;5;0.11016870721058425;0.11222231598287657;1.0
39;6;0.08993043388072164;0.09093101264353487;1.0
39;7;0.03958143648863188;0.03959665326885331;1.0
39;8;-0.09764823065742378;-0.09420727248594885;1.0
39;9;0.007896174558805091;0.015386049920679268;1.0
39;10;0.041435226826846416;0.04146667462140641;1.0
40;1;0.11180782166595615;0.11217634346923033;0.9664429530201343
40;2;-0.42635008389407747;-0.38398618544367946;0.9865771812080537
40;3;-0.043374068425732215;0.1900076119578813;1.0
40;4;0.4388601031209727;0.43906319865025767;0.9932885906040269
40;5;0.36255709880343423;0.3675612282915044;0.9865771812080537
40;6;0.4579123071757879;0.4612776262846402;0.9865771812080537
40;7;0.01622744230741624;0.024061174548224762;0.9865771812080537
40;8;8.450157092088073e-05;0.00635481899391277;0.9798657718120806
40;9;0.798708211361423;0.7996651122081473;0.9932885906040269
40;10;-2.5088895263488307;-2.4940425038786276;0.9731543624161074
41;1;-0.0026206235829815405;-0.0025371148870916294;1.0
41;2;-0.05357318034568159;-0.04097050638956401;1.0
41;3;0.0;0.0;1.0
41;4;-0.12325541089479808;-0.10109114502972028;1.0
41;5;0.0;0.0;1.0
41;6;0.0;0.0;1.0
41;7;0.0;0.0;1.0
41;8;-0.04517972087265498;-0.037283029104548504;1.0
41;9;-0.006585118355087349;-0.003655306009018311;1.0
41;10;-0.01064088074505154;-0.0005609412326652574;1.0
42;1;1.0;1.0;1.0
42;2;1.0;1.0;1.0
42;3;1.0;1.0;1.0
42;4;1.0;1.0;1.0
42;5;1.0;1.0;1.0
42;6;1.0;1.0;1.0
42;7;1.0;1.0;1.0
42;8;1.0;1.0;1.0
42;9;1.0;1.0;1.0
42;10;1.0;1.0;1.0
43;1;0.8109755422726361;0.8120141698195232;0.9932885906040269
43;2;0.9048540234244572;0.9050139017140617;0.9932885906040269
43;3;0.77406759399857;0.776054315261108;1.0
43;4;0.8581714044058926;0.8582986620750694;1.0
43;5;0.7323707362275336;0.7339870027322436;1.0
43;6;0.657192024062798;0.6607179947639388;0.9865771812080537
43;7;0.9400262334782242;0.9403844285648404;1.0
43;8;0.9143549976067985;0.91451077247085;1.0
43;9;0.906575383411534;0.9067129676132688;1.0
43;10;0.9086764213605893;0.9088073114152224;1.0
44;1;-0.2591423358184848;-0.19351481005059545;1.0
44;2;-0.5610430898088314;-0.5449928273372784;0.9932885906040269
44;3;-0.04396889298267759;-0.024206961081910672;1.0
44;4;0.19520547207176453;0.19800819328430375;0.9932885906040269
44;5;0.1738765672067818;0.18737988851535825;0.9932885906040269
44;6;-0.3238394284020998;-0.2468400062748788;1.0
44;7;-0.2417740553366159;-0.23831298114646082;0.9932885906040269
44;8;0.1564844040345672;0.1581178554204805;0.9798657718120806
44;9;-0.009491590530691374;-0.00469018867802018;0.9865771812080537
44;10;-1.6139367978535866;-1.4622400397013466;0.9932885906040269
45;1;0.1284509338108003;0.13107795680571444;0.9932885906040269
45;2;0.019603344953292856;0.020114833945307997;0.9865771812080537
45;3;-0.159167576320566;-0.15301335753409662;0.9932885906040269
45;4;-9.390379201652733;-9.249129813455186;0.9865771812080537
45;5;-31.880212145521597;-31.540816679436105;0.9865771812080537
45;6;0.05050679171123129;0.06540997427881456;0.9731543624161074
45;7;0.29323143252009976;0.297383899126876;0.9932885906040269
45;8;0.4184871498050071;0.42692058560472423;0.9932885906040269
45;9;-0.01740508125067941;-0.01681731427177291;0.9865771812080537
45;10;0.46467084405253156;0.4653009070342975;1.0
46;1;0.0031701374839644414;0.003538177971814549;1.0
46;2;0.01830081013869911;0.025040050341970876;1.0
46;3;-0.001795687795980827;0.008730458776025074;1.0
46;4;0.01029291164817836;0.012842170477013859;1.0
46;5;-0.037600605183254254;-0.00984138592597561;1.0
46;6;0.03113800640363029;0.031202088373973647;1.0
46;7;-0.01674618212428758;0.003396709834731948;1.0
46;8;-0.6378926153356501;-0.45281852143173595;1.0
46;9;-0.0015323527590398456;-0.0014274206845543702;1.0
46;10;0.0006695228165431999;0.009660899905244102;1.0
47;1;0.40304225327702137;0.40408259155149595;1.0
47;2;0.21148463829350017;0.21433447619101498;1.0
47;3;0.5298453658382947;0.5301047959720471;1.0
47;4;0.6526584390975891;0.6561479754550785;1.0
47;5;0.6500578241652306;0.6516395678649068;1.0
47;6;0.6627078512348185;0.6647372348870312;1.0
47;7;0.22020148036224307;0.22836453453418581;1.0
47;8;0.749853362250237;0.7558513102783435;1.0
47;9;0.585674261178237;0.5875709695305776;1.0
47;10;0.34854899115892846;0.3488521020657077;1.0
48;1;-0.46319729589398895;-0.46318989213962536;0.9865771812080537
48;2;0.21230685752193756;0.21490661925782972;0.9865771812080537
48;3;0.21399165753835747;0.21582166688676774;0.9865771812080537
48;4;0.3543588680265439;0.35446973386811664;0.9932885906040269
48;5;0.32667218437583323;0.32674210644638435;0.9798657718120806
48;6;-1.2586842703056877;-1.255432030680267;0.9798657718120806
48;7;0.15517679603396406;0.16214313919966283;0.9865771812080537
48;8;-0.6388020470978342;-0.6342217744120502;0.9865771812080537
48;9;0.06615239514604743;0.07066417936415537;0.9798657718120806
48;10;-1.7761876728256452;-1.7756701160368906;0.9798657718120806
49;1;0.8810122328235962;0.8864902268890928;1.0
49;2;0.5432079639265371;0.5455047109217093;1.0
49;3;0.8909974389775749;0.9059221329820708;1.0
49;4;0.8144858139422035;0.8358824508345646;1.0
49;5;0.8721994315833991;0.8837891325998924;1.0
49;6;0.8798984356112477;0.8852554048064405;1.0
49;7;0.41731498622526475;0.45317291477440924;1.0
49;8;0.8960629374742324;0.9018466995668999;1.0
49;9;0.9100371859925062;0.9151552740509737;1.0
49;10;-0.004963263965254594;0.0021492550991044634;0.9932885906040269
50;1;0.9003742880047089;0.9013064521987513;1.0
50;2;0.7489006098950834;0.7510168290258145;1.0
50;3;0.8953928943129993;0.8954109373775482;1.0
50;4;0.916026324432096;0.9161114850270591;1.0
50;5;0.2569038386340452;0.26058527112314145;0.9932885906040269
50;6;0.518642719055765;0.5208925704039267;0.9932885906040269
50;7;0.8613596419338408;0.8634573183193666;1.0
50;8;0.45255653129946116;0.46196885237856367;0.9932885906040269
50;9;0.3653509018653667;0.37335958204275865;0.9932885906040269
50;10;0.9020045177278418;0.9026282201913155;1.0
51;1;0.003324406117732881;0.003328888382226447;0.9932885906040269
51;2;0.06172060759409581;0.062495710907687685;0.9865771812080537
51;3;0.08428555177389241;0.08431388188105815;0.9932885906040269
51;4;0.1890797169163415;0.1915062537758886;0.9798657718120806
51;5;-0.25398060594314975;-0.2538989232411397;0.9731543624161074
51;6;0.550697157489511;0.5655083466199411;1.0
51;7;-0.055770279193352534;-0.05169197336630771;0.9798657718120806
51;8;0.05160218122797644;0.05641142219740258;0.9865771812080537
51;9;0.27900966799159743;0.281446928673067;0.9865771812080537
51;10;0.0400738295933577;0.04131430086478749;0.9932885906040269
52;1;0.16090687285918104;0.17234791237089864;0.9798657718120806
52;2;-3.5719944272703303;-3.452960775873944;0.9865771812080537
52;3;0.24071592238381911;0.24448291581643233;1.0
52;4;0.30568998137706216;0.30651340975232877;0.9932885906040269
52;5;0.038650951207331974;0.041284451165597424;0.9731543624161074
52;6;0.14166004094219475;0.1423159378736616;0.9731543624161074
52;7;-0.1038875709810656;-0.10135299511796259;0.9798657718120806
52;8;0.26257603288992426;0.2671202996758304;0.9798657718120806
52;9;-3.10276951463105;-3.0246082569080723;0.9865771812080537
52;10;-0.41752670686087634;-0.41539214154351645;1.0
53;1;-0.0064545516187635155;-0.00550779287861447;0.9798657718120806
53;2;-1.0690644602658637;-1.0685369133534173;0.9865771812080537
53;3;-2.6100078595844853;-2.5935598095560803;0.9798657718120806
53;4;0.3418870228065014;0.3453812092248072;0.9865771812080537
53;5;-0.8874300741582319;-0.8840352008657195;0.9865771812080537
53;6;-0.5503245456913624;-0.459713916341717;0.9932885906040269
53;7;-0.03348384661997095;-0.031324874099065037;0.9865771812080537
53;8;0.12430961915236982;0.12870212440697015;0.9798657718120806
53;9;0.1927241764098393;0.19384564875597743;0.9798657718120806
53;10;0.19813260257591248;0.20294443314131683;0.9865771812080537
54;1;0.778689084596921;0.779306278381294;1.0
54;2;0.5270546781818597;0.5313052496833542;1.0
54;3;0.796977580479308;0.7992730743431437;1.0
54;4;0.6664404833468864;0.6704553055079283;1.0
54;5;0.8378778410805348;0.8384722780800342;1.0
54;6;0.7134141047037206;0.718268470129076;0.9932885906040269
54;7;0.8975714653864183;0.897922082119124;1.0
54;8;0.9397894569782557;0.93997172942448;0.9932885906040269
54;9;0.8167939938037048;0.8178316286510169;1.0
54;10;0.5933488554493374;0.595226120800727;1.0
55;1;0.008335616696531378;0.00860933920589757;1.0
55;2;0.09290822718397351;0.09300061833928541;1.0
55;3;0.007247932583868022;0.01667878854281768;1.0
55;4;0.04585507760041685;0.04900760169036189;1.0
55;5;0.045434678458546984;0.04561245231783562;1.0
55;6;-0.0017347810831462862;0.002257110105229221;1.0
55;7;0.04904004459099709;0.06460627185293366;1.0
55;8;-0.055678341844078494;-0.04739214416045279;1.0
55;9;0.08270046991975755;0.08383915947365084;1.0
55;10;-0.05527962179161272;-0.054583406475363416;1.0
56;1;-1.088050715451455;-1.0616220147149322;0.9530201342281879
56;2;-2.155262175007728;-2.014480132501316;0.9865771812080537
56;3;-0.1381514722237278;-0.10784017493999065;1.0
56;4;-2.2048003531076565;-1.9968450294956246;0.9798657718120806
56;5;-0.5602090733252896;-0.5488582728018339;0.9798657718120806
56;6;-0.14611320396388883;-0.14392098986672952;0.9664429530201343
56;7;-4.507056273854142;-4.3935921660837325;0.9798657718120806
56;8;0.14186557233187735;0.1503161812192203;0.9798657718120806
56;9;0.11689552701128658;0.11760474496345907;0.9798657718120806
56;10;-7.493133119260735;-7.3507659880436425;0.9932885906040269
57;1;0.00025670219188023147;0.015602948582638443;1.0
57;2;0.01037846024188882;0.010519787957831372;1.0
57;3;0.043445291267659836;0.04348255517104582;1.0
57;4;0.01682795956706229;0.027825509228147305;1.0
57;5;0.13524030773449947;0.13686937235426222;1.0
57;6;-0.05424509254972931;-0.01834407968784979;1.0
57;7;-0.010072305650864477;-0.007623523991141967;1.0
57;8;-0.004083831652170078;-0.003846125288005098;1.0
57;9;0.0;0.0;1.0
57;10;0.008951505246090674;0.008970123308076117;1.0
58;1;0.4584461229705331;0.45894124050484;0.9932885906040269
58;2;0.02161150284137714;0.025921757166621706;0.9932885906040269
58;3;0.5594828652936685;0.560100341616922;1.0
58;4;0.5529939831675068;0.5536247165295487;1.0
58;5;0.5368923297829531;0.5370969429708516;1.0
58;6;0.5109632568134919;0.5173831072842641;1.0
58;7;0.5722953503332947;0.574251607877889;1.0
58;8;0.5638659573023708;0.564617518642866;1.0
58;9;0.4755946803230071;0.47708026770912015;1.0
58;10;0.5408986372207446;0.5408995427730514;1.0
59;1;0.34427484820045573;0.35167333972358705;0.9731543624161074
59;2;0.04480994755752321;0.045370724290877185;0.9865771812080537
59;3;-65.82609841057733;-64.78041466544305;0.9932885906040269
59;4;0.47599131750633106;0.4787871618228443;0.9865771812080537
59;5;0.7574619417192121;0.7575580701223876;0.9865771812080537
59;6;0.6194655417712487;0.6213373851300814;0.9798657718120806
59;7;-16.550761784801413;-16.210655106436857;0.9731543624161074
59;8;-0.3342130807279202;-0.3342048388547718;0.9798657718120806
59;9;0.3678932160299667;0.36817642625370506;0.9865771812080537
59;10;-6.855828739108872;-6.8040244984525335;0.9731543624161074
60;1;0.12620628462541628;0.18102931031643887;0.9865771812080537
60;2;0.0729669094465023;0.09576397442229145;1.0
60;3;-0.20787036131772552;0.11256414728268116;1.0
60;4;0.2518552153080088;0.2539717826447129;0.9865771812080537
60;5;0.3742929543134056;0.3766006758011051;0.9798657718120806
60;6;0.789652265321991;0.7896603030590714;0.9932885906040269
60;7;0.29099808981705044;0.33259256076853994;0.9932885906040269
60;8;0.22052017702647253;0.22883400389225927;0.9731543624161074
60;9;0.019152442708012973;0.029723119759645145;0.9865771812080537
60;10;0.7649209408376381;0.766060741599505;1.0
61;1;0.8698502816191782;0.8698534808982357;1.0
61;2;0.6586857197178051;0.6612705970078204;1.0
61;3;0.8751477430222617;0.8775919012940832;1.0
61;4;0.8225710726226517;0.8244608387038834;1.0
61;5;0.8596778866886127;0.859715582548054;1.0
61;6;0.907130049188551;0.9091129615536987;1.0
61;7;0.7528945248871719;0.7543997438751592;1.0
61;8;0.8582277092387438;0.8586376185875246;1.0
61;9;0.8804917116822168;0.8804925931468667;1.0
61;10;0.9112512067468043;0.9113615053591909;1.0
62;1;0.06788307481205758;0.0711088008766827;0.9865771812080537
62;2;-0.17978635464724624;-0.15580069527305218;0.9932885906040269
62;3;-1.17121838890399;-0.8472069105002384;1.0
62;4;0.20233581403419265;0.22354995866813732;0.9932885906040269
62;5;0.25432991141412475;0.2741011812032961;0.9932885906040269
62;6;0.12343158316116531;0.12390200223834436;0.9798657718120806
62;7;0.5339418476225105;0.551607474004554;0.9932885906040269
62;8;0.16176001412568775;0.16488785545534135;0.9731543624161074
62;9;-0.008737729364524327;-0.002884609096353463;0.9865771812080537
62;10;-0.7294932345174774;-0.6228265551314061;1.0
63;1;0.4670932549761124;0.5183373921966055;1.0
63;2;-1.2525220118238267;-1.2433440945815408;1.0
63;3;0.5788052815750387;0.582077889668287;0.9932885906040269
63;4;0.6319512844155037;0.6354017351417169;1.0
63;5;0.9691658077087293;0.9694605253585685;1.0
63;6;0.6191128303909201;0.6209745220617715;1.0
63;7;-0.0023117812285171624;-0.002307002085799814;0.9932885906040269
63;8;-0.008162835131265256;0.002447063229971347;1.0
63;9;0.5419049606842256;0.544503669374448;1.0
63;10;0.07830245156593352;0.09934061820883411;1.0
64;1;0.0;0.0;1.0
64;2;-0.002329063528641928;0.002497452989205229;1.0
64;3;-0.01809217475074809;0.0019115500964703713;1.0
64;4;-0.002180593791173191;0.0030670733921327464;1.0
64;5;0.002071489662835213;0.002192249110905431;1.0
64;6;0.0;0.0;1.0
64;7;-0.0026034836081658685;0.003175061868821216;1.0
64;8;0.0;0.0;1.0
64;9;-0.009852877924492631;0.0021533692512051283;1.0
64;10;0.0;0.0;1.0
65;1;0.3586979710258653;0.360104170180099;0.9932885906040269
65;2;0.37064401088519616;0.3716476157334746;0.9865771812080537
65;3;0.3751637343640687;0.39462835505479854;1.0
65;4;0.34663912883547765;0.35826088928698085;0.9731543624161074
65;5;0.3022473504448602;0.30539141156423355;0.9865771812080537
65;6;-0.28439015086683184;-0.2699163385187202;0.9731543624161074
65;7;0.1343737684292281;0.1364713847514598;0.9865771812080537
65;8;-3.2330357192495844;-3.0603570279257397;0.9798657718120806
65;9;0.36069247893104717;0.3614595710555296;0.9932885906040269
65;10;0.2039796378491856;0.20872672369353118;0.9932885906040269
66;1;0.4982992399877709;0.49848245123267765;1.0
66;2;0.5350167702424792;0.5423351050365687;1.0
66;3;0.46988986879871664;0.46990241372816455;1.0
66;4;0.3017048035329698;0.3018083613372441;1.0
66;5;0.48226396028217955;0.4830222016185721;1.0
66;6;0.408427208750504;0.40877049481736916;1.0
66;7;0.46303007662950935;0.46912856239865397;1.0
66;8;0.4359519235609268;0.4396136742083747;1.0
66;9;0.4008304465442304;0.40311054795926227;1.0
66;10;0.4216248658923657;0.4218056583472345;1.0
67;1;-0.009222853057462066;-0.009137967771941202;1.0
67;2;-0.0021134789492454065;-0.0004763279176682733;1.0
67;3;0.0;0.0;1.0
67;4;0.0021132747783388917;0.0021174899367943922;1.0
67;5;-0.01114602894133876;-0.00041508775404630605;1.0
67;6;-0.006803031451006802;0.0011539538610461086;1.0
67;7;0.0;0.0;1.0
67;8;-0.016526993549368374;0.00016267518496393407;1.0
67;9;-0.018098039088943807;-0.018004577092965324;1.0
67;10;-0.009851036726169493;-0.007036844544079823;1.0
68;1;0.0;0.0;1.0
68;2;0.0;0.0;1.0
68;3;-0.01654876559211993;-0.008232778450605993;1.0
68;4;-0.010989080101937665;-0.008214840645188515;1.0
68;5;-0.017188847985142308;-0.008968922159350967;1.0
68;6;0.0;0.0;1.0
68;7;0.0;0.0;1.0
68;8;0.0;0.0;1.0
68;9;-0.020900800700796696;-0.002621072027700011;1.0
68;10;0.0;0.0;1.0
69;1;-0.9073046571005212;-0.8961273548441016;0.9865771812080537
69;2;0.8854742999723937;0.8865847348847093;1.0
69;3;-1.2537328849651868;-1.224962531174544;0.9865771812080537
69;4;-1.6634052407821982;-1.6197306161485319;0.9731543624161074
69;5;-1.0270936747201023;-1.0198992246135687;0.9664429530201343
69;6;-0.28564161850008807;-0.2853573465279866;0.959731543624161
69;7;0.07127716009529717;0.07228135353686638;0.9798657718120806
69;8;0.0350707576233279;0.036012229117503125;0.9932885906040269
69;9;-0.10116368886980509;-0.09950249909130449;0.9865771812080537
69;10;-0.41276728024671905;-0.4110831591293289;0.9731543624161074
70;1;0.05398551956079034;0.05440496638300729;1.0
70;2;0.003913410125549022;0.009978654889393201;1.0
70;3;-0.008491855038245344;-0.005865346851505082;1.0
70;4;0.07700767311092427;0.07701046884967977;1.0
70;5;0.1052347841256196;0.11355016747490299;1.0
70;6;0.05886686635979377;0.05949928356301459;1.0
70;7;0.10945082954134477;0.1128834016039082;1.0
70;8;0.07590097365807458;0.08226565668282049;1.0
70;9;0.0796733189217691;0.08828271727990045;1.0
70;10;0.013694317465226091;0.015390522196799816;1.0
71;1;0.7005476956399911;0.7007739494641774;1.0
71;2;0.6832503476964495;0.6892826080052573;1.0
71;3;0.774474579993477;0.7745382204523668;1.0
71;4;0.6610217683160793;0.6629461167396116;1.0
71;5;0.7930108439930817;0.7937470702376316;1.0
71;6;0.7180899098862015;0.7182117803160007;1.0
71;7;0.6316562593534572;0.6320765336391918;1.0
71;8;0.7829932831719374;0.7879595091032345;1.0
71;9;0.7007508382575491;0.7021990115851708;1.0
71;10;0.6996425024429311;0.7018104897283926;1.0
72;1;0.8247077869630239;0.8248553666129107;1.0
72;2;0.8309346677839452;0.832269056282527;1.0
72;3;0.8256789418703242;0.8336252357825282;1.0
72;4;0.8000749108929158;0.8020650709193492;1.0
72;5;0.8352047897286787;0.8352825750376889;1.0
72;6;0.7848312817501072;0.7867850165099153;1.0
72;7;0.9099841969362796;0.9099873994705762;1.0
72;8;0.6494929487933104;0.6532574562673938;1.0
72;9;0.8222503582910248;0.8231373929265212;1.0
72;10;0.6524075590938367;0.6524291717994759;1.0
73;1;-0.024309099556282243;-0.019378780971916143;0.9798657718120806
73;2;0.23084528882264765;0.2456263956404654;0.959731543624161
73;3;0.7444728427785949;0.7485503220441687;0.9932885906040269
73;4;0.7847052400571006;0.7886890543642497;0.9731543624161074
73;5;0.6003662276581012;0.6053667212121345;0.9865771812080537
73;6;-1.6906099957814829;-1.64391674410661;0.9731543624161074
73;7;0.5811453681851078;0.5832014307545282;0.9932885906040269
73;8;-0.3596590978972942;-0.3445711364720643;0.9932885906040269
73;9;0.9335683320979181;0.9336689650852196;0.9932885906040269
73;10;0.16392247952588201;0.1766200347413427;0.9731543624161074
74;1;0.10184186139996887;0.10275512947608423;0.9932885906040269
74;2;0.030886913091715984;0.039331221719511755;0.9865771812080537
74;3;0.7099337580037046;0.7350862087835357;1.0
74;4;-0.13582880423933785;-0.13567197859040991;0.9731543624161074
74;5;-2.7728166390443656;-2.738304036201041;0.9731543624161074
74;6;0.5425765127981489;0.5426021811171129;0.9932885906040269
74;7;0.7332806884388388;0.7404414854945012;0.9932885906040269
74;8;0.5333087219398795;0.5333610584159255;0.9932885906040269
74;9;0.6326133728728063;0.6331481806307588;0.9865771812080537
74;10;0.00901674428097321;0.011883578068635714;0.9932885906040269
75;1;-0.04844992673732196;-0.04264239854892482;1.0
75;2;-0.11139697568592766;-0.1106173105720667;1.0
75;3;-0.07094259498693023;-0.07060844339590866;1.0
75;4;-0.07935127811784226;-0.07922226326578707;1.0
75;5;-0.056986459426032976;-0.04116736057590886;1.0
75;6;-0.007900650731756942;-0.007616678750919759;1.0
75;7;0.020590196183385312;0.02152508714842727;1.0
75;8;-0.07733566086282284;-0.06835952815930657;1.0
75;9;-0.019898931019716848;-0.015191302483626101;1.0
75;10;-0.024738926219668222;-0.021214238755898895;1.0
76;1;-0.11299666477311554;-0.07991218092813934;0.9798657718120806
76;2;0.4437324758675679;0.44617342322815556;0.9865771812080537
76;3;0.4405583938847659;0.4405617137212612;0.9932885906040269
76;4;0.21430020594207455;0.21446614377949713;0.9932885906040269
76;5;0.3272595075436143;0.3362348204051987;0.9798657718120806
76;6;0.14258352347436754;0.14279291896177504;0.9664429530201343
76;7;0.25500212365702357;0.25519390730995384;0.9798657718120806
76;8;0.4867460396556754;0.4871444993873547;0.9798657718120806
76;9;0.08647456438678147;0.09236751612932981;0.9731543624161074
76;10;-0.002285280227730002;0.001071996934804531;0.9865771812080537
77;1;0.6975459777092334;0.7059318708772816;1.0
77;2;0.6971155044454254;0.6983146911379707;1.0
77;3;0.7883383722580605;0.7884384167418653;1.0
77;4;0.8828866579081602;0.883514955451405;1.0
77;5;0.6892183291726832;0.6930944753113225;1.0
77;6;0.7197753313063515;0.722674883449181;1.0
77;7;0.7052816166031903;0.705287268833336;1.0
77;8;0.780387866433021;0.7803988763024128;1.0
77;9;0.3083317841111629;0.3145856088775095;1.0
77;10;0.8948645424794831;0.8951822113346205;1.0
78;1;0.6483581324013536;0.6484570975042134;1.0
78;2;0.7355907474596924;0.744720497786896;1.0
78;3;0.9764383801856225;0.9764591592144698;1.0
78;4;0.9403675534417368;0.9415845055801733;0.9932885906040269
78;5;0.9540988986211746;0.9548023647476133;1.0
78;6;0.8388285005560985;0.8388290599277779;0.9865771812080537
78;7;0.9154179524880581;0.9154183431151225;0.9865771812080537
78;8;0.5719162102484081;0.5721621501125069;0.9932885906040269
78;9;0.4925489835849298;0.49407404728642557;0.9932885906040269
78;10;0.9501005305276463;0.9557629694672737;1.0
79;1;0.8065738886112148;0.806703956769875;1.0
79;2;0.726941197028517;0.7337967451036422;1.0
79;3;0.6687507355080105;0.66983419910346;1.0
79;4;0.8259669759535326;0.8263976487968225;1.0
79;5;0.8642849867466492;0.8643437933623238;1.0
79;6;0.8395367142801013;0.8406397607780758;1.0
79;7;0.5327239541388142;0.5344321571834632;0.9932885906040269
79;8;0.6537682250521926;0.6537722184979311;1.0
79;9;0.6198585294589811;0.6200801953178283;1.0
79;10;0.6196783311881876;0.6232508053155956;1.0
80;1;1.0;1.0;1.0
80;2;1.0;1.0;1.0
80;3;1.0;1.0;1.0
80;4;1.0;1.0;1.0
80;5;1.0;1.0;1.0
80;6;1.0;1.0;1.0
80;7;1.0;1.0;1.0
80;8;1.0;1.0;1.0
80;9;1.0;1.0;1.0
80;10;1.0;1.0;1.0
81;1;0.9429820474175558;0.9429994508446905;1.0
81;2;0.665574197708633;0.6659443048011302;1.0
81;3;0.7501591290689392;0.7540547273701381;1.0
81;4;0.5848923154939139;0.5862649481254729;1.0
81;5;0.907377350772861;0.9073812429115602;0.9932885906040269
81;6;0.7798574568615202;0.7799419279366754;0.9932885906040269
81;7;0.9152782895797664;0.9153624180099812;1.0
81;8;0.9634600976257499;0.9634625816556536;1.0
81;9;0.37648604957919674;0.38097819566315994;0.9932885906040269
81;10;0.4443800351129642;0.4509165922690739;0.9932885906040269
