year;month;day;hour;minute;tweets;related;rainfall (mm/30min);precision;recall;Next batch rainfall (mm/30min);Next batch rainfall class
2016;1;3;8;30;0;0;0.0;0.0;0.0;0.0;fraca
2016;1;1;19;30;7;0;0.2;0.0;0.0;12.82;forte
2016;1;15;20;30;21;0;0.0;0.0;0.0;0.0;fraca
2016;1;27;12;0;14;0;0.0;0.0;0.0;0.0;fraca
2016;1;4;19;30;32;0;0.0;0.0;0.0;0.0;fraca
2016;1;10;17;30;11;0;0.0;0.0;0.0;0.0;fraca
2016;1;12;12;0;11;0;0.0;0.0;0.0;0.0;fraca
2016;1;5;11;0;8;0;0.0;0.0;0.0;0.0;fraca
2016;1;25;2;0;2;0;0.0;0.0;0.0;0.0;fraca
2016;1;11;18;0;6;0;0.0;0.0;0.0;0.0;fraca
2016;1;2;3;30;0;0;0.0;0.0;0.0;0.0;fraca
2016;1;29;9;0;6;0;0.0;0.0;0.0;0.0;fraca
2016;1;23;10;30;20;0;0.0;0.0;0.0;0.0;fraca
2016;1;25;4;0;0;0;0.0;0.0;0.0;0.0;fraca
2016;1;29;13;0;8;0;0.2;0.0;0.0;0.0;fraca
2016;2;1;0;0;0;0;0.0;0.0;0.0;0.0;fraca
2016;1;21;3;0;1;0;0.0;0.0;0.0;0.0;fraca
2016;1;16;21;0;18;0;0.0;0.0;0.0;0.0;fraca
2016;1;1;15;0;6;0;0.0;0.0;0.0;0.0;fraca
2016;1;29;6;0;3;0;0.0;0.0;0.0;0.0;fraca
2016;1;31;22;30;0;0;0.0;0.0;0.0;0.0;fraca
2016;1;6;12;0;10;0;0.0;0.0;0.0;0.0;fraca
2016;1;1;19;0;5;0;0.79;0.0;0.0;0.2;fraca
2016;1;15;18;30;5;0;0.0;0.0;0.0;0.0;fraca
2016;1;10;17;0;10;1;0.0;4.143978385008743e-06;0.0016129032258064516;0.0;fraca
2016;1;30;12;0;11;0;0.0;0.0;0.0;0.0;fraca
2016;1;10;21;30;16;0;0.0;0.0;0.0;0.0;fraca
2016;1;1;12;0;6;0;0.0;0.0;0.0;0.0;fraca
2016;1;8;6;30;3;0;0.0;0.0;0.0;0.0;fraca
2016;1;3;20;0;10;0;0.0;0.0;0.0;0.0;fraca
2016;1;13;17;0;7;0;0.0;0.0;0.0;0.0;fraca
2016;1;20;17;30;13;0;0.0;0.0;0.0;0.0;fraca
2016;1;6;6;30;0;0;0.0;0.0;0.0;0.0;fraca
2016;1;30;11;0;4;0;0.0;0.0;0.0;0.0;fraca
2016;1;11;6;30;0;0;0.59;0.0;0.0;0.0;fraca
2016;1;3;14;0;7;0;0.0;0.0;0.0;0.0;fraca
2016;1;30;22;30;24;0;0.0;0.0;0.0;0.0;fraca
2016;1;11;1;0;3;0;0.4;0.0;0.0;0.4;fraca
2016;1;18;6;0;3;0;0.0;0.0;0.0;0.0;fraca
2016;1;21;5;0;0;0;0.0;0.0;0.0;0.0;fraca
2016;1;7;7;0;2;0;0.0;0.0;0.0;0.0;fraca
2016;1;11;14;30;8;0;0.2;0.0;0.0;0.4;fraca
2016;1;25;10;30;13;0;0.0;0.0;0.0;0.0;fraca
2016;1;21;4;30;0;0;0.0;0.0;0.0;0.0;fraca
2016;1;6;11;0;6;0;0.0;0.0;0.0;0.0;fraca
2016;1;3;21;0;14;0;0.0;0.0;0.0;0.0;fraca
2016;1;27;1;30;0;0;0.0;0.0;0.0;0.0;fraca
2016;1;18;22;0;7;0;0.0;0.0;0.0;0.0;fraca
2016;1;4;22;30;14;0;0.0;0.0;0.0;0.0;fraca
2016;1;15;11;30;7;1;0.0;4.143978385008743e-06;0.0016129032258064516;0.0;fraca
2016;1;12;9;0;6;1;0.0;4.143978385008743e-06;0.0016129032258064516;0.0;fraca
2016;1;24;10;0;8;0;0.0;0.0;0.0;0.0;fraca
2016;1;16;0;30;4;0;0.0;0.0;0.0;0.0;fraca
2016;1;1;10;30;5;0;0.0;0.0;0.0;0.0;fraca
2016;1;2;23;30;0;0;0.0;0.0;0.0;0.0;fraca
2016;1;17;23;30;12;0;0.0;0.0;0.0;0.0;fraca
2016;1;30;17;0;30;0;0.0;0.0;0.0;0.0;fraca
2016;1;17;4;30;3;0;0.0;0.0;0.0;0.0;fraca
2016;1;16;19;0;14;0;0.0;0.0;0.0;0.0;fraca
2016;1;6;8;0;6;0;0.0;0.0;0.0;0.0;fraca
2016;1;6;16;0;8;0;0.0;0.0;0.0;0.0;fraca
2016;1;23;16;0;15;0;0.0;0.0;0.0;0.0;fraca
2016;1;3;15;0;11;0;0.0;0.0;0.0;0.0;fraca
2016;1;7;22;30;11;0;0.0;0.0;0.0;0.0;fraca
2016;1;8;10;0;7;0;0.0;0.0;0.0;0.0;fraca
2016;1;10;10;0;10;0;0.0;0.0;0.0;0.0;fraca
2016;1;30;4;0;4;0;0.0;0.0;0.0;0.0;fraca
2016;1;12;14;30;10;0;0.0;0.0;0.0;0.0;fraca
2016;1;26;21;0;15;0;0.0;0.0;0.0;0.0;fraca
2016;1;2;5;30;1;0;0.0;0.0;0.0;0.0;fraca
2016;1;23;0;0;13;0;0.0;0.0;0.0;0.0;fraca
2016;1;7;6;0;2;0;0.0;0.0;0.0;0.0;fraca
2016;1;1;20;0;6;0;12.82;0.0;0.0;7.47;moderada
2016;1;10;7;30;2;0;0.2;0.0;0.0;0.0;fraca
2016;1;9;7;30;15;0;0.0;0.0;0.0;0.0;fraca
2016;1;20;4;30;0;0;0.0;0.0;0.0;0.0;fraca
2016;1;20;18;30;19;0;0.0;0.0;0.0;0.0;fraca
2016;1;13;9;30;14;0;0.2;0.0;0.0;0.0;fraca
2016;1;27;11;30;10;0;0.0;0.0;0.0;0.0;fraca
2016;1;9;22;0;0;0;0.59;0.0;0.0;0.4;fraca
2016;1;3;7;0;1;0;0.0;0.0;0.0;0.0;fraca
2016;1;22;21;0;17;0;0.0;0.0;0.0;0.0;fraca
2016;1;6;19;30;23;0;0.0;0.0;0.0;0.0;fraca
2016;1;22;3;0;1;0;0.0;0.0;0.0;0.0;fraca
2016;1;5;22;30;15;0;0.0;0.0;0.0;0.0;fraca
2016;1;25;8;0;3;0;0.0;0.0;0.0;0.0;fraca
2016;1;15;1;0;3;0;0.2;0.0;0.0;0.6;fraca
2016;1;15;4;30;0;0;0.0;0.0;0.0;0.2;fraca
2016;1;3;13;30;16;0;0.0;0.0;0.0;0.0;fraca
2016;1;16;17;30;11;0;0.0;0.0;0.0;0.0;fraca
2016;1;30;15;0;16;0;0.0;0.0;0.0;0.0;fraca
2016;1;12;15;30;17;1;0.0;4.143978385008743e-06;0.0016129032258064516;0.0;fraca
2016;1;3;19;0;12;0;0.0;0.0;0.0;0.0;fraca
2016;1;28;5;0;0;0;0.0;0.0;0.0;0.0;fraca
2016;1;25;21;0;27;0;0.0;0.0;0.0;0.0;fraca
2016;1;19;20;30;11;0;0.0;0.0;0.0;0.0;fraca
2016;1;14;21;0;20;0;0.2;0.0;0.0;0.2;fraca
2016;1;27;13;0;34;0;0.0;0.0;0.0;0.0;fraca
2016;1;31;17;0;33;0;0.0;0.0;0.0;0.0;fraca
2016;1;24;6;30;0;0;0.0;0.0;0.0;0.0;fraca
2016;1;14;16;30;12;0;0.0;0.0;0.0;0.0;fraca
2016;1;18;0;0;6;0;0.0;0.0;0.0;0.0;fraca
2016;1;21;2;30;0;0;0.0;0.0;0.0;0.0;fraca
2016;1;26;6;0;1;0;0.0;0.0;0.0;0.0;fraca
2016;1;25;17;0;17;1;0.0;4.143978385008743e-06;0.0016129032258064516;0.0;fraca
2016;1;3;0;30;0;0;0.0;0.0;0.0;0.2;fraca
2016;1;14;10;0;10;0;0.0;0.0;0.0;0.0;fraca
2016;1;1;9;30;3;0;0.0;0.0;0.0;0.0;fraca
2016;1;15;19;30;15;0;0.0;0.0;0.0;0.0;fraca
2016;1;2;8;0;2;0;0.2;0.0;0.0;0.59;fraca
2016;1;5;7;0;3;0;0.0;0.0;0.0;0.0;fraca
2016;1;9;5;30;0;0;0.0;0.0;0.0;0.0;fraca
2016;1;17;21;0;13;0;0.0;0.0;0.0;0.0;fraca
2016;1;11;5;0;1;0;0.2;0.0;0.0;0.39;fraca
2016;1;8;23;30;19;0;0.0;0.0;0.0;0.0;fraca
2016;1;25;2;30;4;0;0.0;0.0;0.0;0.0;fraca
2016;1;22;21;30;14;0;0.0;0.0;0.0;0.0;fraca
2016;1;21;15;0;11;0;0.0;0.0;0.0;0.0;fraca
2016;1;18;7;0;2;0;0.0;0.0;0.0;0.0;fraca
2016;1;10;5;0;0;0;0.0;0.0;0.0;0.0;fraca
2016;1;14;21;30;11;0;0.2;0.0;0.0;1.19;fraca
2016;1;23;11;30;5;0;0.0;0.0;0.0;0.0;fraca
2016;1;12;5;0;0;0;2.36;0.0;0.0;0.98;fraca
2016;1;9;22;30;0;0;0.4;0.0;0.0;0.4;fraca
2016;1;26;20;30;16;0;0.0;0.0;0.0;0.0;fraca
2016;1;20;14;30;13;0;0.0;0.0;0.0;0.0;fraca
2016;1;23;23;30;14;0;0.0;0.0;0.0;0.0;fraca
2016;1;23;1;30;2;0;0.0;0.0;0.0;0.0;fraca
2016;1;21;14;0;9;0;0.0;0.0;0.0;0.0;fraca
2016;1;10;18;30;12;0;0.0;0.0;0.0;0.0;fraca
2016;1;28;14;0;24;0;0.0;0.0;0.0;0.0;fraca
2016;1;6;3;30;6;0;0.0;0.0;0.0;0.0;fraca
2016;1;4;18;30;14;0;0.0;0.0;0.0;0.0;fraca
2016;1;24;3;0;3;0;0.0;0.0;0.0;0.0;fraca
2016;1;8;15;30;8;0;0.0;0.0;0.0;0.0;fraca
2016;1;4;2;0;2;0;0.0;0.0;0.0;0.0;fraca
2016;1;29;0;30;19;0;0.0;0.0;0.0;0.0;fraca
2016;1;4;17;30;9;0;0.0;0.0;0.0;0.0;fraca
2016;1;25;8;30;11;0;0.0;0.0;0.0;0.0;fraca
2016;1;7;1;30;1;0;0.0;0.0;0.0;0.0;fraca
2016;1;3;6;30;0;0;0.0;0.0;0.0;0.0;fraca
2016;1;2;0;30;3;0;0.0;0.0;0.0;0.0;fraca
2016;1;6;0;0;4;0;0.0;0.0;0.0;0.0;fraca
2016;1;13;6;0;2;0;0.0;0.0;0.0;0.0;fraca
2016;1;25;7;0;1;0;0.0;0.0;0.0;0.0;fraca
2016;1;24;2;30;0;0;0.0;0.0;0.0;0.0;fraca
2016;1;12;22;30;9;0;0.0;0.0;0.0;0.0;fraca
2016;1;25;0;0;10;0;0.0;0.0;0.0;0.0;fraca
2016;1;9;17;0;0;0;0.2;0.0;0.0;0.0;fraca
2016;1;18;5;0;1;0;0.0;0.0;0.0;0.0;fraca
2016;1;31;7;30;5;0;0.0;0.0;0.0;0.0;fraca
2016;1;17;0;30;9;0;0.0;0.0;0.0;0.0;fraca
2016;1;22;17;0;10;0;0.0;0.0;0.0;0.0;fraca
2016;1;14;3;0;2;0;0.0;0.0;0.0;0.0;fraca
2016;1;9;2;0;4;0;0.0;0.0;0.0;0.0;fraca
2016;1;7;15;30;13;0;0.0;0.0;0.0;0.0;fraca
2016;1;4;4;30;3;0;0.0;0.0;0.0;0.0;fraca
2016;1;8;20;30;17;0;0.0;0.0;0.0;0.0;fraca
2016;1;8;9;0;9;0;0.0;0.0;0.0;0.0;fraca
2016;1;22;13;0;8;0;0.0;0.0;0.0;0.0;fraca
2016;1;9;14;30;15;2;0.0;8.287956770017487e-06;0.0032258064516129032;0.0;fraca
2016;1;10;20;0;17;0;0.0;0.0;0.0;0.0;fraca
2016;1;27;12;30;16;0;0.0;0.0;0.0;0.0;fraca
2016;1;9;9;30;3;0;0.0;0.0;0.0;0.0;fraca
2016;1;31;23;0;0;0;0.0;0.0;0.0;0.0;fraca
2016;1;17;5;0;2;0;0.0;0.0;0.0;0.0;fraca
2016;1;2;1;30;1;0;0.0;0.0;0.0;0.0;fraca
2016;1;11;4;30;2;1;0.79;4.143978385008743e-06;0.0016129032258064516;0.2;fraca
2016;1;8;5;30;1;0;0.0;0.0;0.0;0.0;fraca
2016;1;17;9;0;1;0;0.0;0.0;0.0;0.0;fraca
2016;1;5;9;0;8;0;0.0;0.0;0.0;0.0;fraca
2016;1;18;9;0;5;0;0.0;0.0;0.0;0.0;fraca
2016;1;16;9;0;8;0;0.0;0.0;0.0;0.0;fraca
2016;1;7;12;0;6;0;0.0;0.0;0.0;0.0;fraca
2016;1;31;0;30;12;0;0.0;0.0;0.0;0.0;fraca
2016;1;27;7;0;7;0;0.0;0.0;0.0;0.0;fraca
2016;1;3;7;30;4;0;0.0;0.0;0.0;0.0;fraca
2016;1;31;13;0;30;0;0.0;0.0;0.0;0.0;fraca
2016;1;18;14;0;14;0;0.0;0.0;0.0;0.0;fraca
2016;1;1;11;30;3;0;0.0;0.0;0.0;0.0;fraca
2016;1;18;19;0;16;0;0.0;0.0;0.0;0.0;fraca
2016;1;23;4;30;1;0;0.0;0.0;0.0;0.0;fraca
2016;1;29;17;0;7;0;0.0;0.0;0.0;0.0;fraca
2016;1;22;23;30;12;0;0.0;0.0;0.0;0.0;fraca
2016;1;28;1;0;9;0;0.0;0.0;0.0;0.0;fraca
2016;1;21;7;0;4;0;0.0;0.0;0.0;0.0;fraca
2016;1;30;19;0;11;0;0.0;0.0;0.0;0.0;fraca
2016;1;27;21;30;14;0;1.18;0.0;0.0;0.6;fraca
2016;1;8;16;30;12;0;0.0;0.0;0.0;0.0;fraca
2016;1;29;20;0;25;0;0.0;0.0;0.0;0.0;fraca
2016;1;26;12;0;12;0;0.0;0.0;0.0;0.0;fraca
2016;1;5;9;30;13;0;0.0;0.0;0.0;0.0;fraca
2016;1;7;3;0;5;0;0.0;0.0;0.0;0.0;fraca
2016;1;3;2;30;0;0;0.0;0.0;0.0;0.0;fraca
2016;1;28;7;30;8;0;0.0;0.0;0.0;0.0;fraca
2016;1;2;13;0;14;0;0.0;0.0;0.0;0.0;fraca
2016;1;10;0;0;0;0;0.0;0.0;0.0;0.0;fraca
2016;1;21;12;30;12;0;0.0;0.0;0.0;0.0;fraca
2016;1;31;20;0;22;0;0.0;0.0;0.0;0.0;fraca
2016;1;28;20;0;16;0;0.0;0.0;0.0;0.0;fraca
2016;1;19;16;30;15;0;0.0;0.0;0.0;0.0;fraca
2016;1;24;14;30;21;0;0.0;0.0;0.0;0.0;fraca
2016;1;25;11;0;10;0;0.0;0.0;0.0;0.0;fraca
2016;1;13;21;0;13;0;0.0;0.0;0.0;0.0;fraca
2016;1;1;4;30;5;0;0.0;0.0;0.0;0.0;fraca
2016;1;19;8;0;2;0;0.0;0.0;0.0;0.0;fraca
2016;1;14;0;30;5;0;0.0;0.0;0.0;0.0;fraca
2016;1;26;6;30;4;0;0.0;0.0;0.0;0.0;fraca
2016;1;17;15;30;13;0;0.0;0.0;0.0;0.0;fraca
2016;1;2;8;30;1;0;0.59;0.0;0.0;0.2;fraca
2016;1;17;11;30;12;0;0.0;0.0;0.0;0.0;fraca
2016;1;17;0;0;15;0;0.0;0.0;0.0;0.0;fraca
2016;1;16;10;30;10;0;0.0;0.0;0.0;0.0;fraca
2016;1;12;0;30;22;0;0.0;0.0;0.0;0.0;fraca
2016;1;7;17;0;11;0;0.0;0.0;0.0;0.0;fraca
2016;1;8;2;30;1;0;0.0;0.0;0.0;0.0;fraca
2016;1;16;3;30;5;0;0.0;0.0;0.0;0.0;fraca
2016;1;1;16;0;7;0;0.0;0.0;0.0;0.0;fraca
2016;1;12;18;30;30;0;0.0;0.0;0.0;0.0;fraca
2016;1;12;3;30;6;0;0.0;0.0;0.0;0.0;fraca
2016;1;22;8;30;6;0;0.0;0.0;0.0;0.0;fraca
2016;1;26;13;0;8;0;0.0;0.0;0.0;0.0;fraca
2016;1;1;8;30;1;0;0.0;0.0;0.0;0.0;fraca
2016;1;5;13;0;9;0;0.0;0.0;0.0;0.0;fraca
2016;1;17;13;0;18;0;0.0;0.0;0.0;0.0;fraca
2016;1;28;5;30;3;0;0.0;0.0;0.0;0.0;fraca
2016;1;13;8;0;8;0;0.0;0.0;0.0;0.0;fraca
2016;1;26;3;0;0;0;0.0;0.0;0.0;0.0;fraca
2016;1;16;21;30;24;0;0.0;0.0;0.0;0.0;fraca
2016;1;18;15;0;8;0;0.0;0.0;0.0;0.0;fraca
2016;1;21;22;30;11;0;0.0;0.0;0.0;0.0;fraca
2016;1;25;13;30;21;0;0.0;0.0;0.0;0.0;fraca
2016;1;5;4;0;0;0;0.0;0.0;0.0;0.0;fraca
2016;1;23;8;0;3;0;0.0;0.0;0.0;0.0;fraca
2016;1;15;9;30;8;0;0.0;0.0;0.0;0.0;fraca
2016;1;10;22;30;7;0;0.0;0.0;0.0;0.4;fraca
2016;1;15;18;0;10;0;0.4;0.0;0.0;0.0;fraca
2016;1;28;20;30;9;0;0.0;0.0;0.0;0.0;fraca
2016;1;18;6;30;5;0;0.0;0.0;0.0;0.0;fraca
2016;1;17;18;0;15;0;0.0;0.0;0.0;0.0;fraca
2016;1;14;6;30;1;0;0.0;0.0;0.0;0.0;fraca
2016;1;19;10;30;3;0;0.0;0.0;0.0;0.0;fraca
2016;1;2;12;0;6;0;0.0;0.0;0.0;0.0;fraca
2016;1;30;17;30;33;0;0.0;0.0;0.0;0.0;fraca
2016;1;23;17;30;14;0;0.0;0.0;0.0;0.0;fraca
2016;1;29;14;30;10;0;0.0;0.0;0.0;0.0;fraca
2016;1;3;2;0;0;0;0.0;0.0;0.0;0.0;fraca
2016;1;18;23;30;4;0;0.0;0.0;0.0;0.0;fraca
2016;1;3;23;30;9;0;0.0;0.0;0.0;0.0;fraca
2016;1;25;0;30;9;0;0.0;0.0;0.0;0.0;fraca
2016;1;9;4;0;9;0;0.2;0.0;0.0;0.0;fraca
2016;1;15;19;0;16;0;0.0;0.0;0.0;0.0;fraca
2016;1;20;23;0;9;0;0.0;0.0;0.0;0.0;fraca
2016;1;15;21;0;10;0;0.0;0.0;0.0;0.0;fraca
2016;1;27;2;0;4;0;0.0;0.0;0.0;0.0;fraca
2016;1;23;15;30;9;0;0.0;0.0;0.0;0.0;fraca
2016;1;17;12;30;9;0;0.0;0.0;0.0;0.0;fraca
2016;1;9;17;30;0;0;0.0;0.0;0.0;0.0;fraca
2016;1;16;2;0;4;0;0.0;0.0;0.0;0.0;fraca
2016;1;29;18;0;20;0;0.0;0.0;0.0;0.0;fraca
2016;1;21;13;0;9;0;0.0;0.0;0.0;0.0;fraca
2016;1;29;22;30;25;0;0.0;0.0;0.0;0.0;fraca
2016;1;17;17;0;17;0;0.0;0.0;0.0;0.0;fraca
2016;1;23;3;30;0;0;0.0;0.0;0.0;0.0;fraca
2016;1;12;6;30;0;0;0.2;0.0;0.0;0.0;fraca
2016;1;26;19;0;11;0;0.0;0.0;0.0;0.0;fraca
2016;1;7;21;30;21;0;0.0;0.0;0.0;0.0;fraca
2016;1;31;14;30;23;0;0.0;0.0;0.0;0.0;fraca
2016;1;8;19;0;26;0;0.0;0.0;0.0;0.0;fraca
2016;1;12;2;30;2;0;0.4;0.0;0.0;0.0;fraca
2016;1;8;21;30;29;0;0.0;0.0;0.0;0.0;fraca
2016;1;1;2;30;12;0;0.0;0.0;0.0;0.0;fraca
2016;1;4;5;0;0;0;0.0;0.0;0.0;0.0;fraca
2016;1;3;1;0;0;0;0.2;0.0;0.0;0.0;fraca
2016;1;4;3;30;0;0;0.0;0.0;0.0;0.0;fraca
2016;1;30;19;30;21;0;0.0;0.0;0.0;0.0;fraca
2016;1;17;23;0;9;0;0.0;0.0;0.0;0.0;fraca
2016;1;11;11;30;10;0;0.0;0.0;0.0;0.2;fraca
2016;1;2;17;30;15;0;2.96;0.0;0.0;0.2;fraca
2016;1;5;7;30;11;0;0.0;0.0;0.0;0.0;fraca
2016;1;13;5;0;0;0;0.0;0.0;0.0;0.0;fraca
2016;1;25;17;30;20;0;0.0;0.0;0.0;0.0;fraca
2016;1;6;1;30;4;0;0.0;0.0;0.0;0.0;fraca
2016;1;20;7;30;6;0;0.0;0.0;0.0;0.0;fraca
2016;1;10;6;30;2;0;0.0;0.0;0.0;0.0;fraca
2016;1;8;1;30;0;0;0.0;0.0;0.0;0.0;fraca
2016;1;16;7;0;1;0;0.0;0.0;0.0;0.0;fraca
2016;1;24;18;30;30;0;0.0;0.0;0.0;0.0;fraca
2016;1;11;23;30;23;0;0.2;0.0;0.0;0.2;fraca
2016;1;4;13;30;6;0;0.0;0.0;0.0;0.0;fraca
2016;1;19;9;0;6;0;0.0;0.0;0.0;0.0;fraca
2016;1;8;22;0;14;0;0.0;0.0;0.0;0.0;fraca
2016;1;15;8;0;5;0;0.2;0.0;0.0;0.0;fraca
2016;1;10;14;30;10;0;0.0;0.0;0.0;0.0;fraca
2016;1;9;16;0;11;0;0.0;0.0;0.0;7.14;moderada
2016;1;14;2;30;8;0;0.0;0.0;0.0;0.0;fraca
2016;1;28;14;30;17;0;0.0;0.0;0.0;0.0;fraca
2016;1;9;3;30;4;0;0.0;0.0;0.0;0.2;fraca
2016;1;14;7;0;3;0;0.0;0.0;0.0;0.0;fraca
2016;1;18;12;30;11;0;0.0;0.0;0.0;0.0;fraca
2016;1;24;10;30;17;0;0.0;0.0;0.0;0.0;fraca
2016;1;31;12;0;14;0;0.0;0.0;0.0;0.0;fraca
2016;1;7;2;0;6;0;0.0;0.0;0.0;0.0;fraca
2016;1;7;14;30;9;0;0.0;0.0;0.0;0.0;fraca
2016;1;2;16;30;15;0;0.0;0.0;0.0;0.39;fraca
2016;1;27;11;0;11;0;0.0;0.0;0.0;0.0;fraca
2016;1;8;19;30;19;0;0.0;0.0;0.0;0.0;fraca
2016;1;1;23;0;16;0;0.0;0.0;0.0;0.0;fraca
2016;1;25;3;0;5;0;0.0;0.0;0.0;0.0;fraca
2016;1;25;22;0;16;0;0.4;0.0;0.0;1.18;fraca
2016;1;9;10;30;4;0;0.0;0.0;0.0;0.0;fraca
2016;1;20;21;30;14;0;0.0;0.0;0.0;0.0;fraca
2016;1;3;17;30;19;0;0.0;0.0;0.0;0.0;fraca
2016;1;15;0;0;6;0;0.6;0.0;0.0;0.2;fraca
2016;1;20;9;0;9;0;0.0;0.0;0.0;0.0;fraca
2016;1;27;10;0;3;0;0.0;0.0;0.0;0.0;fraca
2016;1;11;13;0;6;0;0.0;0.0;0.0;0.0;fraca
2016;1;14;9;30;15;0;0.0;0.0;0.0;0.0;fraca
2016;1;15;0;30;3;0;0.2;0.0;0.0;0.2;fraca
2016;1;19;15;0;6;0;0.0;0.0;0.0;0.0;fraca
2016;1;5;1;30;1;0;0.0;0.0;0.0;0.0;fraca
2016;1;30;13;0;10;0;0.2;0.0;0.0;0.0;fraca
2016;1;13;7;0;6;0;0.0;0.0;0.0;0.0;fraca
2016;1;25;9;0;14;0;0.0;0.0;0.0;0.0;fraca
2016;1;28;12;0;11;0;0.0;0.0;0.0;0.0;fraca
2016;1;29;15;30;17;0;0.0;0.0;0.0;0.0;fraca
2016;1;29;6;30;4;0;0.0;0.0;0.0;0.0;fraca
2016;1;2;9;0;3;0;0.2;0.0;0.0;0.59;fraca
2016;1;22;18;0;15;0;0.0;0.0;0.0;0.0;fraca
2016;1;22;9;30;11;0;0.0;0.0;0.0;0.0;fraca
2016;1;19;5;30;2;0;0.0;0.0;0.0;0.0;fraca
2016;1;7;11;30;7;0;0.0;0.0;0.0;0.0;fraca
2016;1;8;3;30;4;0;0.0;0.0;0.0;0.0;fraca
2016;1;26;5;30;0;0;0.0;0.0;0.0;0.0;fraca
2016;1;2;12;30;12;0;0.0;0.0;0.0;0.0;fraca
2016;1;18;11;0;24;0;0.0;0.0;0.0;0.0;fraca
2016;1;27;4;0;1;0;0.0;0.0;0.0;0.2;fraca
2016;1;30;12;30;9;0;0.0;0.0;0.0;0.2;fraca
2016;1;12;10;0;11;0;0.0;0.0;0.0;0.79;fraca
2016;1;6;7;0;0;0;0.0;0.0;0.0;0.0;fraca
2016;1;9;18;30;0;0;0.0;0.0;0.0;0.2;fraca
2016;1;13;4;0;0;0;0.0;0.0;0.0;0.0;fraca
2016;1;19;11;30;5;0;0.0;0.0;0.0;0.0;fraca
2016;1;23;19;30;15;0;0.0;0.0;0.0;0.0;fraca
2016;1;4;13;0;7;0;0.0;0.0;0.0;0.0;fraca
2016;1;18;20;0;12;0;0.0;0.0;0.0;0.0;fraca
2016;1;24;12;0;9;0;0.0;0.0;0.0;0.0;fraca
2016;1;22;12;30;9;0;0.0;0.0;0.0;0.0;fraca
2016;1;23;13;0;10;0;0.0;0.0;0.0;0.0;fraca
2016;1;21;12;0;12;0;0.0;0.0;0.0;0.0;fraca
2016;1;12;4;30;1;0;0.59;0.0;0.0;2.36;fraca
2016;1;9;21;0;0;0;15.19;0.0;0.0;2.36;fraca
2016;1;22;4;30;1;0;0.0;0.0;0.0;0.0;fraca
2016;1;25;6;0;4;0;0.0;0.0;0.0;0.0;fraca
2016;1;20;22;0;15;0;0.0;0.0;0.0;0.0;fraca
2016;1;23;9;0;19;0;0.0;0.0;0.0;0.0;fraca
2016;1;22;2;0;1;0;0.0;0.0;0.0;0.0;fraca
2016;1;26;16;0;7;0;0.0;0.0;0.0;0.0;fraca
2016;1;16;13;0;8;0;0.0;0.0;0.0;0.0;fraca
2016;1;2;18;0;16;0;0.2;0.0;0.0;0.0;fraca
2016;1;7;3;30;1;0;0.0;0.0;0.0;0.0;fraca
2016;1;2;3;0;6;0;0.0;0.0;0.0;0.0;fraca
2016;1;5;14;0;15;0;0.0;0.0;0.0;0.0;fraca
2016;1;5;1;0;0;0;0.0;0.0;0.0;0.0;fraca
2016;1;16;16;30;12;0;0.0;0.0;0.0;0.0;fraca
2016;1;4;6;0;6;0;0.0;0.0;0.0;0.0;fraca
2016;1;19;1;0;4;0;0.0;0.0;0.0;0.0;fraca
2016;1;10;3;30;0;0;1.19;0.0;0.0;3.15;moderada
2016;1;23;14;0;12;0;0.0;0.0;0.0;0.0;fraca
2016;1;19;16;0;9;0;0.0;0.0;0.0;0.0;fraca
2016;1;31;5;0;6;0;0.0;0.0;0.0;0.0;fraca
2016;1;11;22;0;20;0;0.0;0.0;0.0;0.0;fraca
2016;1;30;2;30;1;0;0.0;0.0;0.0;0.0;fraca
2016;1;21;4;0;1;0;0.0;0.0;0.0;0.0;fraca
2016;1;24;1;0;4;0;0.0;0.0;0.0;0.0;fraca
2016;1;1;17;30;5;0;0.0;0.0;0.0;0.0;fraca
2016;1;27;19;30;15;0;7.67;0.0;0.0;0.98;fraca
2016;1;24;0;30;12;0;0.0;0.0;0.0;0.0;fraca
2016;1;7;12;30;10;0;0.0;0.0;0.0;0.0;fraca
2016;1;5;12;0;9;0;0.0;0.0;0.0;0.0;fraca
2016;1;23;21;30;17;0;0.0;0.0;0.0;0.0;fraca
2016;1;17;20;0;16;0;0.0;0.0;0.0;0.0;fraca
2016;1;27;6;0;1;0;0.0;0.0;0.0;0.0;fraca
2016;1;2;1;0;2;0;0.0;0.0;0.0;0.0;fraca
2016;1;8;23;0;18;0;0.0;0.0;0.0;0.0;fraca
2016;1;20;11;30;10;0;0.0;0.0;0.0;0.0;fraca
2016;1;28;19;30;18;0;0.0;0.0;0.0;0.0;fraca
2016;1;4;22;0;12;0;0.0;0.0;0.0;0.0;fraca
2016;1;5;8;30;3;0;0.0;0.0;0.0;0.0;fraca
2016;1;9;15;0;20;0;0.0;0.0;0.0;0.0;fraca
2016;1;30;20;30;23;0;0.0;0.0;0.0;0.0;fraca
2016;1;12;6;0;0;0;0.59;0.0;0.0;0.2;fraca
2016;1;23;15;0;14;0;0.0;0.0;0.0;0.0;fraca
2016;1;7;10;30;6;0;0.0;0.0;0.0;0.0;fraca
2016;1;22;2;30;1;0;0.0;0.0;0.0;0.0;fraca
2016;1;4;14;0;7;0;0.0;0.0;0.0;0.0;fraca
2016;1;27;5;30;2;0;0.0;0.0;0.0;0.0;fraca
2016;1;26;0;0;4;0;0.0;0.0;0.0;0.59;fraca
2016;1;1;20;30;8;0;7.47;0.0;0.0;0.59;fraca
2016;1;8;4;30;3;0;0.0;0.0;0.0;0.0;fraca
2016;1;9;1;30;9;0;0.0;0.0;0.0;0.0;fraca
2016;1;11;19;0;29;0;0.0;0.0;0.0;0.0;fraca
2016;1;5;11;30;9;0;0.0;0.0;0.0;0.0;fraca
2016;1;7;16;0;8;0;0.0;0.0;0.0;0.0;fraca
2016;1;2;20;0;0;0;0.0;0.0;0.0;0.0;fraca
2016;1;18;8;30;10;0;0.0;0.0;0.0;0.0;fraca
2016;1;31;21;30;21;0;0.0;0.0;0.0;0.0;fraca
2016;1;19;18;0;4;0;0.79;0.0;0.0;1.18;fraca
2016;1;25;5;0;1;0;0.0;0.0;0.0;0.0;fraca
2016;1;27;17;30;28;2;14.77;8.287956770017487e-06;0.0032258064516129032;0.39;fraca
2016;1;6;8;30;13;0;0.0;0.0;0.0;0.0;fraca
2016;1;6;21;0;13;0;0.0;0.0;0.0;0.0;fraca
2016;1;18;8;0;12;0;0.0;0.0;0.0;0.0;fraca
2016;1;4;20;0;18;0;0.0;0.0;0.0;0.0;fraca
2016;1;17;12;0;11;0;0.0;0.0;0.0;0.0;fraca
2016;1;10;2;0;1;0;0.0;0.0;0.0;0.0;fraca
2016;1;7;2;30;4;0;0.0;0.0;0.0;0.0;fraca
2016;1;1;3;30;9;0;0.0;0.0;0.0;0.0;fraca
2016;1;16;14;30;22;0;0.0;0.0;0.0;0.0;fraca
2016;1;18;22;30;2;0;0.0;0.0;0.0;0.0;fraca
2016;1;24;23;0;14;0;0.0;0.0;0.0;0.0;fraca
2016;1;5;0;0;10;0;0.0;0.0;0.0;0.0;fraca
2016;1;1;21;30;4;0;0.59;0.0;0.0;0.6;fraca
2016;1;29;8;30;15;0;0.0;0.0;0.0;0.0;fraca
2016;1;6;21;30;16;0;0.0;0.0;0.0;0.0;fraca
2016;1;8;17;0;3;0;0.0;0.0;0.0;0.0;fraca
2016;1;14;17;30;7;0;0.0;0.0;0.0;0.0;fraca
2016;1;6;17;0;8;0;0.0;0.0;0.0;0.0;fraca
2016;1;10;23;0;5;0;0.4;0.0;0.0;0.2;fraca
2016;1;31;18;30;37;0;0.0;0.0;0.0;0.0;fraca
2016;1;30;9;0;4;1;0.0;4.143978385008743e-06;0.0016129032258064516;0.0;fraca
2016;1;22;23;0;12;0;0.0;0.0;0.0;0.0;fraca
2016;1;3;9;30;1;0;0.0;0.0;0.0;0.0;fraca
2016;1;24;1;30;8;0;0.0;0.0;0.0;0.0;fraca
2016;1;8;17;30;9;0;0.0;0.0;0.0;0.0;fraca
2016;1;20;13;0;9;0;0.0;0.0;0.0;0.0;fraca
2016;1;5;16;0;10;0;0.0;0.0;0.0;0.0;fraca
2016;1;20;18;0;12;0;0.0;0.0;0.0;0.0;fraca
2016;1;24;11;30;10;0;0.0;0.0;0.0;0.0;fraca
2016;1;2;19;30;9;0;0.0;0.0;0.0;0.0;fraca
2016;1;29;17;30;13;0;0.0;0.0;0.0;0.0;fraca
2016;1;10;16;30;10;0;0.0;0.0;0.0;0.0;fraca
2016;1;9;12;0;12;0;0.0;0.0;0.0;0.0;fraca
2016;1;12;13;30;8;0;0.0;0.0;0.0;0.0;fraca
2016;1;19;0;30;2;0;0.0;0.0;0.0;0.0;fraca
2016;1;27;14;0;21;0;0.0;0.0;0.0;0.0;fraca
2016;1;26;19;30;16;0;0.0;0.0;0.0;0.0;fraca
2016;1;19;4;0;0;0;0.0;0.0;0.0;0.0;fraca
2016;1;25;19;0;22;0;0.0;0.0;0.0;0.0;fraca
2016;1;9;11;0;17;0;0.0;0.0;0.0;0.0;fraca
2016;1;6;22;30;4;0;0.0;0.0;0.0;0.0;fraca
2016;1;13;7;30;2;0;0.0;0.0;0.0;0.0;fraca
2016;1;3;3;0;0;0;0.0;0.0;0.0;0.0;fraca
2016;1;6;9;30;5;0;0.0;0.0;0.0;0.0;fraca
2016;1;18;14;30;8;0;0.0;0.0;0.0;0.0;fraca
2016;1;15;5;30;2;0;0.0;0.0;0.0;0.0;fraca
2016;1;17;21;30;8;0;0.0;0.0;0.0;0.0;fraca
2016;1;21;9;0;6;0;0.0;0.0;0.0;0.0;fraca
2016;1;5;2;0;1;0;0.0;0.0;0.0;0.0;fraca
2016;1;27;20;0;12;1;0.98;4.143978385008743e-06;0.0016129032258064516;1.57;fraca
2016;1;27;21;0;17;0;1.37;0.0;0.0;1.18;fraca
2016;1;7;15;0;7;0;0.0;0.0;0.0;0.0;fraca
2016;1;6;14;30;9;0;0.0;0.0;0.0;0.0;fraca
2016;1;14;3;30;0;0;0.0;0.0;0.0;0.0;fraca
2016;1;16;12;30;16;0;0.0;0.0;0.0;0.0;fraca
2016;1;2;6;30;5;0;0.0;0.0;0.0;0.0;fraca
2016;1;3;10;30;3;0;0.0;0.0;0.0;0.0;fraca
2016;1;7;19;30;17;0;0.0;0.0;0.0;0.0;fraca
2016;1;24;8;30;2;0;0.0;0.0;0.0;0.0;fraca
2016;1;2;23;0;0;0;0.0;0.0;0.0;0.0;fraca
2016;1;24;4;30;5;0;0.0;0.0;0.0;0.0;fraca
2016;1;15;10;0;3;0;0.0;0.0;0.0;0.2;fraca
2016;1;22;6;0;1;0;0.0;0.0;0.0;0.0;fraca
2016;1;17;17;30;19;0;0.0;0.0;0.0;0.0;fraca
2016;1;25;9;30;10;0;0.0;0.0;0.0;0.0;fraca
2016;1;14;2;0;10;0;0.0;0.0;0.0;0.0;fraca
2016;1;27;5;0;0;0;0.0;0.0;0.0;0.0;fraca
2016;1;28;7;0;3;0;0.0;0.0;0.0;0.0;fraca
2016;1;28;23;30;6;0;0.0;0.0;0.0;0.0;fraca
2016;1;7;21;0;20;0;0.0;0.0;0.0;0.0;fraca
2016;1;29;20;30;17;0;0.0;0.0;0.0;0.0;fraca
2016;1;15;10;30;10;0;0.2;0.0;0.0;1.38;fraca
2016;1;3;18;0;9;0;0.0;0.0;0.0;0.0;fraca
2016;1;24;9;30;7;0;0.0;0.0;0.0;0.0;fraca
2016;1;12;10;30;4;0;0.79;0.0;0.0;1.18;fraca
2016;1;28;22;30;23;0;0.0;0.0;0.0;0.0;fraca
2016;1;16;15;30;9;0;0.0;0.0;0.0;0.0;fraca
2016;1;30;22;0;17;0;0.0;0.0;0.0;0.0;fraca
2016;1;1;6;30;0;0;0.0;0.0;0.0;0.0;fraca
2016;1;19;23;30;5;0;0.0;0.0;0.0;0.0;fraca
2016;1;10;11;0;5;0;0.0;0.0;0.0;0.0;fraca
2016;1;8;8;0;12;0;0.0;0.0;0.0;0.0;fraca
2016;1;4;7;0;5;0;0.0;0.0;0.0;0.0;fraca
2016;1;30;8;0;3;0;0.0;0.0;0.0;0.0;fraca
2016;1;13;15;0;6;0;0.0;0.0;0.0;0.0;fraca
2016;1;16;20;30;25;0;0.0;0.0;0.0;0.0;fraca
2016;1;12;21;0;12;1;0.0;4.143978385008743e-06;0.0016129032258064516;0.0;fraca
2016;1;23;2;30;2;0;0.0;0.0;0.0;0.0;fraca
2016;1;26;1;30;1;0;0.2;0.0;0.0;0.0;fraca
2016;1;30;7;30;0;0;0.0;0.0;0.0;0.0;fraca
2016;1;6;9;0;4;0;0.0;0.0;0.0;0.0;fraca
2016;1;18;17;30;5;0;0.0;0.0;0.0;0.0;fraca
2016;1;11;17;30;11;0;0.0;0.0;0.0;0.0;fraca
2016;1;24;23;30;8;0;0.0;0.0;0.0;0.0;fraca
2016;1;12;11;30;6;0;0.0;0.0;0.0;0.0;fraca
2016;1;2;14;30;12;0;0.0;0.0;0.0;0.0;fraca
2016;2;1;0;30;0;0;0.0;0.0;0.0;0.0;fraca
2016;1;21;18;0;11;0;0.0;0.0;0.0;0.0;fraca
2016;1;19;8;30;1;0;0.0;0.0;0.0;0.0;fraca
2016;1;2;20;30;0;0;0.0;0.0;0.0;0.0;fraca
2016;1;16;1;0;8;0;0.0;0.0;0.0;0.0;fraca
2016;1;13;13;30;13;0;0.0;0.0;0.0;0.0;fraca
2016;1;16;11;0;9;0;0.0;0.0;0.0;0.0;fraca
2016;1;4;23;0;11;0;0.0;0.0;0.0;0.0;fraca
2016;1;13;10;0;19;0;0.0;0.0;0.0;0.0;fraca
2016;1;1;21;0;10;0;0.59;0.0;0.0;0.59;fraca
2016;1;9;23;0;0;0;0.4;0.0;0.0;0.0;fraca
2016;1;20;20;0;18;0;0.0;0.0;0.0;0.0;fraca
2016;1;11;9;0;3;0;0.4;0.0;0.0;0.0;fraca
2016;1;8;9;30;6;0;0.0;0.0;0.0;0.0;fraca
2016;1;11;0;30;4;0;1.18;0.0;0.0;0.4;fraca
2016;1;1;5;30;0;0;0.0;0.0;0.0;0.0;fraca
2016;1;17;2;0;10;0;0.0;0.0;0.0;0.0;fraca
2016;1;21;13;30;11;0;0.0;0.0;0.0;0.0;fraca
2016;1;20;19;30;14;0;0.0;0.0;0.0;0.0;fraca
2016;1;6;5;0;1;0;0.0;0.0;0.0;0.0;fraca
2016;1;23;2;0;3;0;0.0;0.0;0.0;0.0;fraca
2016;1;26;4;0;0;0;0.0;0.0;0.0;0.0;fraca
2016;1;21;19;0;4;0;0.0;0.0;0.0;0.0;fraca
2016;1;25;4;30;0;0;0.0;0.0;0.0;0.0;fraca
2016;1;22;10;30;7;0;0.0;0.0;0.0;0.0;fraca
2016;1;26;2;0;0;0;0.0;0.0;0.0;0.0;fraca
2016;1;17;4;0;8;0;0.0;0.0;0.0;0.0;fraca
2016;1;15;20;0;12;0;0.0;0.0;0.0;0.0;fraca
2016;1;22;12;0;5;0;0.0;0.0;0.0;0.0;fraca
2016;1;30;6;30;8;0;0.0;0.0;0.0;0.0;fraca
2016;1;22;5;30;0;0;0.0;0.0;0.0;0.0;fraca
2016;1;7;13;0;12;0;0.0;0.0;0.0;0.0;fraca
2016;1;27;0;0;4;0;0.0;0.0;0.0;0.0;fraca
2016;1;19;19;30;31;0;0.0;0.0;0.0;0.0;fraca
2016;1;13;14;0;11;0;0.0;0.0;0.0;0.0;fraca
2016;1;8;12;0;11;0;0.0;0.0;0.0;0.0;fraca
2016;1;25;6;30;5;0;0.0;0.0;0.0;0.0;fraca
2016;1;27;22;0;15;0;0.6;0.0;0.0;0.4;fraca
2016;1;16;2;30;3;0;0.0;0.0;0.0;0.0;fraca
2016;1;24;7;30;4;0;0.0;0.0;0.0;0.0;fraca
2016;1;26;22;0;14;0;0.0;0.0;0.0;0.0;fraca
2016;1;31;18;0;45;0;0.0;0.0;0.0;0.0;fraca
2016;1;13;3;30;0;0;0.0;0.0;0.0;0.0;fraca
2016;1;6;17;30;17;0;0.0;0.0;0.0;0.0;fraca
2016;1;15;6;0;4;0;0.0;0.0;0.0;0.39;fraca
2016;1;24;14;0;14;0;0.0;0.0;0.0;0.0;fraca
2016;1;27;16;0;9;1;0.0;4.143978385008743e-06;0.0016129032258064516;0.0;fraca
2016;1;25;1;30;7;0;0.0;0.0;0.0;0.0;fraca
2016;1;20;22;30;6;0;0.0;0.0;0.0;0.0;fraca
2016;1;2;2;30;1;0;0.0;0.0;0.0;0.0;fraca
2016;1;8;0;0;13;0;0.0;0.0;0.0;0.0;fraca
2016;1;28;15;0;9;0;0.0;0.0;0.0;0.0;fraca
2016;1;4;10;0;6;0;0.0;0.0;0.0;0.0;fraca
2016;1;24;15;30;9;0;0.0;0.0;0.0;0.0;fraca
2016;1;19;13;0;7;0;0.0;0.0;0.0;0.0;fraca
2016;1;11;8;0;10;0;0.2;0.0;0.0;0.2;fraca
2016;1;28;2;30;0;0;0.0;0.0;0.0;0.0;fraca
2016;1;27;8;0;4;0;0.0;0.0;0.0;0.0;fraca
2016;1;29;7;0;6;0;0.0;0.0;0.0;0.0;fraca
2016;1;11;20;30;14;0;0.0;0.0;0.0;0.0;fraca
2016;1;28;6;0;1;0;0.0;0.0;0.0;0.0;fraca
2016;1;27;7;30;7;0;0.0;0.0;0.0;0.0;fraca
2016;1;7;8;30;10;0;0.0;0.0;0.0;0.0;fraca
2016;1;15;22;30;7;0;0.0;0.0;0.0;0.0;fraca
2016;1;13;8;30;6;0;0.0;0.0;0.0;0.2;fraca
2016;1;21;17;30;0;0;0.0;0.0;0.0;0.0;fraca
2016;1;10;8;30;3;0;0.0;0.0;0.0;0.0;fraca
2016;1;13;12;30;10;0;0.0;0.0;0.0;0.0;fraca
2016;1;27;9;0;12;0;0.0;0.0;0.0;0.0;fraca
2016;1;22;16;30;11;0;0.0;0.0;0.0;0.0;fraca
2016;1;28;4;30;1;0;0.0;0.0;0.0;0.0;fraca
2016;1;10;12;0;4;0;0.0;0.0;0.0;0.0;fraca
2016;1;19;6;30;0;0;0.0;0.0;0.0;0.0;fraca
2016;1;23;19;0;29;0;0.0;0.0;0.0;0.0;fraca
2016;1;26;2;30;2;0;0.0;0.0;0.0;0.0;fraca
2016;1;29;10;30;12;0;0.0;0.0;0.0;0.0;fraca
2016;1;1;9;0;1;0;0.0;0.0;0.0;0.0;fraca
2016;1;9;20;30;0;0;1.76;0.0;0.0;15.19;forte
2016;1;30;21;0;16;0;0.0;0.0;0.0;0.0;fraca
2016;1;12;20;30;18;0;0.0;0.0;0.0;0.0;fraca
2016;1;6;5;30;1;0;0.0;0.0;0.0;0.0;fraca
2016;1;24;4;0;1;0;0.0;0.0;0.0;0.0;fraca
2016;1;8;14;0;8;0;0.0;0.0;0.0;0.0;fraca
2016;1;31;14;0;20;0;0.0;0.0;0.0;0.0;fraca
2016;1;1;4;0;9;0;0.0;0.0;0.0;0.0;fraca
2016;1;6;2;30;3;0;0.0;0.0;0.0;0.0;fraca
2016;1;15;8;30;12;0;0.0;0.0;0.0;0.0;fraca
2016;1;28;13;0;17;0;0.0;0.0;0.0;0.0;fraca
2016;1;4;9;0;5;0;0.0;0.0;0.0;0.0;fraca
2016;1;26;16;30;12;0;0.0;0.0;0.0;0.0;fraca
2016;1;12;22;0;5;0;0.0;0.0;0.0;0.0;fraca
2016;1;15;15;30;7;0;0.0;0.0;0.0;0.0;fraca
2016;1;26;9;0;8;0;0.0;0.0;0.0;0.0;fraca
2016;1;5;13;30;12;0;0.0;0.0;0.0;0.0;fraca
2016;1;22;0;30;3;0;0.0;0.0;0.0;0.0;fraca
2016;1;12;19;30;15;0;0.0;0.0;0.0;0.0;fraca
2016;1;18;16;30;6;0;0.0;0.0;0.0;0.0;fraca
2016;1;25;7;30;2;0;0.0;0.0;0.0;0.0;fraca
2016;1;11;7;0;1;0;0.0;0.0;0.0;0.2;fraca
2016;1;20;20;30;4;0;0.0;0.0;0.0;0.0;fraca
2016;1;25;18;0;16;0;0.0;0.0;0.0;0.0;fraca
2016;1;26;23;0;11;0;0.0;0.0;0.0;0.0;fraca
2016;1;19;20;0;6;0;0.0;0.0;0.0;0.0;fraca
2016;1;18;13;0;14;0;0.0;0.0;0.0;0.0;fraca
2016;1;10;16;0;17;0;0.0;0.0;0.0;0.0;fraca
2016;1;24;21;0;23;0;0.0;0.0;0.0;0.0;fraca
2016;1;8;3;0;1;0;0.0;0.0;0.0;0.0;fraca
2016;1;7;8;0;16;0;0.0;0.0;0.0;0.0;fraca
2016;1;11;15;0;8;0;0.4;0.0;0.0;0.6;fraca
2016;1;9;6;30;0;0;0.0;0.0;0.0;0.0;fraca
2016;1;23;13;30;7;0;0.0;0.0;0.0;0.0;fraca
2016;1;29;21;30;15;0;0.0;0.0;0.0;0.0;fraca
2016;1;22;8;0;10;0;0.0;0.0;0.0;0.0;fraca
2016;1;29;8;0;8;0;0.0;0.0;0.0;0.0;fraca
2016;1;5;5;0;0;0;0.0;0.0;0.0;0.0;fraca
2016;1;11;7;30;8;0;0.2;0.0;0.0;0.2;fraca
2016;1;2;22;30;0;0;0.0;0.0;0.0;0.0;fraca
2016;1;12;23;0;10;0;0.0;0.0;0.0;0.0;fraca
2016;1;12;2;0;8;0;0.0;0.0;0.0;0.4;fraca
2016;1;28;19;0;17;0;0.0;0.0;0.0;0.0;fraca
2016;1;6;20;30;13;0;0.0;0.0;0.0;0.0;fraca
2016;1;19;17;0;15;0;0.0;0.0;0.0;0.0;fraca
2016;1;4;1;0;6;0;0.0;0.0;0.0;0.0;fraca
2016;1;17;22;0;15;0;0.0;0.0;0.0;0.0;fraca
2016;1;10;2;30;0;0;0.0;0.0;0.0;5.51;moderada
2016;1;13;17;30;10;0;0.0;0.0;0.0;0.0;fraca
2016;1;14;12;0;7;0;0.0;0.0;0.0;0.0;fraca
2016;1;14;5;0;1;0;0.0;0.0;0.0;0.0;fraca
2016;1;31;23;30;0;0;0.0;0.0;0.0;0.0;fraca
2016;1;18;15;30;14;0;0.0;0.0;0.0;0.0;fraca
2016;1;28;8;30;10;0;0.0;0.0;0.0;0.0;fraca
2016;1;11;19;30;25;0;0.0;0.0;0.0;0.0;fraca
2016;1;21;10;30;7;0;0.0;0.0;0.0;0.0;fraca
2016;1;21;8;0;4;0;0.0;0.0;0.0;0.0;fraca
2016;1;26;1;0;2;0;1.77;0.0;0.0;0.2;fraca
2016;1;2;17;0;13;0;0.39;0.0;0.0;2.96;moderada
2016;1;5;8;0;6;0;0.0;0.0;0.0;0.0;fraca
2016;1;22;15;0;9;0;0.0;0.0;0.0;0.0;fraca
2016;1;5;18;30;19;0;0.0;0.0;0.0;0.0;fraca
2016;1;13;18;30;16;0;0.0;0.0;0.0;0.0;fraca
2016;1;21;21;30;10;0;0.0;0.0;0.0;0.0;fraca
2016;1;11;6;0;8;0;0.79;0.0;0.0;0.59;fraca
2016;1;27;2;30;10;0;0.0;0.0;0.0;0.0;fraca
2016;1;13;21;30;10;0;0.0;0.0;0.0;0.0;fraca
2016;1;14;11;30;11;0;0.0;0.0;0.0;0.0;fraca
2016;1;25;20;30;14;2;0.0;8.287956770017487e-06;0.0032258064516129032;0.0;fraca
2016;1;29;11;0;15;0;0.0;0.0;0.0;0.0;fraca
2016;1;23;5;30;4;0;0.0;0.0;0.0;0.0;fraca
2016;1;28;11;30;10;0;0.0;0.0;0.0;0.0;fraca
2016;1;11;13;30;9;1;0.0;4.143978385008743e-06;0.0016129032258064516;0.0;fraca
2016;1;21;5;30;0;0;0.0;0.0;0.0;0.0;fraca
2016;1;5;18;0;5;0;0.0;0.0;0.0;0.0;fraca
2016;1;24;22;0;17;0;0.0;0.0;0.0;0.0;fraca
2016;1;7;23;0;8;0;0.0;0.0;0.0;0.0;fraca
2016;1;22;15;30;21;0;0.0;0.0;0.0;0.0;fraca
2016;1;10;14;0;10;0;0.0;0.0;0.0;0.0;fraca
2016;1;7;11;0;6;0;0.0;0.0;0.0;0.0;fraca
2016;1;14;1;0;4;0;0.0;0.0;0.0;0.0;fraca
2016;1;5;19;30;23;0;0.0;0.0;0.0;0.0;fraca
2016;1;23;14;30;12;0;0.0;0.0;0.0;0.0;fraca
2016;1;11;3;30;2;0;0.0;0.0;0.0;0.2;fraca
2016;1;8;20;0;28;0;0.0;0.0;0.0;0.0;fraca
2016;1;29;0;0;8;0;0.0;0.0;0.0;0.0;fraca
2016;1;23;22;30;14;0;0.0;0.0;0.0;0.0;fraca
2016;1;21;2;0;0;0;0.0;0.0;0.0;0.0;fraca
2016;1;1;7;30;2;0;0.0;0.0;0.0;0.0;fraca
2016;1;25;19;30;22;0;0.0;0.0;0.0;0.0;fraca
2016;1;16;19;30;12;0;0.0;0.0;0.0;0.0;fraca
2016;1;11;21;0;19;0;0.0;0.0;0.0;0.0;fraca
2016;1;2;5;0;0;0;0.0;0.0;0.0;0.0;fraca
2016;1;1;18;0;5;0;0.0;0.0;0.0;0.0;fraca
2016;1;14;22;0;15;1;1.19;4.143978385008743e-06;0.0016129032258064516;2.36;fraca
2016;1;31;15;30;32;0;0.0;0.0;0.0;0.0;fraca
2016;1;16;9;30;11;0;0.0;0.0;0.0;0.0;fraca
2016;1;9;5;0;4;0;0.0;0.0;0.0;0.0;fraca
2016;1;3;20;30;15;0;0.0;0.0;0.0;0.0;fraca
2016;1;21;9;30;12;0;0.0;0.0;0.0;0.0;fraca
2016;1;22;7;30;8;0;0.0;0.0;0.0;0.0;fraca
2016;1;16;14;0;12;0;0.0;0.0;0.0;0.0;fraca
2016;1;16;8;30;1;0;0.0;0.0;0.0;0.0;fraca
2016;1;21;3;30;1;0;0.0;0.0;0.0;0.0;fraca
2016;1;15;15;0;11;0;0.4;0.0;0.0;0.0;fraca
2016;1;15;6;30;1;0;0.39;0.0;0.0;2.75;moderada
2016;1;15;12;0;10;0;0.0;0.0;0.0;0.2;fraca
2016;1;20;15;0;13;0;0.0;0.0;0.0;0.0;fraca
2016;1;17;15;0;18;0;0.0;0.0;0.0;0.0;fraca
2016;1;22;22;30;14;0;0.0;0.0;0.0;0.0;fraca
2016;1;24;8;0;3;0;0.0;0.0;0.0;0.0;fraca
2016;1;25;3;30;1;0;0.0;0.0;0.0;0.0;fraca
2016;1;30;23;0;23;0;0.0;0.0;0.0;0.0;fraca
2016;1;15;9;0;4;0;0.0;0.0;0.0;0.0;fraca
2016;1;17;9;30;4;0;0.0;0.0;0.0;0.0;fraca
2016;1;4;7;30;8;0;0.0;0.0;0.0;0.0;fraca
2016;1;3;13;0;13;0;0.0;0.0;0.0;0.0;fraca
2016;1;26;10;30;9;0;0.0;0.0;0.0;0.0;fraca
2016;1;5;20;30;13;0;0.0;0.0;0.0;0.0;fraca
2016;1;27;0;30;7;0;0.0;0.0;0.0;0.0;fraca
2016;1;8;22;30;28;0;0.0;0.0;0.0;0.0;fraca
2016;1;16;11;30;11;0;0.0;0.0;0.0;0.0;fraca
2016;1;9;14;0;11;0;0.0;0.0;0.0;0.0;fraca
2016;1;4;15;0;3;0;0.0;0.0;0.0;0.0;fraca
2016;1;12;8;0;8;0;0.0;0.0;0.0;0.0;fraca
2016;1;20;23;30;4;0;0.0;0.0;0.0;0.0;fraca
2016;1;4;20;30;18;0;0.0;0.0;0.0;0.0;fraca
2016;1;29;10;0;9;0;0.0;0.0;0.0;0.0;fraca
2016;1;1;10;0;3;0;0.0;0.0;0.0;0.0;fraca
2016;1;31;11;0;14;0;0.0;0.0;0.0;0.0;fraca
2016;1;27;3;30;4;0;0.0;0.0;0.0;0.0;fraca
2016;1;27;13;30;11;0;0.0;0.0;0.0;0.0;fraca
2016;1;15;3;0;0;0;1.77;0.0;0.0;0.4;fraca
2016;1;3;22;30;10;0;0.0;0.0;0.0;0.0;fraca
2016;1;31;1;30;8;0;0.0;0.0;0.0;0.0;fraca
2016;1;18;18;0;14;0;0.0;0.0;0.0;0.0;fraca
2016;1;17;2;30;0;0;0.0;0.0;0.0;0.0;fraca
2016;1;17;13;30;17;0;0.0;0.0;0.0;0.0;fraca
2016;1;3;4;30;0;0;0.0;0.0;0.0;0.0;fraca
2016;1;15;4;0;1;0;0.6;0.0;0.0;0.0;fraca
2016;1;19;12;0;3;0;0.0;0.0;0.0;0.0;fraca
2016;1;27;22;30;8;0;0.4;0.0;0.0;0.2;fraca
2016;1;13;6;30;3;0;0.0;0.0;0.0;0.0;fraca
2016;1;22;14;0;12;0;0.0;0.0;0.0;0.0;fraca
2016;1;18;1;0;0;0;0.0;0.0;0.0;0.0;fraca
2016;1;1;23;30;3;0;0.0;0.0;0.0;0.0;fraca
2016;1;12;20;0;24;0;0.0;0.0;0.0;0.0;fraca
2016;1;14;14;30;8;0;0.0;0.0;0.0;0.0;fraca
2016;1;2;4;30;1;0;0.0;0.0;0.0;0.0;fraca
2016;1;3;12;30;13;0;0.0;0.0;0.0;0.0;fraca
2016;1;27;8;30;10;0;0.0;0.0;0.0;0.0;fraca
2016;1;7;14;0;16;0;0.0;0.0;0.0;0.0;fraca
2016;1;12;0;0;24;0;0.2;0.0;0.0;0.0;fraca
2016;1;31;6;0;1;0;0.0;0.0;0.0;0.0;fraca
2016;1;21;1;30;3;0;0.0;0.0;0.0;0.0;fraca
2016;1;6;7;30;3;0;0.0;0.0;0.0;0.0;fraca
2016;1;25;14;30;16;0;0.0;0.0;0.0;0.0;fraca
2016;1;8;11;30;13;0;0.0;0.0;0.0;0.0;fraca
2016;1;2;10;0;2;0;0.98;0.0;0.0;0.4;fraca
2016;1;30;0;0;9;0;0.0;0.0;0.0;0.0;fraca
2016;1;20;1;30;2;0;0.0;0.0;0.0;0.0;fraca
2016;1;11;5;30;2;0;0.39;0.0;0.0;0.79;fraca
2016;1;23;4;0;3;0;0.0;0.0;0.0;0.0;fraca
2016;1;4;4;0;0;0;0.0;0.0;0.0;0.0;fraca
2016;1;7;20;30;14;0;0.0;0.0;0.0;0.0;fraca
2016;1;1;15;30;5;0;0.0;0.0;0.0;0.0;fraca
2016;1;1;3;0;8;0;0.0;0.0;0.0;0.0;fraca
2016;1;6;18;30;18;0;0.0;0.0;0.0;0.0;fraca
2016;1;17;19;30;21;0;0.0;0.0;0.0;0.0;fraca
2016;1;6;13;0;13;0;0.0;0.0;0.0;0.0;fraca
2016;1;26;15;30;10;0;0.0;0.0;0.0;0.0;fraca
2016;1;30;3;30;5;0;0.39;0.0;0.0;0.0;fraca
2016;1;19;22;0;13;0;0.0;0.0;0.0;0.0;fraca
2016;1;26;0;30;3;0;0.59;0.0;0.0;1.77;fraca
2016;1;29;4;30;1;0;0.0;0.0;0.0;0.0;fraca
2016;1;31;8;30;2;0;0.0;0.0;0.0;0.0;fraca
2016;1;18;21;0;9;0;0.0;0.0;0.0;0.0;fraca
2016;1;14;0;0;4;0;0.0;0.0;0.0;0.0;fraca
2016;1;20;5;30;0;0;0.0;0.0;0.0;0.0;fraca
2016;1;18;4;30;0;0;0.0;0.0;0.0;0.0;fraca
2016;1;10;15;0;32;0;0.0;0.0;0.0;0.0;fraca
2016;1;4;12;30;13;0;0.0;0.0;0.0;0.0;fraca
2016;1;7;22;0;22;0;0.0;0.0;0.0;0.0;fraca
2016;1;14;14;0;13;0;0.0;0.0;0.0;0.0;fraca
2016;1;12;1;30;3;0;0.0;0.0;0.0;0.0;fraca
2016;1;19;18;30;26;0;1.18;0.0;0.0;0.0;fraca
2016;1;22;18;30;10;0;0.0;0.0;0.0;0.0;fraca
2016;1;3;3;30;0;0;0.0;0.0;0.0;0.0;fraca
2016;1;28;15;30;12;0;0.0;0.0;0.0;0.0;fraca
2016;1;16;12;0;9;0;0.0;0.0;0.0;0.0;fraca
2016;1;27;18;0;13;1;0.39;4.143978385008743e-06;0.0016129032258064516;0.2;fraca
2016;1;29;11;30;8;0;0.0;0.0;0.0;0.0;fraca
2016;1;10;13;0;8;0;0.0;0.0;0.0;0.0;fraca
2016;1;28;23;0;20;0;0.0;0.0;0.0;0.0;fraca
2016;1;22;10;0;9;0;0.0;0.0;0.0;0.0;fraca
2016;1;5;23;30;13;0;0.0;0.0;0.0;0.0;fraca
2016;1;5;19;0;18;0;0.0;0.0;0.0;0.0;fraca
2016;1;17;1;30;5;0;0.0;0.0;0.0;0.0;fraca
2016;1;14;18;30;9;0;0.0;0.0;0.0;0.0;fraca
2016;1;11;9;30;4;0;0.0;0.0;0.0;0.2;fraca
2016;1;7;9;0;12;0;0.0;0.0;0.0;0.0;fraca
2016;1;8;11;0;10;0;0.0;0.0;0.0;0.0;fraca
2016;1;28;18;0;19;0;0.0;0.0;0.0;0.0;fraca
2016;1;29;16;30;9;0;0.0;0.0;0.0;0.0;fraca
2016;1;19;5;0;0;0;0.0;0.0;0.0;0.0;fraca
2016;1;7;9;30;13;0;0.0;0.0;0.0;0.0;fraca
2016;1;11;12;30;8;0;0.0;0.0;0.0;0.0;fraca
2016;1;21;0;30;4;0;0.0;0.0;0.0;0.0;fraca
2016;1;22;20;30;27;0;0.0;0.0;0.0;0.0;fraca
2016;1;17;22;30;15;0;0.0;0.0;0.0;0.0;fraca
2016;1;7;4;0;1;0;0.0;0.0;0.0;0.0;fraca
2016;1;14;15;30;9;0;0.0;0.0;0.0;0.0;fraca
2016;1;16;3;0;2;0;0.0;0.0;0.0;0.0;fraca
2016;1;18;19;30;13;0;0.0;0.0;0.0;0.0;fraca
2016;1;29;19;0;20;0;0.0;0.0;0.0;0.0;fraca
2016;1;27;16;30;11;0;0.0;0.0;0.0;1.18;fraca
2016;1;13;16;30;8;0;0.0;0.0;0.0;0.0;fraca
2016;1;17;14;0;14;0;0.0;0.0;0.0;0.0;fraca
2016;1;25;20;0;20;0;0.0;0.0;0.0;0.0;fraca
2016;1;21;16;0;15;0;0.0;0.0;0.0;0.0;fraca
2016;1;17;10;0;8;0;0.0;0.0;0.0;0.0;fraca
2016;1;11;23;0;12;0;0.0;0.0;0.0;0.2;fraca
2016;1;19;7;30;1;0;0.0;0.0;0.0;0.0;fraca
2016;1;12;5;30;1;0;0.98;0.0;0.0;0.59;fraca
2016;1;21;6;30;1;0;0.0;0.0;0.0;0.0;fraca
2016;1;3;4;0;0;0;0.0;0.0;0.0;0.0;fraca
2016;1;1;8;0;2;0;0.0;0.0;0.0;0.0;fraca
2016;1;27;10;30;5;0;0.0;0.0;0.0;0.0;fraca
2016;1;20;4;0;1;0;0.0;0.0;0.0;0.0;fraca
2016;1;16;4;0;1;0;0.0;0.0;0.0;0.0;fraca
2016;1;26;23;30;6;0;0.0;0.0;0.0;0.0;fraca
2016;1;4;17;0;9;0;0.0;0.0;0.0;0.0;fraca
2016;1;23;20;30;19;0;0.0;0.0;0.0;0.0;fraca
2016;1;29;12;30;14;0;0.0;0.0;0.0;0.2;fraca
2016;1;22;22;0;26;0;0.0;0.0;0.0;0.0;fraca
2016;1;16;6;0;2;0;0.0;0.0;0.0;0.0;fraca
2016;1;18;7;30;5;0;0.0;0.0;0.0;0.0;fraca
2016;1;20;10;0;13;0;0.0;0.0;0.0;0.0;fraca
2016;1;20;8;0;6;0;0.0;0.0;0.0;0.0;fraca
2016;1;5;14;30;7;0;0.0;0.0;0.0;0.0;fraca
2016;1;10;21;0;15;0;0.0;0.0;0.0;0.0;fraca
2016;1;15;14;30;19;0;3.34;0.0;0.0;0.4;fraca
2016;1;9;10;0;4;0;0.0;0.0;0.0;0.0;fraca
2016;1;26;18;0;13;0;0.0;0.0;0.0;0.0;fraca
2016;1;15;11;0;9;0;1.38;0.0;0.0;0.0;fraca
2016;1;21;7;30;5;0;0.0;0.0;0.0;0.0;fraca
2016;1;12;21;30;25;0;0.0;0.0;0.0;0.0;fraca
2016;1;14;1;30;3;0;0.0;0.0;0.0;0.0;fraca
2016;1;5;4;30;5;0;0.0;0.0;0.0;0.0;fraca
2016;1;4;18;0;8;0;0.0;0.0;0.0;0.0;fraca
2016;1;23;5;0;0;0;0.0;0.0;0.0;0.0;fraca
2016;1;23;12;0;15;0;0.0;0.0;0.0;0.0;fraca
2016;1;28;17;0;15;1;0.0;4.143978385008743e-06;0.0016129032258064516;0.0;fraca
2016;1;23;12;30;10;0;0.0;0.0;0.0;0.0;fraca
2016;1;22;11;0;6;0;0.0;0.0;0.0;0.0;fraca
2016;1;31;16;0;30;0;0.0;0.0;0.0;0.0;fraca
2016;1;10;11;30;7;0;0.0;0.0;0.0;0.0;fraca
2016;1;9;23;30;0;0;0.0;0.0;0.0;0.0;fraca
2016;1;25;16;30;19;0;0.0;0.0;0.0;0.0;fraca
2016;1;20;7;0;4;0;0.0;0.0;0.0;0.0;fraca
2016;1;3;22;0;11;0;0.0;0.0;0.0;0.0;fraca
2016;1;29;22;0;18;0;0.0;0.0;0.0;0.0;fraca
2016;1;13;23;0;16;0;0.0;0.0;0.0;0.0;fraca
2016;1;13;2;0;0;0;0.0;0.0;0.0;0.0;fraca
2016;1;31;3;30;4;0;0.0;0.0;0.0;0.0;fraca
2016;1;14;15;0;9;0;0.0;0.0;0.0;0.0;fraca
2016;1;14;23;30;4;0;1.57;0.0;0.0;0.6;fraca
2016;1;4;8;0;12;0;0.0;0.0;0.0;0.0;fraca
2016;1;18;9;30;14;0;0.0;0.0;0.0;0.0;fraca
2016;1;19;14;0;6;0;0.0;0.0;0.0;0.0;fraca
2016;1;20;15;30;6;0;0.0;0.0;0.0;0.0;fraca
2016;1;26;18;30;14;0;0.0;0.0;0.0;0.0;fraca
2016;1;9;4;30;13;0;0.0;0.0;0.0;0.0;fraca
2016;1;20;14;0;4;0;0.0;0.0;0.0;0.0;fraca
2016;1;22;11;30;11;0;0.0;0.0;0.0;0.0;fraca
2016;1;18;2;30;1;0;0.0;0.0;0.0;0.0;fraca
2016;1;2;21;30;0;0;0.2;0.0;0.0;0.0;fraca
2016;1;26;7;0;5;0;0.0;0.0;0.0;0.0;fraca
2016;1;5;10;0;8;0;0.0;0.0;0.0;0.0;fraca
2016;1;7;4;30;4;0;0.0;0.0;0.0;0.0;fraca
2016;1;22;19;0;17;0;0.0;0.0;0.0;0.0;fraca
2016;1;3;1;30;0;0;0.0;0.0;0.0;0.0;fraca
2016;1;25;23;0;12;0;2.96;0.0;0.0;0.0;fraca
2016;1;31;11;30;6;0;0.0;0.0;0.0;0.0;fraca
2016;1;19;0;0;3;0;0.0;0.0;0.0;0.0;fraca
2016;1;24;17;30;10;0;2.17;0.0;0.0;6.5;moderada
2016;1;6;2;0;3;0;0.0;0.0;0.0;0.0;fraca
2016;1;21;17;0;4;0;0.0;0.0;0.0;0.0;fraca
2016;1;29;7;30;4;0;0.0;0.0;0.0;0.0;fraca
2016;1;13;9;0;5;0;0.2;0.0;0.0;0.2;fraca
2016;1;12;18;0;17;0;0.0;0.0;0.0;0.0;fraca
2016;1;15;23;30;13;0;0.0;0.0;0.0;0.0;fraca
2016;1;19;6;0;8;0;0.0;0.0;0.0;0.0;fraca
2016;1;8;10;30;8;0;0.0;0.0;0.0;0.0;fraca
2016;1;31;8;0;3;0;0.0;0.0;0.0;0.0;fraca
2016;1;17;5;30;2;0;0.0;0.0;0.0;0.0;fraca
2016;1;6;11;30;8;0;0.0;0.0;0.0;0.0;fraca
2016;1;23;8;30;1;0;0.0;0.0;0.0;0.0;fraca
2016;1;27;1;0;1;0;0.0;0.0;0.0;0.0;fraca
2016;1;9;13;30;13;0;0.0;0.0;0.0;0.0;fraca
2016;1;2;4;0;0;0;0.0;0.0;0.0;0.0;fraca
2016;1;31;2;0;6;0;0.0;0.0;0.0;0.0;fraca
2016;1;28;0;0;10;1;0.2;4.143978385008743e-06;0.0016129032258064516;0.0;fraca
2016;1;4;9;30;6;0;0.0;0.0;0.0;0.0;fraca
2016;1;14;19;30;15;0;0.4;0.0;0.0;0.4;fraca
2016;1;22;14;30;11;0;0.0;0.0;0.0;0.0;fraca
2016;1;12;9;30;8;0;0.0;0.0;0.0;0.0;fraca
2016;1;29;2;0;3;0;0.0;0.0;0.0;0.0;fraca
2016;1;27;15;30;19;1;0.0;4.143978385008743e-06;0.0016129032258064516;0.0;fraca
2016;1;1;17;0;3;0;0.0;0.0;0.0;0.0;fraca
2016;1;16;4;30;2;0;0.0;0.0;0.0;0.0;fraca
2016;1;17;8;0;2;0;0.0;0.0;0.0;0.0;fraca
2016;1;10;4;0;0;0;3.15;0.0;0.0;0.6;fraca
2016;1;20;2;0;1;0;0.0;0.0;0.0;0.0;fraca
2016;1;7;18;0;9;0;0.0;0.0;0.0;0.0;fraca
2016;1;16;8;0;4;0;0.0;0.0;0.0;0.0;fraca
2016;1;14;5;30;1;0;0.0;0.0;0.0;0.0;fraca
2016;1;24;9;0;3;0;0.0;0.0;0.0;0.0;fraca
2016;1;19;21;30;8;0;0.0;0.0;0.0;0.0;fraca
2016;1;7;5;0;0;0;0.0;0.0;0.0;0.0;fraca
2016;1;11;15;30;9;0;0.6;0.0;0.0;0.4;fraca
2016;1;3;9;0;3;0;0.0;0.0;0.0;0.0;fraca
2016;1;4;21;30;10;0;0.0;0.0;0.0;0.0;fraca
2016;1;24;0;0;20;0;0.0;0.0;0.0;0.0;fraca
2016;1;27;19;0;10;2;0.2;8.287956770017487e-06;0.0032258064516129032;7.67;moderada
2016;1;7;18;30;21;0;0.0;0.0;0.0;0.0;fraca
2016;1;4;10;30;8;0;0.0;0.0;0.0;0.0;fraca
2016;1;27;4;30;0;0;0.2;0.0;0.0;0.0;fraca
2016;1;28;10;0;4;0;0.0;0.0;0.0;0.0;fraca
2016;1;8;12;30;13;0;0.0;0.0;0.0;0.0;fraca
2016;1;31;10;0;8;1;0.0;4.143978385008743e-06;0.0016129032258064516;0.0;fraca
2016;1;2;0;0;3;0;0.0;0.0;0.0;0.0;fraca
2016;1;23;11;0;10;0;0.0;0.0;0.0;0.0;fraca
2016;1;27;18;30;19;0;0.2;0.0;0.0;0.2;fraca
2016;1;9;16;30;0;0;7.14;0.0;0.0;0.2;fraca
2016;1;25;12;0;17;0;0.0;0.0;0.0;0.0;fraca
2016;1;17;18;30;14;0;0.0;0.0;0.0;0.0;fraca
2016;1;15;17;0;8;0;0.0;0.0;0.0;0.59;fraca
2016;1;23;18;30;17;0;0.0;0.0;0.0;0.0;fraca
2016;1;12;11;0;7;0;1.18;0.0;0.0;0.0;fraca
2016;1;6;10;0;8;0;0.0;0.0;0.0;0.0;fraca
2016;1;25;22;30;14;0;1.18;0.0;0.0;2.96;moderada
2016;1;4;23;30;20;0;0.0;0.0;0.0;0.0;fraca
2016;1;14;13;30;10;0;0.2;0.0;0.0;0.0;fraca
2016;1;4;0;0;3;0;0.0;0.0;0.0;0.0;fraca
2016;1;26;4;30;0;0;0.0;0.0;0.0;0.0;fraca
2016;1;28;13;30;20;0;0.0;0.0;0.0;0.0;fraca
2016;1;1;14;0;6;0;0.0;0.0;0.0;0.0;fraca
2016;1;29;15;0;15;0;0.0;0.0;0.0;0.0;fraca
2016;1;14;13;0;5;0;0.0;0.0;0.0;0.2;fraca
2016;1;26;3;30;0;0;0.0;0.0;0.0;0.0;fraca
2016;1;3;10;0;7;0;0.0;0.0;0.0;0.0;fraca
2016;1;17;14;30;14;0;0.0;0.0;0.0;0.0;fraca
2016;1;6;13;30;12;0;0.0;0.0;0.0;0.0;fraca
2016;1;28;12;30;8;0;0.0;0.0;0.0;0.0;fraca
2016;1;2;6;0;5;1;0.0;4.143978385008743e-06;0.0016129032258064516;0.0;fraca
2016;1;15;13;30;13;1;0.39;4.143978385008743e-06;0.0016129032258064516;0.2;fraca
2016;1;29;14;0;15;0;0.0;0.0;0.0;0.0;fraca
2016;1;27;6;30;6;0;0.0;0.0;0.0;0.0;fraca
2016;1;30;6;0;3;0;0.0;0.0;0.0;0.0;fraca
2016;1;30;21;30;22;0;0.0;0.0;0.0;0.0;fraca
2016;1;19;22;30;14;0;0.0;0.0;0.0;0.0;fraca
2016;1;15;7;0;2;0;2.75;0.0;0.0;0.2;fraca
2016;1;1;12;30;6;0;0.0;0.0;0.0;0.0;fraca
2016;1;30;3;0;3;0;0.0;0.0;0.0;0.39;fraca
2016;1;16;1;30;2;0;0.0;0.0;0.0;0.0;fraca
2016;1;7;1;0;3;0;0.0;0.0;0.0;0.0;fraca
2016;1;31;2;30;11;0;0.0;0.0;0.0;0.0;fraca
2016;1;22;16;0;14;0;0.0;0.0;0.0;0.0;fraca
2016;1;26;9;30;9;0;0.0;0.0;0.0;0.0;fraca
2016;1;29;1;0;18;0;0.0;0.0;0.0;0.0;fraca
2016;1;24;16;30;11;0;0.0;0.0;0.0;0.0;fraca
2016;1;31;19;0;30;0;0.0;0.0;0.0;0.0;fraca
2016;1;16;10;0;7;0;0.0;0.0;0.0;0.0;fraca
2016;1;26;12;30;7;0;0.0;0.0;0.0;0.0;fraca
2016;1;8;2;0;4;0;0.0;0.0;0.0;0.0;fraca
2016;1;20;16;0;9;0;0.0;0.0;0.0;0.0;fraca
2016;1;3;11;30;4;0;0.0;0.0;0.0;0.0;fraca
2016;1;11;17;0;8;0;0.59;0.0;0.0;0.0;fraca
2016;1;23;9;30;7;0;0.0;0.0;0.0;0.0;fraca
2016;1;4;11;0;6;0;0.0;0.0;0.0;0.0;fraca
2016;1;25;16;0;12;0;0.0;0.0;0.0;0.0;fraca
2016;1;19;21;0;9;0;0.0;0.0;0.0;0.0;fraca
2016;1;29;16;0;15;0;0.0;0.0;0.0;0.0;fraca
2016;1;13;15;30;9;0;0.0;0.0;0.0;0.0;fraca
2016;1;2;18;30;17;0;0.0;0.0;0.0;0.0;fraca
2016;1;21;8;30;7;0;0.0;0.0;0.0;0.0;fraca
2016;1;11;11;0;7;0;0.2;0.0;0.0;0.0;fraca
2016;1;16;22;0;16;0;0.0;0.0;0.0;0.0;fraca
2016;1;28;21;0;29;0;0.0;0.0;0.0;0.0;fraca
2016;1;15;23;0;15;0;0.0;0.0;0.0;0.0;fraca
2016;1;9;9;0;2;0;0.0;0.0;0.0;0.0;fraca
2016;1;31;19;30;25;0;0.0;0.0;0.0;0.0;fraca
2016;1;24;12;30;17;0;0.0;0.0;0.0;0.0;fraca
2016;1;30;13;30;15;0;0.0;0.0;0.0;0.0;fraca
2016;1;22;9;0;12;0;0.0;0.0;0.0;0.0;fraca
2016;1;13;4;30;2;0;0.0;0.0;0.0;0.0;fraca
2016;1;19;1;30;3;0;0.0;0.0;0.0;0.0;fraca
2016;1;29;21;0;21;0;0.0;0.0;0.0;0.0;fraca
2016;1;13;23;30;4;0;0.0;0.0;0.0;0.0;fraca
2016;1;14;22;30;9;0;2.36;0.0;0.0;2.35;fraca
2016;1;4;3;0;1;0;0.0;0.0;0.0;0.0;fraca
2016;1;19;11;0;5;0;0.0;0.0;0.0;0.0;fraca
2016;1;22;6;30;3;0;0.0;0.0;0.0;0.0;fraca
2016;1;31;17;30;41;0;0.0;0.0;0.0;0.0;fraca
2016;1;22;19;30;18;0;0.0;0.0;0.0;0.0;fraca
2016;1;30;4;30;4;0;0.0;0.0;0.0;0.2;fraca
2016;1;10;23;30;8;0;0.2;0.0;0.0;0.98;fraca
2016;1;26;13;30;7;0;0.0;0.0;0.0;0.0;fraca
2016;1;6;4;30;2;0;0.0;0.0;0.0;0.0;fraca
2016;1;6;15;0;7;0;0.0;0.0;0.0;0.0;fraca
2016;1;24;20;0;17;0;0.0;0.0;0.0;0.0;fraca
2016;1;24;7;0;3;0;0.0;0.0;0.0;0.0;fraca
2016;1;2;9;30;5;0;0.59;0.0;0.0;0.98;fraca
2016;1;4;11;30;9;0;0.0;0.0;0.0;0.0;fraca
2016;1;13;20;0;8;0;0.0;0.0;0.0;0.0;fraca
2016;1;14;18;0;6;0;0.0;0.0;0.0;0.0;fraca
2016;1;11;20;0;21;0;0.0;0.0;0.0;0.0;fraca
2016;1;28;6;30;3;0;0.0;0.0;0.0;0.0;fraca
2016;1;21;21;0;11;0;0.0;0.0;0.0;0.0;fraca
2016;1;4;12;0;8;0;0.0;0.0;0.0;0.0;fraca
2016;1;31;3;0;2;0;0.0;0.0;0.0;0.0;fraca
2016;1;25;13;0;10;0;0.0;0.0;0.0;0.0;fraca
2016;1;3;5;30;0;0;0.0;0.0;0.0;0.0;fraca
2016;1;24;11;0;12;0;0.0;0.0;0.0;0.0;fraca
2016;1;6;18;0;11;0;0.0;0.0;0.0;0.0;fraca
2016;1;11;16;0;9;0;0.4;0.0;0.0;0.0;fraca
2016;1;10;3;0;0;0;5.51;0.0;0.0;1.19;fraca
2016;1;21;19;30;14;0;0.0;0.0;0.0;0.0;fraca
2016;1;25;10;0;12;0;0.0;0.0;0.0;0.0;fraca
2016;1;19;2;30;1;0;0.0;0.0;0.0;0.0;fraca
2016;1;24;17;0;21;1;0.0;4.143978385008743e-06;0.0016129032258064516;2.17;fraca
2016;1;20;0;0;4;0;0.0;0.0;0.0;0.0;fraca
2016;1;11;3;0;3;0;0.0;0.0;0.0;0.0;fraca
2016;1;18;11;30;7;0;0.0;0.0;0.0;0.0;fraca
2016;1;8;13;0;9;0;0.0;0.0;0.0;0.0;fraca
2016;1;3;23;0;10;0;0.0;0.0;0.0;0.0;fraca
2016;1;7;7;30;6;0;0.0;0.0;0.0;0.0;fraca
2016;1;21;23;30;7;0;0.0;0.0;0.0;0.0;fraca
2016;1;9;1;0;7;0;0.0;0.0;0.0;0.0;fraca
2016;1;20;16;30;7;0;0.0;0.0;0.0;0.0;fraca
2016;1;28;21;30;16;0;0.0;0.0;0.0;0.0;fraca
2016;1;16;22;30;19;0;0.0;0.0;0.0;0.0;fraca
2016;1;28;10;30;5;0;0.0;0.0;0.0;0.0;fraca
2016;1;31;9;0;1;0;0.0;0.0;0.0;0.0;fraca
2016;1;31;9;30;5;0;0.0;0.0;0.0;0.0;fraca
2016;1;30;1;0;6;0;0.0;0.0;0.0;0.0;fraca
2016;1;30;18;30;24;0;0.0;0.0;0.0;0.0;fraca
2016;1;8;16;0;11;0;0.0;0.0;0.0;0.0;fraca
2016;1;15;2;30;1;0;1.57;0.0;0.0;1.77;fraca
2016;1;7;10;0;10;0;0.0;0.0;0.0;0.0;fraca
2016;1;23;20;0;11;0;0.0;0.0;0.0;0.0;fraca
2016;1;30;16;0;28;0;0.0;0.0;0.0;0.0;fraca
2016;1;22;1;30;1;0;0.0;0.0;0.0;0.0;fraca
2016;1;3;8;0;4;0;0.0;0.0;0.0;0.0;fraca
2016;1;14;8;30;7;0;0.0;0.0;0.0;0.0;fraca
2016;1;28;4;0;1;0;0.0;0.0;0.0;0.0;fraca
2016;1;2;7;0;1;0;0.0;0.0;0.0;0.0;fraca
2016;1;2;16;0;12;0;0.0;0.0;0.0;0.0;fraca
2016;1;17;16;0;13;0;0.0;0.0;0.0;0.0;fraca
2016;1;8;18;0;9;0;0.0;0.0;0.0;0.0;fraca
2016;1;5;6;0;0;0;0.0;0.0;0.0;0.0;fraca
2016;1;17;10;30;3;0;0.0;0.0;0.0;0.0;fraca
2016;1;31;21;0;22;0;0.0;0.0;0.0;0.0;fraca
2016;1;29;12;0;5;0;0.0;0.0;0.0;0.0;fraca
2016;1;31;4;0;3;0;0.0;0.0;0.0;0.0;fraca
2016;1;3;15;30;8;0;0.0;0.0;0.0;0.0;fraca
2016;1;4;14;30;13;0;0.0;0.0;0.0;0.0;fraca
2016;1;26;5;0;1;0;0.0;0.0;0.0;0.0;fraca
2016;1;3;14;30;5;0;0.0;0.0;0.0;0.0;fraca
2016;1;28;0;30;16;0;0.0;0.0;0.0;0.0;fraca
2016;1;12;8;30;7;0;0.0;0.0;0.0;0.0;fraca
2016;1;6;4;0;5;0;0.0;0.0;0.0;0.0;fraca
2016;1;20;1;0;1;0;0.0;0.0;0.0;0.0;fraca
2016;1;3;16;0;7;0;0.0;0.0;0.0;0.0;fraca
2016;1;29;9;30;11;0;0.0;0.0;0.0;0.0;fraca
2016;1;10;9;30;3;0;0.0;0.0;0.0;0.0;fraca
2016;1;8;15;0;10;0;0.0;0.0;0.0;0.0;fraca
2016;1;25;15;0;23;0;0.0;0.0;0.0;0.0;fraca
2016;1;12;16;0;9;0;0.0;0.0;0.0;0.0;fraca
2016;1;2;15;0;17;0;0.0;0.0;0.0;0.0;fraca
2016;1;10;7;0;2;0;0.0;0.0;0.0;0.2;fraca
2016;1;20;8;30;11;0;0.0;0.0;0.0;0.0;fraca
2016;1;18;12;0;4;0;0.0;0.0;0.0;0.0;fraca
2016;1;23;1;0;5;0;0.0;0.0;0.0;0.0;fraca
2016;1;26;17;30;4;0;0.0;0.0;0.0;0.0;fraca
2016;1;20;10;30;7;0;0.0;0.0;0.0;0.0;fraca
2016;1;7;20;0;24;0;0.0;0.0;0.0;0.0;fraca
2016;1;13;1;30;4;0;0.0;0.0;0.0;0.0;fraca
2016;1;29;1;30;0;0;0.0;0.0;0.0;0.0;fraca
2016;1;28;18;30;30;0;0.0;0.0;0.0;0.0;fraca
2016;1;9;7;0;2;0;0.0;0.0;0.0;0.0;fraca
2016;1;3;16;30;9;0;0.0;0.0;0.0;0.0;fraca
2016;1;22;1;0;1;0;0.0;0.0;0.0;0.0;fraca
2016;1;20;2;30;2;0;0.0;0.0;0.0;0.0;fraca
2016;1;26;14;30;12;0;0.0;0.0;0.0;0.0;fraca
2016;1;25;11;30;12;0;0.0;0.0;0.0;0.0;fraca
2016;1;29;23;0;18;0;0.0;0.0;0.0;0.0;fraca
2016;1;26;10;0;23;0;0.0;0.0;0.0;0.0;fraca
2016;1;18;10;0;4;0;0.0;0.0;0.0;0.0;fraca
2016;1;9;20;0;0;0;1.77;0.0;0.0;1.76;fraca
2016;1;26;11;30;10;0;0.0;0.0;0.0;0.0;fraca
2016;1;1;5;0;3;0;0.0;0.0;0.0;0.0;fraca
2016;1;20;12;0;9;0;0.0;0.0;0.0;0.0;fraca
2016;1;10;5;30;0;0;0.0;0.0;0.0;0.0;fraca
2016;1;15;5;0;0;0;0.2;0.0;0.0;0.0;fraca
2016;1;30;14;0;15;0;0.0;0.0;0.0;0.0;fraca
2016;1;15;1;30;2;0;0.6;0.0;0.0;0.2;fraca
2016;1;12;17;30;12;0;0.0;0.0;0.0;0.0;fraca
2016;1;23;23;0;14;0;0.0;0.0;0.0;0.0;fraca
2016;1;8;13;30;15;0;0.0;0.0;0.0;0.0;fraca
2016;1;1;13;0;7;0;0.0;0.0;0.0;0.0;fraca
2016;1;31;5;30;0;0;0.0;0.0;0.0;0.0;fraca
2016;1;30;1;30;5;0;0.0;0.0;0.0;0.0;fraca
2016;1;18;17;0;7;0;0.0;0.0;0.0;0.0;fraca
2016;1;25;23;30;10;0;0.0;0.0;0.0;0.0;fraca
2016;1;25;15;30;11;0;0.0;0.0;0.0;0.0;fraca
2016;1;5;3;0;6;0;0.0;0.0;0.0;0.0;fraca
2016;1;26;7;30;3;0;0.0;0.0;0.0;0.0;fraca
2016;1;23;0;30;10;0;0.0;0.0;0.0;0.0;fraca
2016;1;2;14;0;13;0;0.0;0.0;0.0;0.0;fraca
2016;1;8;21;0;12;0;0.0;0.0;0.0;0.0;fraca
2016;1;13;19;0;15;0;0.0;0.0;0.0;0.0;fraca
2016;1;28;1;30;7;0;0.0;0.0;0.0;0.0;fraca
2016;1;24;15;0;11;0;0.0;0.0;0.0;0.0;fraca
2016;1;6;20;0;12;0;0.0;0.0;0.0;0.0;fraca
2016;1;20;6;0;4;0;0.0;0.0;0.0;0.0;fraca
2016;1;5;17;0;16;0;0.0;0.0;0.0;0.0;fraca
2016;1;30;14;30;22;0;0.0;0.0;0.0;0.0;fraca
2016;1;29;2;30;4;0;0.0;0.0;0.0;0.0;fraca
2016;1;13;0;30;3;0;0.0;0.0;0.0;0.0;fraca
2016;1;26;20;0;6;0;0.0;0.0;0.0;0.0;fraca
2016;1;21;14;30;10;0;0.0;0.0;0.0;0.0;fraca
2016;1;5;23;0;9;0;0.0;0.0;0.0;0.0;fraca
2016;1;9;19;0;0;0;0.2;0.0;0.0;0.0;fraca
2016;1;30;10;30;12;0;0.0;0.0;0.0;0.0;fraca
2016;1;24;2;0;6;0;0.0;0.0;0.0;0.0;fraca
2016;1;6;10;30;10;0;0.0;0.0;0.0;0.0;fraca
2016;1;7;5;30;1;0;0.0;0.0;0.0;0.0;fraca
2016;1;9;3;0;4;0;0.2;0.0;0.0;0.0;fraca
2016;1;14;4;0;0;0;0.0;0.0;0.0;0.0;fraca
2016;1;14;23;0;10;0;2.35;0.0;0.0;1.57;fraca
2016;1;10;12;30;11;1;0.0;4.143978385008743e-06;0.0016129032258064516;0.0;fraca
2016;1;27;23;0;13;0;0.2;0.0;0.0;0.0;fraca
2016;1;17;3;0;1;0;0.0;0.0;0.0;0.0;fraca
2016;1;15;22;0;11;0;0.0;0.0;0.0;0.0;fraca
2016;1;24;20;30;20;0;0.0;0.0;0.0;0.0;fraca
2016;1;12;19;0;26;0;0.0;0.0;0.0;0.0;fraca
2016;1;31;22;0;0;0;0.0;0.0;0.0;0.0;fraca
2016;1;20;0;30;1;0;0.0;0.0;0.0;0.0;fraca
2016;1;10;10;30;5;0;0.0;0.0;0.0;0.0;fraca
2016;1;5;6;30;2;0;0.0;0.0;0.0;0.0;fraca
2016;1;3;6;0;0;0;0.0;0.0;0.0;0.0;fraca
2016;1;21;1;0;3;0;0.0;0.0;0.0;0.0;fraca
2016;1;30;16;30;29;0;0.0;0.0;0.0;0.0;fraca
2016;1;14;17;0;10;0;0.0;0.0;0.0;0.0;fraca
2016;1;30;0;30;14;0;0.0;0.0;0.0;0.0;fraca
2016;1;24;18;0;17;0;6.5;0.0;0.0;0.0;fraca
2016;1;24;3;30;3;0;0.0;0.0;0.0;0.0;fraca
2016;1;30;23;30;21;0;0.0;0.0;0.0;0.0;fraca
2016;1;9;15;30;11;1;0.0;4.143978385008743e-06;0.0016129032258064516;0.0;fraca
2016;1;11;4;0;4;0;0.2;0.0;0.0;0.79;fraca
2016;1;13;10;30;15;0;0.0;0.0;0.0;0.0;fraca
2016;1;9;19;30;0;0;0.0;0.0;0.0;1.77;fraca
2016;1;14;9;0;8;0;0.0;0.0;0.0;0.0;fraca
2016;1;21;16;30;7;0;0.0;0.0;0.0;0.0;fraca
2016;1;18;18;30;12;0;0.0;0.0;0.0;0.0;fraca
2016;1;16;5;0;6;0;0.0;0.0;0.0;0.0;fraca
2016;1;10;1;0;0;0;0.2;0.0;0.0;0.0;fraca
2016;1;22;0;0;7;0;0.0;0.0;0.0;0.0;fraca
2016;1;29;23;30;20;0;0.0;0.0;0.0;0.0;fraca
2016;1;18;23;0;6;0;0.0;0.0;0.0;0.0;fraca
2016;1;25;14;0;19;0;0.0;0.0;0.0;0.0;fraca
2016;1;11;21;30;7;0;0.0;0.0;0.0;0.0;fraca
2016;1;27;14;30;15;0;0.0;0.0;0.0;0.0;fraca
2016;1;30;15;30;33;0;0.0;0.0;0.0;0.0;fraca
2016;1;3;5;0;0;0;0.0;0.0;0.0;0.0;fraca
2016;1;28;22;0;10;0;0.0;0.0;0.0;0.0;fraca
2016;1;27;9;30;6;0;0.0;0.0;0.0;0.0;fraca
2016;1;10;8;0;1;0;0.0;0.0;0.0;0.0;fraca
2016;1;27;23;30;12;0;0.0;0.0;0.0;0.2;fraca
2016;1;24;16;0;11;1;0.0;4.143978385008743e-06;0.0016129032258064516;0.0;fraca
2016;1;21;0;0;5;0;0.0;0.0;0.0;0.0;fraca
2016;1;10;13;30;6;0;0.0;0.0;0.0;0.0;fraca
2016;1;13;5;30;2;0;0.0;0.0;0.0;0.0;fraca
2016;1;1;11;0;1;0;0.0;0.0;0.0;0.0;fraca
2016;1;25;21;30;19;0;0.0;0.0;0.0;0.4;fraca
2016;1;1;2;0;3;0;0.0;0.0;0.0;0.0;fraca
2016;1;3;17;0;5;0;0.0;0.0;0.0;0.0;fraca
2016;1;19;23;0;5;0;0.0;0.0;0.0;0.0;fraca
2016;1;30;9;30;3;0;0.0;0.0;0.0;0.0;fraca
2016;1;9;8;0;2;0;0.0;0.0;0.0;0.0;fraca
2016;1;23;6;0;5;0;0.0;0.0;0.0;0.0;fraca
2016;1;4;21;0;18;0;0.0;0.0;0.0;0.0;fraca
2016;1;18;3;0;0;0;0.0;0.0;0.0;0.0;fraca
2016;1;31;12;30;22;0;0.0;0.0;0.0;0.0;fraca
2016;1;12;14;0;10;0;0.0;0.0;0.0;0.0;fraca
2016;1;18;2;0;0;0;0.0;0.0;0.0;0.0;fraca
2016;1;5;22;0;8;0;0.0;0.0;0.0;0.0;fraca
2016;1;9;0;30;5;0;0.0;0.0;0.0;0.0;fraca
2016;1;13;22;30;14;0;0.0;0.0;0.0;0.0;fraca
2016;1;7;16;30;9;0;0.0;0.0;0.0;0.0;fraca
2016;1;15;17;30;11;1;0.59;4.143978385008743e-06;0.0016129032258064516;0.4;fraca
2016;1;8;4;0;1;0;0.0;0.0;0.0;0.0;fraca
2016;1;13;14;30;15;0;0.0;0.0;0.0;0.0;fraca
2016;1;19;2;0;0;0;0.0;0.0;0.0;0.0;fraca
2016;1;19;15;30;10;0;0.0;0.0;0.0;0.0;fraca
2016;1;9;11;30;11;0;0.0;0.0;0.0;0.0;fraca
2016;1;12;15;0;9;0;0.0;0.0;0.0;0.0;fraca
2016;1;25;5;30;2;0;0.0;0.0;0.0;0.0;fraca
2016;1;26;8;30;11;0;0.0;0.0;0.0;0.0;fraca
2016;1;30;11;30;7;0;0.0;0.0;0.0;0.0;fraca
2016;1;28;16;30;13;0;0.0;0.0;0.0;0.0;fraca
2016;1;2;2;0;8;0;0.0;0.0;0.0;0.0;fraca
2016;1;21;20;30;17;0;0.0;0.0;0.0;0.0;fraca
2016;1;15;16;0;8;0;0.0;0.0;0.0;0.0;fraca
2016;1;14;16;0;5;0;0.0;0.0;0.0;0.0;fraca
2016;1;16;16;0;12;0;0.0;0.0;0.0;0.0;fraca
2016;1;28;11;0;10;0;0.0;0.0;0.0;0.0;fraca
2016;1;31;16;30;35;0;0.0;0.0;0.0;0.0;fraca
2016;1;19;3;0;0;0;0.0;0.0;0.0;0.0;fraca
2016;1;16;18;0;16;0;0.0;0.0;0.0;0.0;fraca
2016;1;3;0;0;0;0;0.0;0.0;0.0;0.0;fraca
2016;1;10;6;0;0;0;0.0;0.0;0.0;0.0;fraca
2016;1;8;14;30;13;0;0.0;0.0;0.0;0.0;fraca
2016;1;6;23;0;9;0;0.0;0.0;0.0;0.0;fraca
2016;1;16;6;30;0;0;0.0;0.0;0.0;0.0;fraca
2016;1;6;12;30;9;0;0.0;0.0;0.0;0.0;fraca
2016;1;17;7;30;0;0;0.0;0.0;0.0;0.0;fraca
2016;1;13;0;0;5;0;0.0;0.0;0.0;0.0;fraca
2016;1;5;12;30;7;0;0.0;0.0;0.0;0.0;fraca
2016;1;27;20;30;13;0;1.57;0.0;0.0;1.37;fraca
2016;1;24;5;0;1;0;0.0;0.0;0.0;0.0;fraca
2016;1;20;21;0;12;0;0.0;0.0;0.0;0.0;fraca
2016;1;8;7;0;3;0;0.0;0.0;0.0;0.0;fraca
2016;1;25;18;30;22;0;0.0;0.0;0.0;0.0;fraca
2016;1;5;2;30;0;0;0.0;0.0;0.0;0.0;fraca
2016;1;18;20;30;16;0;0.0;0.0;0.0;0.0;fraca
2016;1;13;3;0;0;0;0.0;0.0;0.0;0.0;fraca
2016;1;2;15;30;12;0;0.0;0.0;0.0;0.0;fraca
2016;1;17;3;30;3;0;0.0;0.0;0.0;0.0;fraca
2016;1;12;7;30;10;0;0.0;0.0;0.0;0.0;fraca
2016;1;8;7;30;2;0;0.0;0.0;0.0;0.0;fraca
2016;1;3;19;30;9;0;0.0;0.0;0.0;0.0;fraca
2016;1;4;19;0;13;0;0.0;0.0;0.0;0.0;fraca
2016;1;11;14;0;11;0;0.0;0.0;0.0;0.2;fraca
2016;1;12;4;0;0;0;0.0;0.0;0.0;0.59;fraca
2016;1;5;21;30;5;0;0.0;0.0;0.0;0.0;fraca
2016;1;9;12;30;13;0;0.0;0.0;0.0;0.0;fraca
2016;1;13;16;0;16;0;0.0;0.0;0.0;0.0;fraca
2016;1;30;20;0;23;0;0.0;0.0;0.0;0.0;fraca
2016;1;1;14;30;4;0;0.0;0.0;0.0;0.0;fraca
2016;1;14;19;0;12;0;0.0;0.0;0.0;0.4;fraca
2016;1;12;1;0;7;0;0.0;0.0;0.0;0.0;fraca
2016;1;12;17;0;19;0;0.0;0.0;0.0;0.0;fraca
2016;1;4;16;30;4;0;0.0;0.0;0.0;0.0;fraca
2016;1;10;4;30;0;0;0.6;0.0;0.0;0.0;fraca
2016;1;7;23;30;15;0;0.0;0.0;0.0;0.0;fraca
2016;1;8;5;0;1;0;0.0;0.0;0.0;0.0;fraca
2016;1;28;16;0;3;0;0.0;0.0;0.0;0.0;fraca
2016;1;22;13;30;24;0;0.0;0.0;0.0;0.0;fraca
2016;1;23;18;0;19;0;0.0;0.0;0.0;0.0;fraca
2016;1;11;1;30;5;0;0.4;0.0;0.0;0.0;fraca
2016;1;16;5;30;4;0;0.0;0.0;0.0;0.0;fraca
2016;1;11;2;30;4;0;0.0;0.0;0.0;0.0;fraca
2016;1;21;10;0;11;0;0.0;0.0;0.0;0.0;fraca
2016;1;30;10;0;5;0;0.0;0.0;0.0;0.0;fraca
2016;1;29;3;30;0;0;0.0;0.0;0.0;0.0;fraca
2016;1;26;14;0;10;0;0.0;0.0;0.0;0.0;fraca
2016;1;22;4;0;1;0;0.0;0.0;0.0;0.0;fraca
2016;1;28;3;30;0;0;0.0;0.0;0.0;0.0;fraca
2016;1;28;17;30;12;0;0.0;0.0;0.0;0.0;fraca
2016;1;29;4;0;0;0;0.0;0.0;0.0;0.0;fraca
2016;1;14;20;0;8;0;0.4;0.0;0.0;0.0;fraca
2016;1;11;8;30;3;0;0.2;0.0;0.0;0.4;fraca
2016;1;17;7;0;2;0;0.0;0.0;0.0;0.0;fraca
2016;1;23;3;0;3;0;0.0;0.0;0.0;0.0;fraca
2016;1;6;15;30;10;0;0.0;0.0;0.0;0.0;fraca
2016;1;10;1;30;5;0;0.0;0.0;0.0;0.0;fraca
2016;1;19;10;0;9;0;0.0;0.0;0.0;0.0;fraca
2016;1;23;16;30;27;0;0.0;0.0;0.0;0.0;fraca
2016;1;11;0;0;11;0;0.98;0.0;0.0;1.18;fraca
2016;1;22;17;30;19;0;0.0;0.0;0.0;0.0;fraca
2016;1;15;13;0;19;0;0.0;0.0;0.0;0.39;fraca
2016;1;27;17;0;7;0;1.18;0.0;0.0;14.77;forte
2016;1;25;1;0;3;0;0.0;0.0;0.0;0.0;fraca
2016;1;11;18;30;12;0;0.0;0.0;0.0;0.0;fraca
2016;1;21;15;30;11;0;0.0;0.0;0.0;0.0;fraca
2016;1;2;11;30;2;0;0.0;0.0;0.0;0.0;fraca
2016;1;1;22;0;6;0;0.6;0.0;0.0;0.0;fraca
2016;1;5;16;30;14;0;0.0;0.0;0.0;0.0;fraca
2016;1;8;0;30;8;0;0.0;0.0;0.0;0.0;fraca
2016;1;21;22;0;11;0;0.0;0.0;0.0;0.0;fraca
2016;1;18;4;0;0;0;0.0;0.0;0.0;0.0;fraca
2016;1;26;15;0;9;0;0.0;0.0;0.0;0.0;fraca
2016;1;2;22;0;0;0;0.0;0.0;0.0;0.0;fraca
2016;1;18;3;30;0;0;0.0;0.0;0.0;0.0;fraca
2016;1;30;5;30;1;0;1.57;0.0;0.0;0.0;fraca
2016;1;15;2;0;1;0;0.2;0.0;0.0;1.57;fraca
2016;1;7;17;30;9;0;0.0;0.0;0.0;0.0;fraca
2016;1;6;14;0;10;0;0.0;0.0;0.0;0.0;fraca
2016;1;7;0;30;10;0;0.0;0.0;0.0;0.0;fraca
2016;1;10;18;0;13;0;0.0;0.0;0.0;0.0;fraca
2016;1;20;13;30;11;0;0.0;0.0;0.0;0.0;fraca
2016;1;15;3;30;1;0;0.4;0.0;0.0;0.6;fraca
2016;1;20;12;30;11;0;0.0;0.0;0.0;0.0;fraca
2016;1;24;21;30;25;0;0.0;0.0;0.0;0.0;fraca
2016;1;9;8;30;2;0;0.0;0.0;0.0;0.0;fraca
2016;1;22;3;30;0;0;0.0;0.0;0.0;0.0;fraca
2016;1;20;17;0;8;0;0.0;0.0;0.0;0.0;fraca
2016;1;17;11;0;6;0;0.0;0.0;0.0;0.0;fraca
2016;1;14;6;0;3;0;0.0;0.0;0.0;0.0;fraca
2016;1;30;5;0;1;0;0.2;0.0;0.0;1.57;fraca
2016;1;16;23;0;13;0;0.0;0.0;0.0;0.0;fraca
2016;1;23;22;0;18;0;0.0;0.0;0.0;0.0;fraca
2016;1;23;17;0;13;0;0.0;0.0;0.0;0.0;fraca
2016;1;29;5;0;3;0;0.0;0.0;0.0;0.0;fraca
2016;1;4;16;0;8;0;0.0;0.0;0.0;0.0;fraca
2016;1;21;11;30;5;0;0.0;0.0;0.0;0.0;fraca
2016;1;6;23;30;8;0;0.0;0.0;0.0;0.0;fraca
2016;1;28;3;0;0;0;0.0;0.0;0.0;0.0;fraca
2016;1;31;6;30;1;0;0.0;0.0;0.0;0.0;fraca
2016;1;19;19;0;6;0;0.0;0.0;0.0;0.0;fraca
2016;1;20;19;0;23;0;0.0;0.0;0.0;0.0;fraca
2016;1;2;19;0;20;0;0.0;0.0;0.0;0.0;fraca
2016;1;14;20;30;17;0;0.0;0.0;0.0;0.2;fraca
2016;1;13;20;30;13;0;0.0;0.0;0.0;0.0;fraca
2016;1;4;6;30;4;0;0.0;0.0;0.0;0.0;fraca
2016;1;6;16;30;8;0;0.0;0.0;0.0;0.0;fraca
2016;1;18;21;30;18;0;0.0;0.0;0.0;0.0;fraca
2016;1;9;21;30;0;0;2.36;0.0;0.0;0.59;fraca
2016;1;6;22;0;21;0;0.0;0.0;0.0;0.0;fraca
2016;1;13;11;30;4;0;0.0;0.0;0.0;0.0;fraca
2016;1;15;16;30;8;0;0.0;0.0;0.0;0.0;fraca
2016;1;18;13;30;11;0;0.0;0.0;0.0;0.0;fraca
2016;1;11;12;0;11;0;0.2;0.0;0.0;0.0;fraca
2016;1;13;19;30;23;0;0.0;0.0;0.0;0.0;fraca
2016;1;4;0;30;10;0;0.0;0.0;0.0;0.0;fraca
2016;1;12;12;30;11;0;0.0;0.0;0.0;0.0;fraca
2016;1;12;16;30;21;0;0.0;0.0;0.0;0.0;fraca
2016;1;19;13;30;11;0;0.0;0.0;0.0;0.0;fraca
2016;1;29;18;30;23;0;0.0;0.0;0.0;0.0;fraca
2016;1;31;15;0;16;0;0.0;0.0;0.0;0.0;fraca
2016;1;9;13;0;15;0;0.0;0.0;0.0;0.0;fraca
2016;1;5;15;0;12;0;0.0;0.0;0.0;0.0;fraca
2016;1;27;15;0;12;0;0.0;0.0;0.0;0.0;fraca
2016;1;14;12;30;13;0;0.0;0.0;0.0;0.0;fraca
2016;1;24;19;0;17;0;0.0;0.0;0.0;0.0;fraca
2016;1;5;10;30;6;0;0.0;0.0;0.0;0.0;fraca
2016;1;26;17;0;10;0;0.0;0.0;0.0;0.0;fraca
2016;1;18;16;0;14;0;0.0;0.0;0.0;0.0;fraca
2016;1;9;6;0;0;0;0.0;0.0;0.0;0.0;fraca
2016;1;12;13;0;13;0;0.0;0.0;0.0;0.0;fraca
2016;1;30;18;0;28;0;0.0;0.0;0.0;0.0;fraca
2016;1;10;15;30;18;0;0.0;0.0;0.0;0.0;fraca
