hour;minute;tweets;related;rainfall (mm/30min);precision;recall;Normalized hour;Normalized minute;Normalized tweets;Normalized related;Normalized rainfall (mm/30min);Normalized precision;Normalized recall;Next batch rainfall (mm/30min);Next batch rainfall class
16;0;0;0;0.0;0.0;0.0;0.6956521739130435;0.0;0.0;0.0;0.0;0.0;0.0;0.0;0
19;30;0;0;0.0;0.0;0.0;0.8260869565217391;1.0;0.0;0.0;0.0;0.0;0.0;0.0;0
19;0;1;0;0.0;0.0;0.0;0.8260869565217391;0.0;0.04;0.0;0.0;0.0;0.0;0.0;0
23;30;0;0;0.0;0.0;0.0;1.0;1.0;0.0;0.0;0.0;0.0;0.0;0.0;0
20;30;1;0;0.6;0.0;0.0;0.8695652173913043;1.0;0.04;0.0;0.01749271137026239;0.0;0.0;0.0;0
5;0;0;0;0.0;0.0;0.0;0.21739130434782608;0.0;0.0;0.0;0.0;0.0;0.0;0.0;0
0;0;1;0;0.0;0.0;0.0;0.0;0.0;0.04;0.0;0.0;0.0;0.0;0.0;0
13;0;1;0;0.0;0.0;0.0;0.5652173913043478;0.0;0.04;0.0;0.0;0.0;0.0;0.0;0
4;30;0;0;0.0;0.0;0.0;0.17391304347826086;1.0;0.0;0.0;0.0;0.0;0.0;0.0;0
7;30;0;0;0.0;0.0;0.0;0.30434782608695654;1.0;0.0;0.0;0.0;0.0;0.0;0.0;0
6;0;0;0;0.0;0.0;0.0;0.2608695652173913;0.0;0.0;0.0;0.0;0.0;0.0;0.2;0
19;30;1;0;0.0;0.0;0.0;0.8260869565217391;1.0;0.04;0.0;0.0;0.0;0.0;0.0;0
22;0;0;0;0.0;0.0;0.0;0.9565217391304348;0.0;0.0;0.0;0.0;0.0;0.0;0.0;0
17;0;0;0;0.0;0.0;0.0;0.7391304347826086;0.0;0.0;0.0;0.0;0.0;0.0;0.0;0
21;30;2;0;0.0;0.0;0.0;0.9130434782608695;1.0;0.08;0.0;0.0;0.0;0.0;0.0;0
21;0;0;0;3.34;0.0;0.0;0.9130434782608695;0.0;0.0;0.0;0.09737609329446065;0.0;0.0;1.37;0
22;30;0;0;0.0;0.0;0.0;0.9565217391304348;1.0;0.0;0.0;0.0;0.0;0.0;0.0;0
18;0;3;0;0.0;0.0;0.0;0.782608695652174;0.0;0.12;0.0;0.0;0.0;0.0;0.0;0
21;0;0;0;0.0;0.0;0.0;0.9130434782608695;0.0;0.0;0.0;0.0;0.0;0.0;0.0;0
4;0;0;0;0.0;0.0;0.0;0.17391304347826086;0.0;0.0;0.0;0.0;0.0;0.0;0.0;0
1;0;0;0;0.98;0.0;0.0;0.043478260869565216;0.0;0.0;0.0;0.028571428571428574;0.0;0.0;0.4;0
16;0;0;0;0.0;0.0;0.0;0.6956521739130435;0.0;0.0;0.0;0.0;0.0;0.0;0.0;0
10;0;0;0;0.0;0.0;0.0;0.43478260869565216;0.0;0.0;0.0;0.0;0.0;0.0;0.0;0
3;30;0;0;0.0;0.0;0.0;0.13043478260869565;1.0;0.0;0.0;0.0;0.0;0.0;0.0;0
5;30;0;0;0.0;0.0;0.0;0.21739130434782608;1.0;0.0;0.0;0.0;0.0;0.0;0.0;0
20;30;1;0;0.0;0.0;0.0;0.8695652173913043;1.0;0.04;0.0;0.0;0.0;0.0;0.0;0
18;0;0;0;0.0;0.0;0.0;0.782608695652174;0.0;0.0;0.0;0.0;0.0;0.0;0.0;0
15;30;0;0;0.0;0.0;0.0;0.6521739130434783;1.0;0.0;0.0;0.0;0.0;0.0;0.0;0
23;30;0;0;0.0;0.0;0.0;1.0;1.0;0.0;0.0;0.0;0.0;0.0;0.0;0
10;0;0;0;0.0;0.0;0.0;0.43478260869565216;0.0;0.0;0.0;0.0;0.0;0.0;0.0;0
17;30;1;0;0.0;0.0;0.0;0.7391304347826086;1.0;0.04;0.0;0.0;0.0;0.0;0.0;0
21;30;0;0;1.37;0.0;0.0;0.9130434782608695;1.0;0.0;0.0;0.03994169096209913;0.0;0.0;0.59;0
13;30;0;0;0.0;0.0;0.0;0.5652173913043478;1.0;0.0;0.0;0.0;0.0;0.0;0.0;0
15;0;0;0;0.0;0.0;0.0;0.6521739130434783;0.0;0.0;0.0;0.0;0.0;0.0;0.0;0
23;30;0;0;0.0;0.0;0.0;1.0;1.0;0.0;0.0;0.0;0.0;0.0;0.0;0
2;30;0;0;0.0;0.0;0.0;0.08695652173913043;1.0;0.0;0.0;0.0;0.0;0.0;0.0;0
17;0;0;0;0.0;0.0;0.0;0.7391304347826086;0.0;0.0;0.0;0.0;0.0;0.0;0.0;0
11;30;0;0;0.0;0.0;0.0;0.4782608695652174;1.0;0.0;0.0;0.0;0.0;0.0;0.0;0
18;0;0;0;0.2;0.0;0.0;0.782608695652174;0.0;0.0;0.0;0.005830903790087464;0.0;0.0;0.59;0
4;0;0;0;0.0;0.0;0.0;0.17391304347826086;0.0;0.0;0.0;0.0;0.0;0.0;0.0;0
0;30;0;0;0.0;0.0;0.0;0.0;1.0;0.0;0.0;0.0;0.0;0.0;0.0;0
12;0;0;0;0.2;0.0;0.0;0.5217391304347826;0.0;0.0;0.0;0.005830903790087464;0.0;0.0;0.0;0
20;30;9;0;0.0;0.0;0.0;0.8695652173913043;1.0;0.36;0.0;0.0;0.0;0.0;0.0;0
23;0;2;0;0.0;0.0;0.0;1.0;0.0;0.08;0.0;0.0;0.0;0.0;0.0;0
11;30;2;0;0.0;0.0;0.0;0.4782608695652174;1.0;0.08;0.0;0.0;0.0;0.0;0.0;0
0;0;0;0;0.0;0.0;0.0;0.0;0.0;0.0;0.0;0.0;0.0;0.0;0.0;0
14;30;1;0;0.0;0.0;0.0;0.6086956521739131;1.0;0.04;0.0;0.0;0.0;0.0;0.0;0
9;30;1;0;0.0;0.0;0.0;0.391304347826087;1.0;0.04;0.0;0.0;0.0;0.0;0.0;0
2;0;0;0;0.0;0.0;0.0;0.08695652173913043;0.0;0.0;0.0;0.0;0.0;0.0;0.0;0
16;0;1;0;0.0;0.0;0.0;0.6956521739130435;0.0;0.04;0.0;0.0;0.0;0.0;0.0;0
21;30;1;0;0.0;0.0;0.0;0.9130434782608695;1.0;0.04;0.0;0.0;0.0;0.0;0.0;0
9;30;0;0;0.0;0.0;0.0;0.391304347826087;1.0;0.0;0.0;0.0;0.0;0.0;0.0;0
9;30;0;0;0.2;0.0;0.0;0.391304347826087;1.0;0.0;0.0;0.005830903790087464;0.0;0.0;0.59;0
22;0;1;0;0.0;0.0;0.0;0.9565217391304348;0.0;0.04;0.0;0.0;0.0;0.0;0.0;0
18;30;2;0;0.0;0.0;0.0;0.782608695652174;1.0;0.08;0.0;0.0;0.0;0.0;0.0;0
15;30;0;0;0.0;0.0;0.0;0.6521739130434783;1.0;0.0;0.0;0.0;0.0;0.0;0.0;0
4;0;0;0;0.0;0.0;0.0;0.17391304347826086;0.0;0.0;0.0;0.0;0.0;0.0;0.0;0
19;0;2;0;0.0;0.0;0.0;0.8260869565217391;0.0;0.08;0.0;0.0;0.0;0.0;0.0;0
12;30;0;0;0.2;0.0;0.0;0.5217391304347826;1.0;0.0;0.0;0.005830903790087464;0.0;0.0;0.0;0
16;30;3;0;0.0;0.0;0.0;0.6956521739130435;1.0;0.12;0.0;0.0;0.0;0.0;0.0;0
5;0;0;0;0.0;0.0;0.0;0.21739130434782608;0.0;0.0;0.0;0.0;0.0;0.0;0.0;0
20;0;1;0;0.0;0.0;0.0;0.8695652173913043;0.0;0.04;0.0;0.0;0.0;0.0;0.0;0
13;30;0;0;0.0;0.0;0.0;0.5652173913043478;1.0;0.0;0.0;0.0;0.0;0.0;0.0;0
2;0;0;0;0.0;0.0;0.0;0.08695652173913043;0.0;0.0;0.0;0.0;0.0;0.0;0.0;0
5;30;0;0;0.0;0.0;0.0;0.21739130434782608;1.0;0.0;0.0;0.0;0.0;0.0;0.0;0
12;30;0;0;0.0;0.0;0.0;0.5217391304347826;1.0;0.0;0.0;0.0;0.0;0.0;0.0;0
17;0;1;0;0.2;0.0;0.0;0.7391304347826086;0.0;0.04;0.0;0.005830903790087464;0.0;0.0;0.0;0
6;0;0;0;0.0;0.0;0.0;0.2608695652173913;0.0;0.0;0.0;0.0;0.0;0.0;0.0;0
1;30;0;0;0.2;0.0;0.0;0.043478260869565216;1.0;0.0;0.0;0.005830903790087464;0.0;0.0;0.0;0
0;30;1;0;0.0;0.0;0.0;0.0;1.0;0.04;0.0;0.0;0.0;0.0;0.0;0
1;0;0;0;1.97;0.0;0.0;0.043478260869565216;0.0;0.0;0.0;0.05743440233236152;0.0;0.0;0.2;0
13;30;0;0;0.0;0.0;0.0;0.5652173913043478;1.0;0.0;0.0;0.0;0.0;0.0;0.0;0
16;0;4;0;0.0;0.0;0.0;0.6956521739130435;0.0;0.16;0.0;0.0;0.0;0.0;0.0;0
7;0;1;0;0.4;0.0;0.0;0.30434782608695654;0.0;0.04;0.0;0.011661807580174929;0.0;0.0;0.2;0
14;0;0;0;0.0;0.0;0.0;0.6086956521739131;0.0;0.0;0.0;0.0;0.0;0.0;0.0;0
1;0;0;0;0.0;0.0;0.0;0.043478260869565216;0.0;0.0;0.0;0.0;0.0;0.0;0.0;0
14;0;0;0;0.0;0.0;0.0;0.6086956521739131;0.0;0.0;0.0;0.0;0.0;0.0;0.0;0
0;30;0;0;0.0;0.0;0.0;0.0;1.0;0.0;0.0;0.0;0.0;0.0;0.0;0
21;0;3;0;0.0;0.0;0.0;0.9130434782608695;0.0;0.12;0.0;0.0;0.0;0.0;0.0;0
14;30;0;0;0.0;0.0;0.0;0.6086956521739131;1.0;0.0;0.0;0.0;0.0;0.0;0.0;0
20;0;0;0;0.0;0.0;0.0;0.8695652173913043;0.0;0.0;0.0;0.0;0.0;0.0;0.0;0
4;0;0;0;0.0;0.0;0.0;0.17391304347826086;0.0;0.0;0.0;0.0;0.0;0.0;0.0;0
3;30;0;0;0.0;0.0;0.0;0.13043478260869565;1.0;0.0;0.0;0.0;0.0;0.0;0.0;0
10;30;5;0;0.2;0.0;0.0;0.43478260869565216;1.0;0.2;0.0;0.005830903790087464;0.0;0.0;0.4;0
11;30;0;0;0.2;0.0;0.0;0.4782608695652174;1.0;0.0;0.0;0.005830903790087464;0.0;0.0;0.0;0
2;30;0;0;0.0;0.0;0.0;0.08695652173913043;1.0;0.0;0.0;0.0;0.0;0.0;0.0;0
20;30;3;0;0.0;0.0;0.0;0.8695652173913043;1.0;0.12;0.0;0.0;0.0;0.0;0.0;0
0;0;0;0;0.0;0.0;0.0;0.0;0.0;0.0;0.0;0.0;0.0;0.0;0.0;0
1;0;0;0;0.0;0.0;0.0;0.043478260869565216;0.0;0.0;0.0;0.0;0.0;0.0;0.0;0
3;0;0;0;0.0;0.0;0.0;0.13043478260869565;0.0;0.0;0.0;0.0;0.0;0.0;0.0;0
11;30;5;0;0.0;0.0;0.0;0.4782608695652174;1.0;0.2;0.0;0.0;0.0;0.0;0.0;0
5;30;0;0;0.0;0.0;0.0;0.21739130434782608;1.0;0.0;0.0;0.0;0.0;0.0;0.0;0
21;0;2;0;0.0;0.0;0.0;0.9130434782608695;0.0;0.08;0.0;0.0;0.0;0.0;0.0;0
19;30;3;0;0.0;0.0;0.0;0.8260869565217391;1.0;0.12;0.0;0.0;0.0;0.0;0.0;0
18;0;2;0;0.0;0.0;0.0;0.782608695652174;0.0;0.08;0.0;0.0;0.0;0.0;0.0;0
13;0;2;0;0.0;0.0;0.0;0.5652173913043478;0.0;0.08;0.0;0.0;0.0;0.0;0.0;0
11;30;3;0;0.0;0.0;0.0;0.4782608695652174;1.0;0.12;0.0;0.0;0.0;0.0;0.0;0
0;30;1;0;0.0;0.0;0.0;0.0;1.0;0.04;0.0;0.0;0.0;0.0;0.0;0
19;0;0;0;0.0;0.0;0.0;0.8260869565217391;0.0;0.0;0.0;0.0;0.0;0.0;0.0;0
11;0;2;0;0.0;0.0;0.0;0.4782608695652174;0.0;0.08;0.0;0.0;0.0;0.0;0.0;0
3;30;0;0;0.0;0.0;0.0;0.13043478260869565;1.0;0.0;0.0;0.0;0.0;0.0;0.0;0
21;30;1;0;5.51;0.0;0.0;0.9130434782608695;1.0;0.04;0.0;0.16064139941690964;0.0;0.0;0.0;0
0;0;2;0;0.0;0.0;0.0;0.0;0.0;0.08;0.0;0.0;0.0;0.0;0.0;0
17;30;17;0;0.0;0.0;0.0;0.7391304347826086;1.0;0.68;0.0;0.0;0.0;0.0;0.0;0
0;0;0;0;0.0;0.0;0.0;0.0;0.0;0.0;0.0;0.0;0.0;0.0;0.0;0
10;0;1;0;0.59;0.0;0.0;0.43478260869565216;0.0;0.04;0.0;0.017201166180758017;0.0;0.0;0.98;0
6;30;0;0;0.0;0.0;0.0;0.2608695652173913;1.0;0.0;0.0;0.0;0.0;0.0;0.0;0
16;30;0;0;0.0;0.0;0.0;0.6956521739130435;1.0;0.0;0.0;0.0;0.0;0.0;0.0;0
22;30;0;0;0.0;0.0;0.0;0.9565217391304348;1.0;0.0;0.0;0.0;0.0;0.0;0.0;0
8;0;0;0;0.59;0.0;0.0;0.34782608695652173;0.0;0.0;0.0;0.017201166180758017;0.0;0.0;0.0;0
21;0;0;0;0.0;0.0;0.0;0.9130434782608695;0.0;0.0;0.0;0.0;0.0;0.0;0.0;0
10;0;0;0;0.0;0.0;0.0;0.43478260869565216;0.0;0.0;0.0;0.0;0.0;0.0;0.0;0
6;0;0;0;0.0;0.0;0.0;0.2608695652173913;0.0;0.0;0.0;0.0;0.0;0.0;0.0;0
14;0;0;0;0.0;0.0;0.0;0.6086956521739131;0.0;0.0;0.0;0.0;0.0;0.0;0.0;0
5;0;0;0;0.0;0.0;0.0;0.21739130434782608;0.0;0.0;0.0;0.0;0.0;0.0;0.0;0
7;0;0;0;0.0;0.0;0.0;0.30434782608695654;0.0;0.0;0.0;0.0;0.0;0.0;0.59;0
18;30;0;0;0.0;0.0;0.0;0.782608695652174;1.0;0.0;0.0;0.0;0.0;0.0;0.0;0
7;0;0;0;0.0;0.0;0.0;0.30434782608695654;0.0;0.0;0.0;0.0;0.0;0.0;0.0;0
0;0;2;0;0.0;0.0;0.0;0.0;0.0;0.08;0.0;0.0;0.0;0.0;0.0;0
23;30;0;0;0.0;0.0;0.0;1.0;1.0;0.0;0.0;0.0;0.0;0.0;0.0;0
19;0;1;0;0.0;0.0;0.0;0.8260869565217391;0.0;0.04;0.0;0.0;0.0;0.0;0.0;0
1;0;1;0;0.0;0.0;0.0;0.043478260869565216;0.0;0.04;0.0;0.0;0.0;0.0;0.2;0
21;0;0;0;0.0;0.0;0.0;0.9130434782608695;0.0;0.0;0.0;0.0;0.0;0.0;0.0;0
15;0;1;0;0.0;0.0;0.0;0.6521739130434783;0.0;0.04;0.0;0.0;0.0;0.0;0.0;0
21;30;0;0;0.0;0.0;0.0;0.9130434782608695;1.0;0.0;0.0;0.0;0.0;0.0;0.0;0
22;0;4;0;0.0;0.0;0.0;0.9565217391304348;0.0;0.16;0.0;0.0;0.0;0.0;0.0;0
7;0;0;0;0.0;0.0;0.0;0.30434782608695654;0.0;0.0;0.0;0.0;0.0;0.0;0.0;0
13;0;0;0;0.0;0.0;0.0;0.5652173913043478;0.0;0.0;0.0;0.0;0.0;0.0;0.0;0
22;30;0;0;0.0;0.0;0.0;0.9565217391304348;1.0;0.0;0.0;0.0;0.0;0.0;0.0;0
4;30;0;0;0.99;0.0;0.0;0.17391304347826086;1.0;0.0;0.0;0.028862973760932945;0.0;0.0;0.4;0
4;0;0;0;0.0;0.0;0.0;0.17391304347826086;0.0;0.0;0.0;0.0;0.0;0.0;0.0;0
1;30;0;0;0.0;0.0;0.0;0.043478260869565216;1.0;0.0;0.0;0.0;0.0;0.0;0.0;0
18;30;0;0;0.0;0.0;0.0;0.782608695652174;1.0;0.0;0.0;0.0;0.0;0.0;0.0;0
2;0;0;0;0.0;0.0;0.0;0.08695652173913043;0.0;0.0;0.0;0.0;0.0;0.0;0.0;0
23;0;0;0;0.0;0.0;0.0;1.0;0.0;0.0;0.0;0.0;0.0;0.0;0.0;0
9;30;0;0;0.0;0.0;0.0;0.391304347826087;1.0;0.0;0.0;0.0;0.0;0.0;0.2;0
1;0;0;0;0.0;0.0;0.0;0.043478260869565216;0.0;0.0;0.0;0.0;0.0;0.0;0.0;0
0;30;0;0;0.0;0.0;0.0;0.0;1.0;0.0;0.0;0.0;0.0;0.0;0.0;0
3;0;0;0;0.0;0.0;0.0;0.13043478260869565;0.0;0.0;0.0;0.0;0.0;0.0;0.0;0
5;0;0;0;0.0;0.0;0.0;0.21739130434782608;0.0;0.0;0.0;0.0;0.0;0.0;0.0;0
4;30;0;0;0.0;0.0;0.0;0.17391304347826086;1.0;0.0;0.0;0.0;0.0;0.0;0.0;0
1;30;0;0;0.0;0.0;0.0;0.043478260869565216;1.0;0.0;0.0;0.0;0.0;0.0;0.0;0
5;0;0;0;0.0;0.0;0.0;0.21739130434782608;0.0;0.0;0.0;0.0;0.0;0.0;0.0;0
3;0;0;0;0.0;0.0;0.0;0.13043478260869565;0.0;0.0;0.0;0.0;0.0;0.0;0.0;0
2;0;0;0;0.0;0.0;0.0;0.08695652173913043;0.0;0.0;0.0;0.0;0.0;0.0;0.0;0
1;30;0;0;0.0;0.0;0.0;0.043478260869565216;1.0;0.0;0.0;0.0;0.0;0.0;0.0;0
23;0;0;0;0.0;0.0;0.0;1.0;0.0;0.0;0.0;0.0;0.0;0.0;0.0;0
20;0;0;0;0.0;0.0;0.0;0.8695652173913043;0.0;0.0;0.0;0.0;0.0;0.0;0.0;0
19;30;0;0;0.0;0.0;0.0;0.8260869565217391;1.0;0.0;0.0;0.0;0.0;0.0;0.0;0
20;0;1;0;0.0;0.0;0.0;0.8695652173913043;0.0;0.04;0.0;0.0;0.0;0.0;0.0;0
11;0;4;0;0.0;0.0;0.0;0.4782608695652174;0.0;0.16;0.0;0.0;0.0;0.0;0.0;0
15;30;0;0;0.0;0.0;0.0;0.6521739130434783;1.0;0.0;0.0;0.0;0.0;0.0;0.0;0
15;30;0;0;0.0;0.0;0.0;0.6521739130434783;1.0;0.0;0.0;0.0;0.0;0.0;0.0;0
5;30;0;0;0.0;0.0;0.0;0.21739130434782608;1.0;0.0;0.0;0.0;0.0;0.0;0.0;0
11;0;0;0;0.0;0.0;0.0;0.4782608695652174;0.0;0.0;0.0;0.0;0.0;0.0;0.0;0
2;30;0;0;0.0;0.0;0.0;0.08695652173913043;1.0;0.0;0.0;0.0;0.0;0.0;0.0;0
21;30;2;0;0.0;0.0;0.0;0.9130434782608695;1.0;0.08;0.0;0.0;0.0;0.0;0.0;0
22;30;1;0;0.79;0.0;0.0;0.9565217391304348;1.0;0.04;0.0;0.023032069970845483;0.0;0.0;0.99;0
0;30;0;0;0.4;0.0;0.0;0.0;1.0;0.0;0.0;0.011661807580174929;0.0;0.0;0.98;0
13;30;0;0;0.0;0.0;0.0;0.5652173913043478;1.0;0.0;0.0;0.0;0.0;0.0;0.0;0
9;0;1;0;0.0;0.0;0.0;0.391304347826087;0.0;0.04;0.0;0.0;0.0;0.0;0.0;0
16;30;0;0;0.0;0.0;0.0;0.6956521739130435;1.0;0.0;0.0;0.0;0.0;0.0;0.0;0
3;30;0;0;0.0;0.0;0.0;0.13043478260869565;1.0;0.0;0.0;0.0;0.0;0.0;0.0;0
6;30;0;0;0.0;0.0;0.0;0.2608695652173913;1.0;0.0;0.0;0.0;0.0;0.0;0.0;0
9;30;0;0;0.0;0.0;0.0;0.391304347826087;1.0;0.0;0.0;0.0;0.0;0.0;0.59;0
22;30;0;0;0.0;0.0;0.0;0.9565217391304348;1.0;0.0;0.0;0.0;0.0;0.0;0.0;0
21;0;0;0;0.0;0.0;0.0;0.9130434782608695;0.0;0.0;0.0;0.0;0.0;0.0;0.0;0
10;30;0;0;0.0;0.0;0.0;0.43478260869565216;1.0;0.0;0.0;0.0;0.0;0.0;0.0;0
14;30;0;0;0.0;0.0;0.0;0.6086956521739131;1.0;0.0;0.0;0.0;0.0;0.0;0.0;0
1;30;0;0;0.0;0.0;0.0;0.043478260869565216;1.0;0.0;0.0;0.0;0.0;0.0;0.0;0
17;30;1;0;0.0;0.0;0.0;0.7391304347826086;1.0;0.04;0.0;0.0;0.0;0.0;0.0;0
7;0;1;0;0.0;0.0;0.0;0.30434782608695654;0.0;0.04;0.0;0.0;0.0;0.0;0.0;0
10;0;0;0;0.0;0.0;0.0;0.43478260869565216;0.0;0.0;0.0;0.0;0.0;0.0;0.0;0
2;30;0;0;0.0;0.0;0.0;0.08695652173913043;1.0;0.0;0.0;0.0;0.0;0.0;0.0;0
22;30;0;0;0.0;0.0;0.0;0.9565217391304348;1.0;0.0;0.0;0.0;0.0;0.0;0.0;0
2;30;0;0;0.0;0.0;0.0;0.08695652173913043;1.0;0.0;0.0;0.0;0.0;0.0;0.0;0
16;30;0;0;0.0;0.0;0.0;0.6956521739130435;1.0;0.0;0.0;0.0;0.0;0.0;0.0;0
10;30;0;0;0.0;0.0;0.0;0.43478260869565216;1.0;0.0;0.0;0.0;0.0;0.0;0.0;0
18;30;0;0;0.0;0.0;0.0;0.782608695652174;1.0;0.0;0.0;0.0;0.0;0.0;0.0;0
20;0;3;0;0.0;0.0;0.0;0.8695652173913043;0.0;0.12;0.0;0.0;0.0;0.0;0.4;0
17;0;0;0;0.0;0.0;0.0;0.7391304347826086;0.0;0.0;0.0;0.0;0.0;0.0;0.0;0
11;30;1;0;0.2;0.0;0.0;0.4782608695652174;1.0;0.04;0.0;0.005830903790087464;0.0;0.0;0.79;0
9;0;0;0;0.0;0.0;0.0;0.391304347826087;0.0;0.0;0.0;0.0;0.0;0.0;0.0;0
9;0;0;0;0.0;0.0;0.0;0.391304347826087;0.0;0.0;0.0;0.0;0.0;0.0;0.0;0
7;0;0;0;0.0;0.0;0.0;0.30434782608695654;0.0;0.0;0.0;0.0;0.0;0.0;0.0;0
6;0;0;0;0.0;0.0;0.0;0.2608695652173913;0.0;0.0;0.0;0.0;0.0;0.0;0.0;0
0;30;0;0;0.0;0.0;0.0;0.0;1.0;0.0;0.0;0.0;0.0;0.0;0.0;0
18;30;1;0;0.0;0.0;0.0;0.782608695652174;1.0;0.04;0.0;0.0;0.0;0.0;0.0;0
14;30;0;0;0.0;0.0;0.0;0.6086956521739131;1.0;0.0;0.0;0.0;0.0;0.0;0.0;0
11;30;0;0;0.0;0.0;0.0;0.4782608695652174;1.0;0.0;0.0;0.0;0.0;0.0;0.0;0
17;30;0;0;0.0;0.0;0.0;0.7391304347826086;1.0;0.0;0.0;0.0;0.0;0.0;0.0;0
1;0;0;0;0.0;0.0;0.0;0.043478260869565216;0.0;0.0;0.0;0.0;0.0;0.0;0.0;0
11;0;1;0;0.0;0.0;0.0;0.4782608695652174;0.0;0.04;0.0;0.0;0.0;0.0;0.0;0
20;0;1;0;0.0;0.0;0.0;0.8695652173913043;0.0;0.04;0.0;0.0;0.0;0.0;0.0;0
23;0;0;0;0.2;0.0;0.0;1.0;0.0;0.0;0.0;0.005830903790087464;0.0;0.0;0.2;0
14;30;0;0;0.0;0.0;0.0;0.6086956521739131;1.0;0.0;0.0;0.0;0.0;0.0;0.0;0
22;30;1;0;0.0;0.0;0.0;0.9565217391304348;1.0;0.04;0.0;0.0;0.0;0.0;0.0;0
13;30;0;0;0.0;0.0;0.0;0.5652173913043478;1.0;0.0;0.0;0.0;0.0;0.0;0.0;0
12;30;3;0;0.0;0.0;0.0;0.5217391304347826;1.0;0.12;0.0;0.0;0.0;0.0;0.0;0
0;0;0;0;0.0;0.0;0.0;0.0;0.0;0.0;0.0;0.0;0.0;0.0;0.0;0
6;30;0;0;0.0;0.0;0.0;0.2608695652173913;1.0;0.0;0.0;0.0;0.0;0.0;0.0;0
4;30;0;0;0.0;0.0;0.0;0.17391304347826086;1.0;0.0;0.0;0.0;0.0;0.0;0.0;0
21;30;1;0;0.0;0.0;0.0;0.9130434782608695;1.0;0.04;0.0;0.0;0.0;0.0;0.0;0
0;30;0;0;0.0;0.0;0.0;0.0;1.0;0.0;0.0;0.0;0.0;0.0;0.0;0
0;30;0;0;0.0;0.0;0.0;0.0;1.0;0.0;0.0;0.0;0.0;0.0;0.0;0
19;30;0;0;0.0;0.0;0.0;0.8260869565217391;1.0;0.0;0.0;0.0;0.0;0.0;0.0;0
13;30;0;0;0.0;0.0;0.0;0.5652173913043478;1.0;0.0;0.0;0.0;0.0;0.0;0.0;0
2;0;0;0;0.0;0.0;0.0;0.08695652173913043;0.0;0.0;0.0;0.0;0.0;0.0;0.0;0
7;30;0;0;0.0;0.0;0.0;0.30434782608695654;1.0;0.0;0.0;0.0;0.0;0.0;0.0;0
8;0;6;0;0.0;0.0;0.0;0.34782608695652173;0.0;0.24;0.0;0.0;0.0;0.0;0.0;0
15;30;1;0;7.12;0.0;0.0;0.6521739130434783;1.0;0.04;0.0;0.20758017492711373;0.0;0.0;13.85;2
1;0;0;0;0.0;0.0;0.0;0.043478260869565216;0.0;0.0;0.0;0.0;0.0;0.0;0.0;0
22;0;0;0;0.0;0.0;0.0;0.9565217391304348;0.0;0.0;0.0;0.0;0.0;0.0;0.0;0
20;30;6;0;0.0;0.0;0.0;0.8695652173913043;1.0;0.24;0.0;0.0;0.0;0.0;0.0;0
10;30;7;0;0.0;0.0;0.0;0.43478260869565216;1.0;0.28;0.0;0.0;0.0;0.0;0.0;0
16;0;0;0;0.0;0.0;0.0;0.6956521739130435;0.0;0.0;0.0;0.0;0.0;0.0;0.0;0
1;30;0;0;0.0;0.0;0.0;0.043478260869565216;1.0;0.0;0.0;0.0;0.0;0.0;0.0;0
19;30;0;0;0.0;0.0;0.0;0.8260869565217391;1.0;0.0;0.0;0.0;0.0;0.0;0.0;0
0;0;0;0;0.0;0.0;0.0;0.0;0.0;0.0;0.0;0.0;0.0;0.0;0.0;0
19;0;2;0;0.0;0.0;0.0;0.8260869565217391;0.0;0.08;0.0;0.0;0.0;0.0;0.0;0
4;30;0;0;0.0;0.0;0.0;0.17391304347826086;1.0;0.0;0.0;0.0;0.0;0.0;0.0;0
4;0;0;0;0.0;0.0;0.0;0.17391304347826086;0.0;0.0;0.0;0.0;0.0;0.0;0.0;0
17;30;1;0;0.0;0.0;0.0;0.7391304347826086;1.0;0.04;0.0;0.0;0.0;0.0;0.0;0
15;30;8;0;0.0;0.0;0.0;0.6521739130434783;1.0;0.32;0.0;0.0;0.0;0.0;0.0;0
9;30;0;0;0.0;0.0;0.0;0.391304347826087;1.0;0.0;0.0;0.0;0.0;0.0;0.0;0
19;30;0;0;0.0;0.0;0.0;0.8260869565217391;1.0;0.0;0.0;0.0;0.0;0.0;0.0;0
7;0;0;0;0.0;0.0;0.0;0.30434782608695654;0.0;0.0;0.0;0.0;0.0;0.0;0.0;0
3;0;0;0;0.0;0.0;0.0;0.13043478260869565;0.0;0.0;0.0;0.0;0.0;0.0;0.0;0
1;30;1;0;0.0;0.0;0.0;0.043478260869565216;1.0;0.04;0.0;0.0;0.0;0.0;0.0;0
3;0;0;0;0.0;0.0;0.0;0.13043478260869565;0.0;0.0;0.0;0.0;0.0;0.0;0.0;0
23;0;1;0;0.0;0.0;0.0;1.0;0.0;0.04;0.0;0.0;0.0;0.0;0.0;0
23;30;0;0;0.0;0.0;0.0;1.0;1.0;0.0;0.0;0.0;0.0;0.0;0.0;0
3;30;0;0;0.0;0.0;0.0;0.13043478260869565;1.0;0.0;0.0;0.0;0.0;0.0;0.0;0
12;0;3;0;0.0;0.0;0.0;0.5217391304347826;0.0;0.12;0.0;0.0;0.0;0.0;0.0;0
2;30;0;0;0.0;0.0;0.0;0.08695652173913043;1.0;0.0;0.0;0.0;0.0;0.0;0.59;0
17;30;0;0;0.0;0.0;0.0;0.7391304347826086;1.0;0.0;0.0;0.0;0.0;0.0;0.0;0
12;0;0;0;0.0;0.0;0.0;0.5217391304347826;0.0;0.0;0.0;0.0;0.0;0.0;0.0;0
0;0;0;0;0.0;0.0;0.0;0.0;0.0;0.0;0.0;0.0;0.0;0.0;0.0;0
10;0;0;0;0.0;0.0;0.0;0.43478260869565216;0.0;0.0;0.0;0.0;0.0;0.0;0.0;0
9;30;1;0;0.0;0.0;0.0;0.391304347826087;1.0;0.04;0.0;0.0;0.0;0.0;0.0;0
15;0;1;0;0.0;0.0;0.0;0.6521739130434783;0.0;0.04;0.0;0.0;0.0;0.0;0.0;0
9;0;0;0;0.0;0.0;0.0;0.391304347826087;0.0;0.0;0.0;0.0;0.0;0.0;0.0;0
19;0;0;0;0.0;0.0;0.0;0.8260869565217391;0.0;0.0;0.0;0.0;0.0;0.0;0.0;0
5;0;0;0;0.0;0.0;0.0;0.21739130434782608;0.0;0.0;0.0;0.0;0.0;0.0;0.0;0
2;0;0;0;0.4;0.0;0.0;0.08695652173913043;0.0;0.0;0.0;0.011661807580174929;0.0;0.0;1.77;0
20;0;2;0;0.0;0.0;0.0;0.8695652173913043;0.0;0.08;0.0;0.0;0.0;0.0;0.0;0
14;0;0;0;0.0;0.0;0.0;0.6086956521739131;0.0;0.0;0.0;0.0;0.0;0.0;0.0;0
13;30;2;0;0.0;0.0;0.0;0.5652173913043478;1.0;0.08;0.0;0.0;0.0;0.0;0.0;0
8;30;0;0;0.0;0.0;0.0;0.34782608695652173;1.0;0.0;0.0;0.0;0.0;0.0;0.0;0
20;0;1;0;0.0;0.0;0.0;0.8695652173913043;0.0;0.04;0.0;0.0;0.0;0.0;0.2;0
4;0;0;0;0.0;0.0;0.0;0.17391304347826086;0.0;0.0;0.0;0.0;0.0;0.0;0.0;0
1;0;0;0;0.0;0.0;0.0;0.043478260869565216;0.0;0.0;0.0;0.0;0.0;0.0;0.0;0
18;0;1;0;0.0;0.0;0.0;0.782608695652174;0.0;0.04;0.0;0.0;0.0;0.0;0.0;0
15;0;1;0;0.0;0.0;0.0;0.6521739130434783;0.0;0.04;0.0;0.0;0.0;0.0;0.0;0
11;30;5;0;0.2;0.0;0.0;0.4782608695652174;1.0;0.2;0.0;0.005830903790087464;0.0;0.0;0.0;0
6;0;0;0;0.0;0.0;0.0;0.2608695652173913;0.0;0.0;0.0;0.0;0.0;0.0;0.0;0
8;30;0;0;0.0;0.0;0.0;0.34782608695652173;1.0;0.0;0.0;0.0;0.0;0.0;0.0;0
8;30;0;0;0.0;0.0;0.0;0.34782608695652173;1.0;0.0;0.0;0.0;0.0;0.0;0.0;0
5;30;0;0;0.0;0.0;0.0;0.21739130434782608;1.0;0.0;0.0;0.0;0.0;0.0;0.0;0
11;0;6;0;0.0;0.0;0.0;0.4782608695652174;0.0;0.24;0.0;0.0;0.0;0.0;0.0;0
22;30;0;0;0.0;0.0;0.0;0.9565217391304348;1.0;0.0;0.0;0.0;0.0;0.0;0.0;0
1;0;0;0;0.0;0.0;0.0;0.043478260869565216;0.0;0.0;0.0;0.0;0.0;0.0;0.0;0
19;0;0;0;0.0;0.0;0.0;0.8260869565217391;0.0;0.0;0.0;0.0;0.0;0.0;0.0;0
10;30;1;0;0.0;0.0;0.0;0.43478260869565216;1.0;0.04;0.0;0.0;0.0;0.0;0.0;0
17;0;3;0;0.0;0.0;0.0;0.7391304347826086;0.0;0.12;0.0;0.0;0.0;0.0;0.0;0
21;30;1;0;0.0;0.0;0.0;0.9130434782608695;1.0;0.04;0.0;0.0;0.0;0.0;0.0;0
4;0;0;0;0.0;0.0;0.0;0.17391304347826086;0.0;0.0;0.0;0.0;0.0;0.0;0.0;0
7;0;0;0;0.0;0.0;0.0;0.30434782608695654;0.0;0.0;0.0;0.0;0.0;0.0;0.0;0
23;0;0;0;0.0;0.0;0.0;1.0;0.0;0.0;0.0;0.0;0.0;0.0;0.0;0
4;30;0;0;0.0;0.0;0.0;0.17391304347826086;1.0;0.0;0.0;0.0;0.0;0.0;0.0;0
11;30;0;0;0.0;0.0;0.0;0.4782608695652174;1.0;0.0;0.0;0.0;0.0;0.0;0.0;0
15;0;0;0;0.0;0.0;0.0;0.6521739130434783;0.0;0.0;0.0;0.0;0.0;0.0;0.0;0
6;0;0;0;0.0;0.0;0.0;0.2608695652173913;0.0;0.0;0.0;0.0;0.0;0.0;0.0;0
22;30;0;0;0.6;0.0;0.0;0.9565217391304348;1.0;0.0;0.0;0.01749271137026239;0.0;0.0;0.2;0
9;0;0;0;0.0;0.0;0.0;0.391304347826087;0.0;0.0;0.0;0.0;0.0;0.0;0.2;0
10;30;4;0;0.0;0.0;0.0;0.43478260869565216;1.0;0.16;0.0;0.0;0.0;0.0;0.0;0
14;30;0;0;0.0;0.0;0.0;0.6086956521739131;1.0;0.0;0.0;0.0;0.0;0.0;0.0;0
0;0;0;0;0.0;0.0;0.0;0.0;0.0;0.0;0.0;0.0;0.0;0.0;0.0;0
11;0;1;0;0.0;0.0;0.0;0.4782608695652174;0.0;0.04;0.0;0.0;0.0;0.0;0.0;0
16;30;0;0;0.0;0.0;0.0;0.6956521739130435;1.0;0.0;0.0;0.0;0.0;0.0;0.0;0
16;0;0;0;0.0;0.0;0.0;0.6956521739130435;0.0;0.0;0.0;0.0;0.0;0.0;0.0;0
15;0;1;0;0.0;0.0;0.0;0.6521739130434783;0.0;0.04;0.0;0.0;0.0;0.0;0.0;0
3;0;0;0;0.4;0.0;0.0;0.13043478260869565;0.0;0.0;0.0;0.011661807580174929;0.0;0.0;0.0;0
23;0;0;0;0.0;0.0;0.0;1.0;0.0;0.0;0.0;0.0;0.0;0.0;0.0;0
9;0;0;0;0.0;0.0;0.0;0.391304347826087;0.0;0.0;0.0;0.0;0.0;0.0;0.0;0
5;30;0;0;0.0;0.0;0.0;0.21739130434782608;1.0;0.0;0.0;0.0;0.0;0.0;0.0;0
5;30;0;0;0.4;0.0;0.0;0.21739130434782608;1.0;0.0;0.0;0.011661807580174929;0.0;0.0;0.79;0
5;0;0;0;0.4;0.0;0.0;0.21739130434782608;0.0;0.0;0.0;0.011661807580174929;0.0;0.0;0.0;0
13;30;0;0;2.95;0.0;0.0;0.5652173913043478;1.0;0.0;0.0;0.0860058309037901;0.0;0.0;0.0;0
20;0;0;0;0.0;0.0;0.0;0.8695652173913043;0.0;0.0;0.0;0.0;0.0;0.0;0.0;0
2;0;0;0;0.0;0.0;0.0;0.08695652173913043;0.0;0.0;0.0;0.0;0.0;0.0;0.0;0
7;0;0;0;0.0;0.0;0.0;0.30434782608695654;0.0;0.0;0.0;0.0;0.0;0.0;0.0;0
3;30;0;0;0.0;0.0;0.0;0.13043478260869565;1.0;0.0;0.0;0.0;0.0;0.0;0.0;0
21;30;0;0;0.0;0.0;0.0;0.9130434782608695;1.0;0.0;0.0;0.0;0.0;0.0;0.0;0
23;0;1;0;0.0;0.0;0.0;1.0;0.0;0.04;0.0;0.0;0.0;0.0;0.0;0
7;0;0;0;0.0;0.0;0.0;0.30434782608695654;0.0;0.0;0.0;0.0;0.0;0.0;0.0;0
15;0;0;0;0.0;0.0;0.0;0.6521739130434783;0.0;0.0;0.0;0.0;0.0;0.0;0.0;0
3;30;0;0;0.0;0.0;0.0;0.13043478260869565;1.0;0.0;0.0;0.0;0.0;0.0;0.0;0
8;30;0;0;0.0;0.0;0.0;0.34782608695652173;1.0;0.0;0.0;0.0;0.0;0.0;0.0;0
17;0;1;0;0.0;0.0;0.0;0.7391304347826086;0.0;0.04;0.0;0.0;0.0;0.0;0.0;0
15;0;0;0;0.0;0.0;0.0;0.6521739130434783;0.0;0.0;0.0;0.0;0.0;0.0;0.0;0
17;0;0;0;0.0;0.0;0.0;0.7391304347826086;0.0;0.0;0.0;0.0;0.0;0.0;0.0;0
4;0;0;0;0.0;0.0;0.0;0.17391304347826086;0.0;0.0;0.0;0.0;0.0;0.0;0.0;0
18;30;0;0;0.0;0.0;0.0;0.782608695652174;1.0;0.0;0.0;0.0;0.0;0.0;0.0;0
9;0;1;0;0.0;0.0;0.0;0.391304347826087;0.0;0.04;0.0;0.0;0.0;0.0;0.0;0
23;30;0;0;0.0;0.0;0.0;1.0;1.0;0.0;0.0;0.0;0.0;0.0;0.0;0
19;30;0;0;0.0;0.0;0.0;0.8260869565217391;1.0;0.0;0.0;0.0;0.0;0.0;0.0;0
0;0;0;0;0.6;0.0;0.0;0.0;0.0;0.0;0.0;0.01749271137026239;0.0;0.0;0.4;0
10;30;0;0;0.0;0.0;0.0;0.43478260869565216;1.0;0.0;0.0;0.0;0.0;0.0;0.0;0
23;30;0;0;0.0;0.0;0.0;1.0;1.0;0.0;0.0;0.0;0.0;0.0;0.0;0
21;30;1;0;0.0;0.0;0.0;0.9130434782608695;1.0;0.04;0.0;0.0;0.0;0.0;0.0;0
20;0;5;0;0.0;0.0;0.0;0.8695652173913043;0.0;0.2;0.0;0.0;0.0;0.0;0.0;0
1;30;0;0;0.0;0.0;0.0;0.043478260869565216;1.0;0.0;0.0;0.0;0.0;0.0;0.0;0
22;0;2;0;0.0;0.0;0.0;0.9565217391304348;0.0;0.08;0.0;0.0;0.0;0.0;0.2;0
3;30;0;0;0.0;0.0;0.0;0.13043478260869565;1.0;0.0;0.0;0.0;0.0;0.0;1.18;0
2;30;0;0;0.0;0.0;0.0;0.08695652173913043;1.0;0.0;0.0;0.0;0.0;0.0;0.0;0
4;30;0;0;0.2;0.0;0.0;0.17391304347826086;1.0;0.0;0.0;0.005830903790087464;0.0;0.0;0.4;0
16;30;0;0;0.0;0.0;0.0;0.6956521739130435;1.0;0.0;0.0;0.0;0.0;0.0;0.0;0
20;0;1;0;0.2;0.0;0.0;0.8695652173913043;0.0;0.04;0.0;0.005830903790087464;0.0;0.0;0.6;0
9;0;0;0;0.0;0.0;0.0;0.391304347826087;0.0;0.0;0.0;0.0;0.0;0.0;0.0;0
18;30;0;0;0.0;0.0;0.0;0.782608695652174;1.0;0.0;0.0;0.0;0.0;0.0;0.0;0
18;0;2;0;2.17;0.0;0.0;0.782608695652174;0.0;0.08;0.0;0.06326530612244899;0.0;0.0;0.0;0
3;30;0;0;0.0;0.0;0.0;0.13043478260869565;1.0;0.0;0.0;0.0;0.0;0.0;0.0;0
10;0;1;0;0.0;0.0;0.0;0.43478260869565216;0.0;0.04;0.0;0.0;0.0;0.0;0.0;0
21;0;1;0;0.0;0.0;0.0;0.9130434782608695;0.0;0.04;0.0;0.0;0.0;0.0;0.0;0
19;30;1;0;1.77;0.0;0.0;0.8260869565217391;1.0;0.04;0.0;0.05160349854227406;0.0;0.0;2.36;0
1;30;0;0;0.0;0.0;0.0;0.043478260869565216;1.0;0.0;0.0;0.0;0.0;0.0;0.0;0
13;30;1;0;0.0;0.0;0.0;0.5652173913043478;1.0;0.04;0.0;0.0;0.0;0.0;0.0;0
18;0;1;0;0.0;0.0;0.0;0.782608695652174;0.0;0.04;0.0;0.0;0.0;0.0;0.0;0
3;0;0;0;0.0;0.0;0.0;0.13043478260869565;0.0;0.0;0.0;0.0;0.0;0.0;0.0;0
3;30;0;0;0.0;0.0;0.0;0.13043478260869565;1.0;0.0;0.0;0.0;0.0;0.0;0.0;0
16;0;0;0;0.0;0.0;0.0;0.6956521739130435;0.0;0.0;0.0;0.0;0.0;0.0;0.0;0
18;30;0;0;0.0;0.0;0.0;0.782608695652174;1.0;0.0;0.0;0.0;0.0;0.0;0.0;0
5;0;0;0;0.0;0.0;0.0;0.21739130434782608;0.0;0.0;0.0;0.0;0.0;0.0;2.17;0
8;30;0;0;0.0;0.0;0.0;0.34782608695652173;1.0;0.0;0.0;0.0;0.0;0.0;0.2;0
2;0;0;0;0.0;0.0;0.0;0.08695652173913043;0.0;0.0;0.0;0.0;0.0;0.0;0.0;0
16;0;0;0;13.85;0.0;0.0;0.6956521739130435;0.0;0.0;0.0;0.4037900874635569;0.0;0.0;0.0;0
3;30;0;0;0.0;0.0;0.0;0.13043478260869565;1.0;0.0;0.0;0.0;0.0;0.0;0.0;0
8;30;0;0;0.2;0.0;0.0;0.34782608695652173;1.0;0.0;0.0;0.005830903790087464;0.0;0.0;0.0;0
19;30;0;0;34.3;0.0;0.0;0.8260869565217391;1.0;0.0;0.0;1.0;0.0;0.0;7.08;1
15;0;1;0;0.0;0.0;0.0;0.6521739130434783;0.0;0.04;0.0;0.0;0.0;0.0;0.0;0
17;30;0;0;0.0;0.0;0.0;0.7391304347826086;1.0;0.0;0.0;0.0;0.0;0.0;0.0;0
0;30;0;0;2.16;0.0;0.0;0.0;1.0;0.0;0.0;0.06297376093294461;0.0;0.0;1.97;0
12;30;0;0;0.0;0.0;0.0;0.5217391304347826;1.0;0.0;0.0;0.0;0.0;0.0;0.0;0
8;0;0;0;0.0;0.0;0.0;0.34782608695652173;0.0;0.0;0.0;0.0;0.0;0.0;0.0;0
19;0;1;0;0.0;0.0;0.0;0.8260869565217391;0.0;0.04;0.0;0.0;0.0;0.0;0.0;0
7;0;0;0;0.2;0.0;0.0;0.30434782608695654;0.0;0.0;0.0;0.005830903790087464;0.0;0.0;1.77;0
9;30;0;0;0.0;0.0;0.0;0.391304347826087;1.0;0.0;0.0;0.0;0.0;0.0;0.39;0
23;0;0;0;0.0;0.0;0.0;1.0;0.0;0.0;0.0;0.0;0.0;0.0;0.0;0
12;30;0;0;0.0;0.0;0.0;0.5217391304347826;1.0;0.0;0.0;0.0;0.0;0.0;0.0;0
19;0;0;0;0.0;0.0;0.0;0.8260869565217391;0.0;0.0;0.0;0.0;0.0;0.0;0.0;0
5;0;0;0;0.0;0.0;0.0;0.21739130434782608;0.0;0.0;0.0;0.0;0.0;0.0;0.0;0
14;30;1;0;0.0;0.0;0.0;0.6086956521739131;1.0;0.04;0.0;0.0;0.0;0.0;0.0;0
8;30;0;0;0.0;0.0;0.0;0.34782608695652173;1.0;0.0;0.0;0.0;0.0;0.0;0.0;0
16;30;0;0;0.0;0.0;0.0;0.6956521739130435;1.0;0.0;0.0;0.0;0.0;0.0;0.0;0
15;0;0;0;0.2;0.0;0.0;0.6521739130434783;0.0;0.0;0.0;0.005830903790087464;0.0;0.0;0.6;0
4;30;0;0;0.0;0.0;0.0;0.17391304347826086;1.0;0.0;0.0;0.0;0.0;0.0;0.0;0
13;30;7;0;0.0;0.0;0.0;0.5652173913043478;1.0;0.28;0.0;0.0;0.0;0.0;0.0;0
17;30;1;0;0.0;0.0;0.0;0.7391304347826086;1.0;0.04;0.0;0.0;0.0;0.0;0.0;0
16;30;0;0;0.0;0.0;0.0;0.6956521739130435;1.0;0.0;0.0;0.0;0.0;0.0;0.0;0
12;0;1;0;0.0;0.0;0.0;0.5217391304347826;0.0;0.04;0.0;0.0;0.0;0.0;0.0;0
16;30;1;0;0.0;0.0;0.0;0.6956521739130435;1.0;0.04;0.0;0.0;0.0;0.0;0.39;0
18;30;1;0;0.59;0.0;0.0;0.782608695652174;1.0;0.04;0.0;0.017201166180758017;0.0;0.0;0.0;0
21;0;1;0;0.0;0.0;0.0;0.9130434782608695;0.0;0.04;0.0;0.0;0.0;0.0;0.0;0
7;0;0;0;0.0;0.0;0.0;0.30434782608695654;0.0;0.0;0.0;0.0;0.0;0.0;0.0;0
7;30;0;0;0.0;0.0;0.0;0.30434782608695654;1.0;0.0;0.0;0.0;0.0;0.0;0.0;0
17;30;1;0;0.0;0.0;0.0;0.7391304347826086;1.0;0.04;0.0;0.0;0.0;0.0;0.0;0
4;0;0;0;0.0;0.0;0.0;0.17391304347826086;0.0;0.0;0.0;0.0;0.0;0.0;0.0;0
7;0;0;0;0.0;0.0;0.0;0.30434782608695654;0.0;0.0;0.0;0.0;0.0;0.0;0.0;0
5;0;0;0;0.0;0.0;0.0;0.21739130434782608;0.0;0.0;0.0;0.0;0.0;0.0;0.0;0
5;0;0;0;0.0;0.0;0.0;0.21739130434782608;0.0;0.0;0.0;0.0;0.0;0.0;0.4;0
20;0;5;0;0.0;0.0;0.0;0.8695652173913043;0.0;0.2;0.0;0.0;0.0;0.0;0.0;0
22;0;0;0;0.0;0.0;0.0;0.9565217391304348;0.0;0.0;0.0;0.0;0.0;0.0;0.4;0
23;0;0;0;0.0;0.0;0.0;1.0;0.0;0.0;0.0;0.0;0.0;0.0;0.0;0
1;0;0;0;0.0;0.0;0.0;0.043478260869565216;0.0;0.0;0.0;0.0;0.0;0.0;0.0;0
15;30;4;0;0.0;0.0;0.0;0.6521739130434783;1.0;0.16;0.0;0.0;0.0;0.0;0.0;0
7;0;0;0;0.0;0.0;0.0;0.30434782608695654;0.0;0.0;0.0;0.0;0.0;0.0;0.0;0
17;30;0;0;0.0;0.0;0.0;0.7391304347826086;1.0;0.0;0.0;0.0;0.0;0.0;0.0;0
7;30;1;0;0.0;0.0;0.0;0.30434782608695654;1.0;0.04;0.0;0.0;0.0;0.0;0.0;0
8;0;0;0;0.0;0.0;0.0;0.34782608695652173;0.0;0.0;0.0;0.0;0.0;0.0;0.0;0
3;0;0;0;0.0;0.0;0.0;0.13043478260869565;0.0;0.0;0.0;0.0;0.0;0.0;0.0;0
9;0;0;0;0.0;0.0;0.0;0.391304347826087;0.0;0.0;0.0;0.0;0.0;0.0;0.0;0
6;0;1;0;0.0;0.0;0.0;0.2608695652173913;0.0;0.04;0.0;0.0;0.0;0.0;0.0;0
8;0;0;0;0.0;0.0;0.0;0.34782608695652173;0.0;0.0;0.0;0.0;0.0;0.0;0.0;0
17;0;0;0;0.0;0.0;0.0;0.7391304347826086;0.0;0.0;0.0;0.0;0.0;0.0;0.0;0
6;0;0;0;0.2;0.0;0.0;0.2608695652173913;0.0;0.0;0.0;0.005830903790087464;0.0;0.0;0.0;0
5;0;0;0;0.4;0.0;0.0;0.21739130434782608;0.0;0.0;0.0;0.011661807580174929;0.0;0.0;0.0;0
8;0;0;0;0.0;0.0;0.0;0.34782608695652173;0.0;0.0;0.0;0.0;0.0;0.0;0.0;0
15;0;1;0;0.0;0.0;0.0;0.6521739130434783;0.0;0.04;0.0;0.0;0.0;0.0;0.0;0
21;30;2;0;0.0;0.0;0.0;0.9130434782608695;1.0;0.08;0.0;0.0;0.0;0.0;0.0;0
0;30;0;0;0.0;0.0;0.0;0.0;1.0;0.0;0.0;0.0;0.0;0.0;0.0;0
1;30;0;0;0.0;0.0;0.0;0.043478260869565216;1.0;0.0;0.0;0.0;0.0;0.0;0.0;0
9;30;0;0;0.0;0.0;0.0;0.391304347826087;1.0;0.0;0.0;0.0;0.0;0.0;0.0;0
10;30;0;0;0.0;0.0;0.0;0.43478260869565216;1.0;0.0;0.0;0.0;0.0;0.0;0.0;0
18;30;0;0;0.0;0.0;0.0;0.782608695652174;1.0;0.0;0.0;0.0;0.0;0.0;0.0;0
22;0;0;0;0.0;0.0;0.0;0.9565217391304348;0.0;0.0;0.0;0.0;0.0;0.0;0.0;0
17;0;1;0;0.0;0.0;0.0;0.7391304347826086;0.0;0.04;0.0;0.0;0.0;0.0;0.0;0
18;0;1;0;0.0;0.0;0.0;0.782608695652174;0.0;0.04;0.0;0.0;0.0;0.0;0.0;0
12;0;0;0;0.0;0.0;0.0;0.5217391304347826;0.0;0.0;0.0;0.0;0.0;0.0;0.0;0
8;0;0;0;0.0;0.0;0.0;0.34782608695652173;0.0;0.0;0.0;0.0;0.0;0.0;0.0;0
15;30;0;0;0.0;0.0;0.0;0.6521739130434783;1.0;0.0;0.0;0.0;0.0;0.0;0.0;0
12;0;0;0;0.0;0.0;0.0;0.5217391304347826;0.0;0.0;0.0;0.0;0.0;0.0;0.0;0
19;0;1;0;0.0;0.0;0.0;0.8260869565217391;0.0;0.04;0.0;0.0;0.0;0.0;0.0;0
18;30;0;0;0.0;0.0;0.0;0.782608695652174;1.0;0.0;0.0;0.0;0.0;0.0;0.0;0
8;30;3;0;0.0;0.0;0.0;0.34782608695652173;1.0;0.12;0.0;0.0;0.0;0.0;0.0;0
23;0;1;0;0.0;0.0;0.0;1.0;0.0;0.04;0.0;0.0;0.0;0.0;0.0;0
12;30;0;0;0.2;0.0;0.0;0.5217391304347826;1.0;0.0;0.0;0.005830903790087464;0.0;0.0;0.0;0
14;30;2;0;0.0;0.0;0.0;0.6086956521739131;1.0;0.08;0.0;0.0;0.0;0.0;0.0;0
0;0;1;0;0.0;0.0;0.0;0.0;0.0;0.04;0.0;0.0;0.0;0.0;0.0;0
23;0;1;0;0.0;0.0;0.0;1.0;0.0;0.04;0.0;0.0;0.0;0.0;0.0;0
17;0;0;0;0.0;0.0;0.0;0.7391304347826086;0.0;0.0;0.0;0.0;0.0;0.0;0.0;0
23;30;0;0;0.0;0.0;0.0;1.0;1.0;0.0;0.0;0.0;0.0;0.0;0.0;0
15;30;1;0;0.0;0.0;0.0;0.6521739130434783;1.0;0.04;0.0;0.0;0.0;0.0;0.0;0
0;30;2;0;0.0;0.0;0.0;0.0;1.0;0.08;0.0;0.0;0.0;0.0;0.0;0
18;0;0;0;0.0;0.0;0.0;0.782608695652174;0.0;0.0;0.0;0.0;0.0;0.0;0.0;0
2;0;0;0;0.0;0.0;0.0;0.08695652173913043;0.0;0.0;0.0;0.0;0.0;0.0;0.0;0
14;30;0;0;0.0;0.0;0.0;0.6086956521739131;1.0;0.0;0.0;0.0;0.0;0.0;0.0;0
20;30;1;0;0.0;0.0;0.0;0.8695652173913043;1.0;0.04;0.0;0.0;0.0;0.0;0.0;0
7;30;0;0;0.0;0.0;0.0;0.30434782608695654;1.0;0.0;0.0;0.0;0.0;0.0;0.0;0
9;0;0;0;0.0;0.0;0.0;0.391304347826087;0.0;0.0;0.0;0.0;0.0;0.0;0.0;0
9;30;1;0;0.0;0.0;0.0;0.391304347826087;1.0;0.04;0.0;0.0;0.0;0.0;0.0;0
21;30;0;0;0.0;0.0;0.0;0.9130434782608695;1.0;0.0;0.0;0.0;0.0;0.0;0.0;0
19;0;0;0;0.0;0.0;0.0;0.8260869565217391;0.0;0.0;0.0;0.0;0.0;0.0;0.0;0
10;0;1;0;0.0;0.0;0.0;0.43478260869565216;0.0;0.04;0.0;0.0;0.0;0.0;0.0;0
17;0;0;0;1.57;0.0;0.0;0.7391304347826086;0.0;0.0;0.0;0.0457725947521866;0.0;0.0;0.59;0
0;30;0;0;0.0;0.0;0.0;0.0;1.0;0.0;0.0;0.0;0.0;0.0;0.0;0
13;30;0;0;0.0;0.0;0.0;0.5652173913043478;1.0;0.0;0.0;0.0;0.0;0.0;0.0;0
15;0;1;0;0.0;0.0;0.0;0.6521739130434783;0.0;0.04;0.0;0.0;0.0;0.0;0.0;0
3;30;0;0;0.0;0.0;0.0;0.13043478260869565;1.0;0.0;0.0;0.0;0.0;0.0;0.0;0
0;0;0;0;0.0;0.0;0.0;0.0;0.0;0.0;0.0;0.0;0.0;0.0;0.0;0
19;30;0;0;0.0;0.0;0.0;0.8260869565217391;1.0;0.0;0.0;0.0;0.0;0.0;1.57;0
18;30;1;0;0.0;0.0;0.0;0.782608695652174;1.0;0.04;0.0;0.0;0.0;0.0;0.0;0
4;30;0;0;0.0;0.0;0.0;0.17391304347826086;1.0;0.0;0.0;0.0;0.0;0.0;0.0;0
22;0;0;0;0.0;0.0;0.0;0.9565217391304348;0.0;0.0;0.0;0.0;0.0;0.0;0.0;0
22;0;1;0;0.0;0.0;0.0;0.9565217391304348;0.0;0.04;0.0;0.0;0.0;0.0;0.0;0
1;0;0;0;0.0;0.0;0.0;0.043478260869565216;0.0;0.0;0.0;0.0;0.0;0.0;0.0;0
21;30;0;0;0.99;0.0;0.0;0.9130434782608695;1.0;0.0;0.0;0.028862973760932945;0.0;0.0;1.37;0
9;0;0;0;0.0;0.0;0.0;0.391304347826087;0.0;0.0;0.0;0.0;0.0;0.0;0.0;0
3;0;0;0;0.0;0.0;0.0;0.13043478260869565;0.0;0.0;0.0;0.0;0.0;0.0;0.0;0
22;0;2;0;0.0;0.0;0.0;0.9565217391304348;0.0;0.08;0.0;0.0;0.0;0.0;0.0;0
9;30;0;0;0.0;0.0;0.0;0.391304347826087;1.0;0.0;0.0;0.0;0.0;0.0;0.0;0
23;0;1;0;0.2;0.0;0.0;1.0;0.0;0.04;0.0;0.005830903790087464;0.0;0.0;0.2;0
7;0;4;0;0.0;0.0;0.0;0.30434782608695654;0.0;0.16;0.0;0.0;0.0;0.0;0.0;0
4;30;0;0;0.0;0.0;0.0;0.17391304347826086;1.0;0.0;0.0;0.0;0.0;0.0;0.0;0
6;30;0;0;0.0;0.0;0.0;0.2608695652173913;1.0;0.0;0.0;0.0;0.0;0.0;0.0;0
4;30;0;0;0.0;0.0;0.0;0.17391304347826086;1.0;0.0;0.0;0.0;0.0;0.0;0.0;0
13;0;0;0;0.0;0.0;0.0;0.5652173913043478;0.0;0.0;0.0;0.0;0.0;0.0;0.0;0
8;0;1;0;0.0;0.0;0.0;0.34782608695652173;0.0;0.04;0.0;0.0;0.0;0.0;0.0;0
18;0;1;0;0.0;0.0;0.0;0.782608695652174;0.0;0.04;0.0;0.0;0.0;0.0;0.0;0
22;0;0;0;0.0;0.0;0.0;0.9565217391304348;0.0;0.0;0.0;0.0;0.0;0.0;0.0;0
15;0;0;0;0.0;0.0;0.0;0.6521739130434783;0.0;0.0;0.0;0.0;0.0;0.0;0.0;0
7;0;0;0;0.0;0.0;0.0;0.30434782608695654;0.0;0.0;0.0;0.0;0.0;0.0;0.0;0
17;30;0;0;0.0;0.0;0.0;0.7391304347826086;1.0;0.0;0.0;0.0;0.0;0.0;0.0;0
17;30;0;0;0.0;0.0;0.0;0.7391304347826086;1.0;0.0;0.0;0.0;0.0;0.0;0.0;0
23;0;0;0;0.0;0.0;0.0;1.0;0.0;0.0;0.0;0.0;0.0;0.0;0.0;0
22;0;0;0;0.59;0.0;0.0;0.9565217391304348;0.0;0.0;0.0;0.017201166180758017;0.0;0.0;0.6;0
14;30;0;0;0.0;0.0;0.0;0.6086956521739131;1.0;0.0;0.0;0.0;0.0;0.0;0.0;0
11;0;0;0;0.0;0.0;0.0;0.4782608695652174;0.0;0.0;0.0;0.0;0.0;0.0;0.0;0
21;30;0;0;0.0;0.0;0.0;0.9130434782608695;1.0;0.0;0.0;0.0;0.0;0.0;0.0;0
19;30;0;0;0.0;0.0;0.0;0.8260869565217391;1.0;0.0;0.0;0.0;0.0;0.0;0.0;0
5;0;0;0;0.0;0.0;0.0;0.21739130434782608;0.0;0.0;0.0;0.0;0.0;0.0;0.0;0
13;30;1;0;0.0;0.0;0.0;0.5652173913043478;1.0;0.04;0.0;0.0;0.0;0.0;0.0;0
19;30;1;0;0.0;0.0;0.0;0.8260869565217391;1.0;0.04;0.0;0.0;0.0;0.0;0.0;0
16;30;0;0;0.0;0.0;0.0;0.6956521739130435;1.0;0.0;0.0;0.0;0.0;0.0;0.0;0
22;0;0;0;0.0;0.0;0.0;0.9565217391304348;0.0;0.0;0.0;0.0;0.0;0.0;0.0;0
1;0;0;0;0.0;0.0;0.0;0.043478260869565216;0.0;0.0;0.0;0.0;0.0;0.0;0.0;0
5;0;0;0;0.0;0.0;0.0;0.21739130434782608;0.0;0.0;0.0;0.0;0.0;0.0;0.0;0
11;0;0;0;0.79;0.0;0.0;0.4782608695652174;0.0;0.0;0.0;0.023032069970845483;0.0;0.0;0.2;0
6;30;1;0;0.0;0.0;0.0;0.2608695652173913;1.0;0.04;0.0;0.0;0.0;0.0;0.0;0
3;30;0;0;0.0;0.0;0.0;0.13043478260869565;1.0;0.0;0.0;0.0;0.0;0.0;0.0;0
6;0;0;0;0.0;0.0;0.0;0.2608695652173913;0.0;0.0;0.0;0.0;0.0;0.0;0.0;0
11;30;0;0;0.0;0.0;0.0;0.4782608695652174;1.0;0.0;0.0;0.0;0.0;0.0;0.0;0
1;0;0;0;0.0;0.0;0.0;0.043478260869565216;0.0;0.0;0.0;0.0;0.0;0.0;0.0;0
18;30;1;0;0.0;0.0;0.0;0.782608695652174;1.0;0.04;0.0;0.0;0.0;0.0;0.59;0
6;0;0;0;0.79;0.0;0.0;0.2608695652173913;0.0;0.0;0.0;0.023032069970845483;0.0;0.0;0.4;0
22;0;0;0;1.18;0.0;0.0;0.9565217391304348;0.0;0.0;0.0;0.03440233236151603;0.0;0.0;0.79;0
14;30;0;0;0.0;0.0;0.0;0.6086956521739131;1.0;0.0;0.0;0.0;0.0;0.0;0.0;0
20;30;0;0;0.0;0.0;0.0;0.8695652173913043;1.0;0.0;0.0;0.0;0.0;0.0;0.0;0
0;30;0;0;0.0;0.0;0.0;0.0;1.0;0.0;0.0;0.0;0.0;0.0;0.0;0
22;0;0;0;0.0;0.0;0.0;0.9565217391304348;0.0;0.0;0.0;0.0;0.0;0.0;0.0;0
19;0;0;0;0.0;0.0;0.0;0.8260869565217391;0.0;0.0;0.0;0.0;0.0;0.0;0.0;0
10;0;1;0;0.0;0.0;0.0;0.43478260869565216;0.0;0.04;0.0;0.0;0.0;0.0;0.0;0
23;0;0;0;0.0;0.0;0.0;1.0;0.0;0.0;0.0;0.0;0.0;0.0;0.0;0
5;0;0;0;0.0;0.0;0.0;0.21739130434782608;0.0;0.0;0.0;0.0;0.0;0.0;0.0;0
10;0;0;0;0.0;0.0;0.0;0.43478260869565216;0.0;0.0;0.0;0.0;0.0;0.0;0.0;0
23;30;0;0;0.0;0.0;0.0;1.0;1.0;0.0;0.0;0.0;0.0;0.0;0.0;0
7;0;2;0;0.0;0.0;0.0;0.30434782608695654;0.0;0.08;0.0;0.0;0.0;0.0;0.0;0
18;30;1;0;0.0;0.0;0.0;0.782608695652174;1.0;0.04;0.0;0.0;0.0;0.0;0.0;0
10;30;0;0;0.0;0.0;0.0;0.43478260869565216;1.0;0.0;0.0;0.0;0.0;0.0;0.0;0
15;0;0;0;0.0;0.0;0.0;0.6521739130434783;0.0;0.0;0.0;0.0;0.0;0.0;0.0;0
1;0;0;0;0.0;0.0;0.0;0.043478260869565216;0.0;0.0;0.0;0.0;0.0;0.0;0.0;0
3;0;0;0;0.0;0.0;0.0;0.13043478260869565;0.0;0.0;0.0;0.0;0.0;0.0;0.0;0
5;0;0;0;0.0;0.0;0.0;0.21739130434782608;0.0;0.0;0.0;0.0;0.0;0.0;0.0;0
13;30;0;0;0.0;0.0;0.0;0.5652173913043478;1.0;0.0;0.0;0.0;0.0;0.0;0.0;0
15;0;0;0;0.0;0.0;0.0;0.6521739130434783;0.0;0.0;0.0;0.0;0.0;0.0;0.0;0
14;30;1;0;0.0;0.0;0.0;0.6086956521739131;1.0;0.04;0.0;0.0;0.0;0.0;0.0;0
14;30;0;0;0.0;0.0;0.0;0.6086956521739131;1.0;0.0;0.0;0.0;0.0;0.0;0.0;0
13;30;0;0;0.0;0.0;0.0;0.5652173913043478;1.0;0.0;0.0;0.0;0.0;0.0;0.0;0
0;0;1;0;0.0;0.0;0.0;0.0;0.0;0.04;0.0;0.0;0.0;0.0;0.0;0
15;30;0;0;0.59;0.0;0.0;0.6521739130434783;1.0;0.0;0.0;0.017201166180758017;0.0;0.0;1.37;0
10;30;0;0;0.0;0.0;0.0;0.43478260869565216;1.0;0.0;0.0;0.0;0.0;0.0;0.0;0
18;30;1;0;0.0;0.0;0.0;0.782608695652174;1.0;0.04;0.0;0.0;0.0;0.0;0.0;0
22;0;0;0;0.2;0.0;0.0;0.9565217391304348;0.0;0.0;0.0;0.005830903790087464;0.0;0.0;0.79;0
9;0;0;0;0.0;0.0;0.0;0.391304347826087;0.0;0.0;0.0;0.0;0.0;0.0;0.0;0
10;30;0;0;0.0;0.0;0.0;0.43478260869565216;1.0;0.0;0.0;0.0;0.0;0.0;0.0;0
22;0;1;0;0.0;0.0;0.0;0.9565217391304348;0.0;0.04;0.0;0.0;0.0;0.0;0.0;0
2;0;0;0;0.0;0.0;0.0;0.08695652173913043;0.0;0.0;0.0;0.0;0.0;0.0;0.0;0
3;30;0;0;0.0;0.0;0.0;0.13043478260869565;1.0;0.0;0.0;0.0;0.0;0.0;0.0;0
10;0;0;0;0.0;0.0;0.0;0.43478260869565216;0.0;0.0;0.0;0.0;0.0;0.0;0.0;0
14;30;0;0;0.0;0.0;0.0;0.6086956521739131;1.0;0.0;0.0;0.0;0.0;0.0;0.0;0
2;0;0;0;0.0;0.0;0.0;0.08695652173913043;0.0;0.0;0.0;0.0;0.0;0.0;0.0;0
0;0;0;0;0.0;0.0;0.0;0.0;0.0;0.0;0.0;0.0;0.0;0.0;0.0;0
1;30;0;0;0.0;0.0;0.0;0.043478260869565216;1.0;0.0;0.0;0.0;0.0;0.0;0.0;0
7;0;0;0;0.0;0.0;0.0;0.30434782608695654;0.0;0.0;0.0;0.0;0.0;0.0;0.0;0
8;30;0;0;0.0;0.0;0.0;0.34782608695652173;1.0;0.0;0.0;0.0;0.0;0.0;0.0;0
5;30;0;0;0.0;0.0;0.0;0.21739130434782608;1.0;0.0;0.0;0.0;0.0;0.0;0.0;0
14;0;1;0;0.0;0.0;0.0;0.6086956521739131;0.0;0.04;0.0;0.0;0.0;0.0;0.0;0
12;30;0;0;0.0;0.0;0.0;0.5217391304347826;1.0;0.0;0.0;0.0;0.0;0.0;0.0;0
14;0;0;0;0.0;0.0;0.0;0.6086956521739131;0.0;0.0;0.0;0.0;0.0;0.0;0.0;0
0;30;0;0;0.0;0.0;0.0;0.0;1.0;0.0;0.0;0.0;0.0;0.0;0.0;0
3;0;0;0;0.0;0.0;0.0;0.13043478260869565;0.0;0.0;0.0;0.0;0.0;0.0;0.0;0
14;0;0;0;0.0;0.0;0.0;0.6086956521739131;0.0;0.0;0.0;0.0;0.0;0.0;0.0;0
0;0;1;0;0.0;0.0;0.0;0.0;0.0;0.04;0.0;0.0;0.0;0.0;0.0;0
19;30;0;0;0.0;0.0;0.0;0.8260869565217391;1.0;0.0;0.0;0.0;0.0;0.0;0.0;0
0;30;0;0;0.0;0.0;0.0;0.0;1.0;0.0;0.0;0.0;0.0;0.0;0.0;0
3;30;1;0;0.0;0.0;0.0;0.13043478260869565;1.0;0.04;0.0;0.0;0.0;0.0;0.0;0
23;30;1;0;0.0;0.0;0.0;1.0;1.0;0.04;0.0;0.0;0.0;0.0;0.2;0
10;0;1;0;0.0;0.0;0.0;0.43478260869565216;0.0;0.04;0.0;0.0;0.0;0.0;0.0;0
16;30;0;0;0.0;0.0;0.0;0.6956521739130435;1.0;0.0;0.0;0.0;0.0;0.0;0.0;0
16;30;1;0;0.0;0.0;0.0;0.6956521739130435;1.0;0.04;0.0;0.0;0.0;0.0;0.0;0
2;30;0;0;0.0;0.0;0.0;0.08695652173913043;1.0;0.0;0.0;0.0;0.0;0.0;0.0;0
4;30;0;0;0.0;0.0;0.0;0.17391304347826086;1.0;0.0;0.0;0.0;0.0;0.0;0.0;0
4;0;0;0;0.0;0.0;0.0;0.17391304347826086;0.0;0.0;0.0;0.0;0.0;0.0;0.0;0
15;30;1;0;0.0;0.0;0.0;0.6521739130434783;1.0;0.04;0.0;0.0;0.0;0.0;0.0;0
18;30;0;0;0.0;0.0;0.0;0.782608695652174;1.0;0.0;0.0;0.0;0.0;0.0;0.0;0
17;0;0;0;0.0;0.0;0.0;0.7391304347826086;0.0;0.0;0.0;0.0;0.0;0.0;0.0;0
10;30;0;0;0.0;0.0;0.0;0.43478260869565216;1.0;0.0;0.0;0.0;0.0;0.0;0.0;0
6;30;0;0;0.0;0.0;0.0;0.2608695652173913;1.0;0.0;0.0;0.0;0.0;0.0;0.0;0
8;0;0;0;0.0;0.0;0.0;0.34782608695652173;0.0;0.0;0.0;0.0;0.0;0.0;0.0;0
8;0;0;0;0.0;0.0;0.0;0.34782608695652173;0.0;0.0;0.0;0.0;0.0;0.0;0.0;0
3;30;0;0;0.0;0.0;0.0;0.13043478260869565;1.0;0.0;0.0;0.0;0.0;0.0;0.0;0
0;0;0;0;0.0;0.0;0.0;0.0;0.0;0.0;0.0;0.0;0.0;0.0;0.0;0
23;0;1;0;0.99;0.0;0.0;1.0;0.0;0.04;0.0;0.028862973760932945;0.0;0.0;0.0;0
12;30;1;0;0.0;0.0;0.0;0.5217391304347826;1.0;0.04;0.0;0.0;0.0;0.0;0.2;0
3;0;0;0;0.0;0.0;0.0;0.13043478260869565;0.0;0.0;0.0;0.0;0.0;0.0;0.0;0
22;0;2;0;0.0;0.0;0.0;0.9565217391304348;0.0;0.08;0.0;0.0;0.0;0.0;0.0;0
13;30;0;0;0.0;0.0;0.0;0.5652173913043478;1.0;0.0;0.0;0.0;0.0;0.0;0.0;0
21;30;0;0;0.0;0.0;0.0;0.9130434782608695;1.0;0.0;0.0;0.0;0.0;0.0;0.0;0
16;0;5;0;0.0;0.0;0.0;0.6956521739130435;0.0;0.2;0.0;0.0;0.0;0.0;0.0;0
2;30;0;0;0.0;0.0;0.0;0.08695652173913043;1.0;0.0;0.0;0.0;0.0;0.0;0.0;0
21;0;4;0;0.0;0.0;0.0;0.9130434782608695;0.0;0.16;0.0;0.0;0.0;0.0;0.0;0
4;30;0;0;0.0;0.0;0.0;0.17391304347826086;1.0;0.0;0.0;0.0;0.0;0.0;0.0;0
9;0;0;0;0.0;0.0;0.0;0.391304347826087;0.0;0.0;0.0;0.0;0.0;0.0;0.0;0
23;0;0;0;0.0;0.0;0.0;1.0;0.0;0.0;0.0;0.0;0.0;0.0;0.0;0
1;30;0;0;0.0;0.0;0.0;0.043478260869565216;1.0;0.0;0.0;0.0;0.0;0.0;0.0;0
8;0;0;0;0.0;0.0;0.0;0.34782608695652173;0.0;0.0;0.0;0.0;0.0;0.0;0.0;0
0;30;0;0;0.0;0.0;0.0;0.0;1.0;0.0;0.0;0.0;0.0;0.0;0.0;0
4;0;0;0;0.0;0.0;0.0;0.17391304347826086;0.0;0.0;0.0;0.0;0.0;0.0;0.0;0
10;30;1;0;0.98;0.0;0.0;0.43478260869565216;1.0;0.04;0.0;0.028571428571428574;0.0;0.0;0.79;0
12;0;2;0;0.0;0.0;0.0;0.5217391304347826;0.0;0.08;0.0;0.0;0.0;0.0;0.0;0
18;30;1;0;0.0;0.0;0.0;0.782608695652174;1.0;0.04;0.0;0.0;0.0;0.0;0.0;0
13;0;0;0;0.0;0.0;0.0;0.5652173913043478;0.0;0.0;0.0;0.0;0.0;0.0;0.0;0
3;30;0;0;0.0;0.0;0.0;0.13043478260869565;1.0;0.0;0.0;0.0;0.0;0.0;0.0;0
21;30;0;0;0.0;0.0;0.0;0.9130434782608695;1.0;0.0;0.0;0.0;0.0;0.0;0.0;0
22;30;1;0;0.0;0.0;0.0;0.9565217391304348;1.0;0.04;0.0;0.0;0.0;0.0;0.0;0
21;0;2;0;0.0;0.0;0.0;0.9130434782608695;0.0;0.08;0.0;0.0;0.0;0.0;0.0;0
18;0;0;0;0.0;0.0;0.0;0.782608695652174;0.0;0.0;0.0;0.0;0.0;0.0;0.0;0
2;30;0;0;0.0;0.0;0.0;0.08695652173913043;1.0;0.0;0.0;0.0;0.0;0.0;0.0;0
6;30;0;0;0.0;0.0;0.0;0.2608695652173913;1.0;0.0;0.0;0.0;0.0;0.0;0.0;0
8;30;0;0;0.0;0.0;0.0;0.34782608695652173;1.0;0.0;0.0;0.0;0.0;0.0;0.0;0
19;0;0;0;0.0;0.0;0.0;0.8260869565217391;0.0;0.0;0.0;0.0;0.0;0.0;0.0;0
2;0;0;0;0.4;0.0;0.0;0.08695652173913043;0.0;0.0;0.0;0.011661807580174929;0.0;0.0;0.0;0
12;30;2;0;0.0;0.0;0.0;0.5217391304347826;1.0;0.08;0.0;0.0;0.0;0.0;0.0;0
6;0;0;0;0.0;0.0;0.0;0.2608695652173913;0.0;0.0;0.0;0.0;0.0;0.0;0.0;0
11;30;3;0;0.0;0.0;0.0;0.4782608695652174;1.0;0.12;0.0;0.0;0.0;0.0;0.0;0
9;0;0;0;0.0;0.0;0.0;0.391304347826087;0.0;0.0;0.0;0.0;0.0;0.0;0.0;0
5;30;0;0;0.0;0.0;0.0;0.21739130434782608;1.0;0.0;0.0;0.0;0.0;0.0;0.0;0
1;0;0;0;0.0;0.0;0.0;0.043478260869565216;0.0;0.0;0.0;0.0;0.0;0.0;0.0;0
2;30;0;0;0.0;0.0;0.0;0.08695652173913043;1.0;0.0;0.0;0.0;0.0;0.0;0.0;0
14;30;0;0;0.0;0.0;0.0;0.6086956521739131;1.0;0.0;0.0;0.0;0.0;0.0;0.0;0
3;0;0;0;0.0;0.0;0.0;0.13043478260869565;0.0;0.0;0.0;0.0;0.0;0.0;0.0;0
7;30;1;0;0.0;0.0;0.0;0.30434782608695654;1.0;0.04;0.0;0.0;0.0;0.0;0.0;0
5;0;0;0;0.0;0.0;0.0;0.21739130434782608;0.0;0.0;0.0;0.0;0.0;0.0;0.0;0
3;0;0;0;0.2;0.0;0.0;0.13043478260869565;0.0;0.0;0.0;0.005830903790087464;0.0;0.0;0.0;0
15;0;0;0;0.0;0.0;0.0;0.6521739130434783;0.0;0.0;0.0;0.0;0.0;0.0;0.0;0
18;0;1;0;0.0;0.0;0.0;0.782608695652174;0.0;0.04;0.0;0.0;0.0;0.0;0.0;0
23;0;1;0;0.0;0.0;0.0;1.0;0.0;0.04;0.0;0.0;0.0;0.0;0.0;0
3;30;0;0;0.0;0.0;0.0;0.13043478260869565;1.0;0.0;0.0;0.0;0.0;0.0;0.0;0
9;0;0;0;0.0;0.0;0.0;0.391304347826087;0.0;0.0;0.0;0.0;0.0;0.0;0.0;0
3;0;0;0;0.0;0.0;0.0;0.13043478260869565;0.0;0.0;0.0;0.0;0.0;0.0;0.0;0
8;0;0;0;0.0;0.0;0.0;0.34782608695652173;0.0;0.0;0.0;0.0;0.0;0.0;0.0;0
8;30;0;0;0.0;0.0;0.0;0.34782608695652173;1.0;0.0;0.0;0.0;0.0;0.0;0.0;0
4;0;0;0;0.0;0.0;0.0;0.17391304347826086;0.0;0.0;0.0;0.0;0.0;0.0;0.0;0
23;30;1;0;0.0;0.0;0.0;1.0;1.0;0.04;0.0;0.0;0.0;0.0;0.0;0
18;30;0;0;0.0;0.0;0.0;0.782608695652174;1.0;0.0;0.0;0.0;0.0;0.0;0.0;0
15;30;0;0;0.0;0.0;0.0;0.6521739130434783;1.0;0.0;0.0;0.0;0.0;0.0;0.0;0
10;30;1;0;0.0;0.0;0.0;0.43478260869565216;1.0;0.04;0.0;0.0;0.0;0.0;0.0;0
12;30;0;0;0.0;0.0;0.0;0.5217391304347826;1.0;0.0;0.0;0.0;0.0;0.0;0.0;0
2;0;0;0;0.0;0.0;0.0;0.08695652173913043;0.0;0.0;0.0;0.0;0.0;0.0;0.0;0
2;30;0;0;1.77;0.0;0.0;0.08695652173913043;1.0;0.0;0.0;0.05160349854227406;0.0;0.0;0.4;0
6;30;0;0;0.0;0.0;0.0;0.2608695652173913;1.0;0.0;0.0;0.0;0.0;0.0;0.0;0
16;0;0;0;0.0;0.0;0.0;0.6956521739130435;0.0;0.0;0.0;0.0;0.0;0.0;0.0;0
22;0;0;0;0.0;0.0;0.0;0.9565217391304348;0.0;0.0;0.0;0.0;0.0;0.0;0.0;0
13;30;0;0;0.0;0.0;0.0;0.5652173913043478;1.0;0.0;0.0;0.0;0.0;0.0;0.0;0
1;0;0;0;0.0;0.0;0.0;0.043478260869565216;0.0;0.0;0.0;0.0;0.0;0.0;0.0;0
8;30;0;0;0.0;0.0;0.0;0.34782608695652173;1.0;0.0;0.0;0.0;0.0;0.0;0.0;0
18;30;0;0;0.0;0.0;0.0;0.782608695652174;1.0;0.0;0.0;0.0;0.0;0.0;0.0;0
19;30;0;0;0.0;0.0;0.0;0.8260869565217391;1.0;0.0;0.0;0.0;0.0;0.0;0.0;0
10;0;0;0;0.39;0.0;0.0;0.43478260869565216;0.0;0.0;0.0;0.011370262390670556;0.0;0.0;0.79;0
8;30;0;0;0.0;0.0;0.0;0.34782608695652173;1.0;0.0;0.0;0.0;0.0;0.0;0.0;0
0;0;0;0;0.0;0.0;0.0;0.0;0.0;0.0;0.0;0.0;0.0;0.0;0.0;0
4;0;0;0;0.0;0.0;0.0;0.17391304347826086;0.0;0.0;0.0;0.0;0.0;0.0;0.0;0
16;30;0;0;0.0;0.0;0.0;0.6956521739130435;1.0;0.0;0.0;0.0;0.0;0.0;1.57;0
11;0;0;0;0.0;0.0;0.0;0.4782608695652174;0.0;0.0;0.0;0.0;0.0;0.0;0.0;0
11;0;5;0;0.0;0.0;0.0;0.4782608695652174;0.0;0.2;0.0;0.0;0.0;0.0;0.0;0
16;30;2;0;0.0;0.0;0.0;0.6956521739130435;1.0;0.08;0.0;0.0;0.0;0.0;4.58;1
20;0;0;0;0.0;0.0;0.0;0.8695652173913043;0.0;0.0;0.0;0.0;0.0;0.0;0.0;0
2;0;0;0;0.0;0.0;0.0;0.08695652173913043;0.0;0.0;0.0;0.0;0.0;0.0;0.0;0
19;0;0;0;0.0;0.0;0.0;0.8260869565217391;0.0;0.0;0.0;0.0;0.0;0.0;0.0;0
14;30;0;0;0.0;0.0;0.0;0.6086956521739131;1.0;0.0;0.0;0.0;0.0;0.0;0.0;0
19;30;0;0;0.0;0.0;0.0;0.8260869565217391;1.0;0.0;0.0;0.0;0.0;0.0;0.0;0
4;0;0;0;0.2;0.0;0.0;0.17391304347826086;0.0;0.0;0.0;0.005830903790087464;0.0;0.0;0.2;0
3;30;0;0;0.0;0.0;0.0;0.13043478260869565;1.0;0.0;0.0;0.0;0.0;0.0;0.0;0
8;0;0;0;0.0;0.0;0.0;0.34782608695652173;0.0;0.0;0.0;0.0;0.0;0.0;0.0;0
4;0;0;0;1.18;0.0;0.0;0.17391304347826086;0.0;0.0;0.0;0.03440233236151603;0.0;0.0;2.95;1
3;0;0;0;0.0;0.0;0.0;0.13043478260869565;0.0;0.0;0.0;0.0;0.0;0.0;0.0;0
12;0;0;0;0.79;0.0;0.0;0.5217391304347826;0.0;0.0;0.0;0.023032069970845483;0.0;0.0;1.18;0
11;0;2;0;0.0;0.0;0.0;0.4782608695652174;0.0;0.08;0.0;0.0;0.0;0.0;0.0;0
13;0;0;0;0.0;0.0;0.0;0.5652173913043478;0.0;0.0;0.0;0.0;0.0;0.0;0.0;0
23;0;0;0;0.0;0.0;0.0;1.0;0.0;0.0;0.0;0.0;0.0;0.0;0.0;0
12;0;1;0;0.0;0.0;0.0;0.5217391304347826;0.0;0.04;0.0;0.0;0.0;0.0;0.0;0
5;0;0;0;0.0;0.0;0.0;0.21739130434782608;0.0;0.0;0.0;0.0;0.0;0.0;0.0;0
14;30;0;0;0.0;0.0;0.0;0.6086956521739131;1.0;0.0;0.0;0.0;0.0;0.0;0.0;0
7;0;1;0;0.0;0.0;0.0;0.30434782608695654;0.0;0.04;0.0;0.0;0.0;0.0;0.0;0
6;0;0;0;0.0;0.0;0.0;0.2608695652173913;0.0;0.0;0.0;0.0;0.0;0.0;0.0;0
18;30;1;0;0.0;0.0;0.0;0.782608695652174;1.0;0.04;0.0;0.0;0.0;0.0;0.0;0
0;30;0;0;0.0;0.0;0.0;0.0;1.0;0.0;0.0;0.0;0.0;0.0;0.0;0
9;0;1;0;0.0;0.0;0.0;0.391304347826087;0.0;0.04;0.0;0.0;0.0;0.0;0.0;0
15;0;0;0;0.0;0.0;0.0;0.6521739130434783;0.0;0.0;0.0;0.0;0.0;0.0;0.0;0
9;0;0;0;0.0;0.0;0.0;0.391304347826087;0.0;0.0;0.0;0.0;0.0;0.0;0.2;0
22;30;1;0;0.0;0.0;0.0;0.9565217391304348;1.0;0.04;0.0;0.0;0.0;0.0;0.0;0
7;0;0;0;0.0;0.0;0.0;0.30434782608695654;0.0;0.0;0.0;0.0;0.0;0.0;0.0;0
17;0;1;0;0.0;0.0;0.0;0.7391304347826086;0.0;0.04;0.0;0.0;0.0;0.0;0.0;0
1;0;0;0;0.0;0.0;0.0;0.043478260869565216;0.0;0.0;0.0;0.0;0.0;0.0;0.0;0
17;30;0;0;0.0;0.0;0.0;0.7391304347826086;1.0;0.0;0.0;0.0;0.0;0.0;0.0;0
2;30;0;0;0.0;0.0;0.0;0.08695652173913043;1.0;0.0;0.0;0.0;0.0;0.0;0.0;0
23;0;0;0;0.0;0.0;0.0;1.0;0.0;0.0;0.0;0.0;0.0;0.0;0.0;0
20;30;0;0;0.0;0.0;0.0;0.8695652173913043;1.0;0.0;0.0;0.0;0.0;0.0;0.0;0
13;0;0;0;0.0;0.0;0.0;0.5652173913043478;0.0;0.0;0.0;0.0;0.0;0.0;0.0;0
8;30;0;0;0.0;0.0;0.0;0.34782608695652173;1.0;0.0;0.0;0.0;0.0;0.0;0.0;0
7;0;0;0;0.0;0.0;0.0;0.30434782608695654;0.0;0.0;0.0;0.0;0.0;0.0;0.0;0
22;0;0;0;0.0;0.0;0.0;0.9565217391304348;0.0;0.0;0.0;0.0;0.0;0.0;0.0;0
22;30;0;0;0.0;0.0;0.0;0.9565217391304348;1.0;0.0;0.0;0.0;0.0;0.0;0.0;0
6;30;0;0;0.0;0.0;0.0;0.2608695652173913;1.0;0.0;0.0;0.0;0.0;0.0;0.0;0
10;30;0;0;0.79;0.0;0.0;0.43478260869565216;1.0;0.0;0.0;0.023032069970845483;0.0;0.0;0.79;0
20;0;1;0;0.0;0.0;0.0;0.8695652173913043;0.0;0.04;0.0;0.0;0.0;0.0;0.0;0
9;30;0;0;0.0;0.0;0.0;0.391304347826087;1.0;0.0;0.0;0.0;0.0;0.0;0.0;0
10;30;3;0;0.0;0.0;0.0;0.43478260869565216;1.0;0.12;0.0;0.0;0.0;0.0;0.0;0
4;30;0;0;0.0;0.0;0.0;0.17391304347826086;1.0;0.0;0.0;0.0;0.0;0.0;0.0;0
14;30;2;0;0.0;0.0;0.0;0.6086956521739131;1.0;0.08;0.0;0.0;0.0;0.0;0.0;0
20;30;2;0;0.2;0.0;0.0;0.8695652173913043;1.0;0.08;0.0;0.005830903790087464;0.0;0.0;22.34;2
16;30;0;0;0.0;0.0;0.0;0.6956521739130435;1.0;0.0;0.0;0.0;0.0;0.0;0.0;0
7;0;0;0;0.0;0.0;0.0;0.30434782608695654;0.0;0.0;0.0;0.0;0.0;0.0;0.0;0
12;0;0;0;0.0;0.0;0.0;0.5217391304347826;0.0;0.0;0.0;0.0;0.0;0.0;0.0;0
16;0;1;0;0.0;0.0;0.0;0.6956521739130435;0.0;0.04;0.0;0.0;0.0;0.0;0.0;0
3;30;0;0;0.0;0.0;0.0;0.13043478260869565;1.0;0.0;0.0;0.0;0.0;0.0;0.0;0
21;0;1;0;0.0;0.0;0.0;0.9130434782608695;0.0;0.04;0.0;0.0;0.0;0.0;0.0;0
2;0;0;0;0.0;0.0;0.0;0.08695652173913043;0.0;0.0;0.0;0.0;0.0;0.0;0.0;0
12;30;0;0;0.0;0.0;0.0;0.5217391304347826;1.0;0.0;0.0;0.0;0.0;0.0;0.0;0
18;30;2;0;0.0;0.0;0.0;0.782608695652174;1.0;0.08;0.0;0.0;0.0;0.0;0.0;0
11;30;1;0;0.0;0.0;0.0;0.4782608695652174;1.0;0.04;0.0;0.0;0.0;0.0;0.0;0
16;0;0;0;0.0;0.0;0.0;0.6956521739130435;0.0;0.0;0.0;0.0;0.0;0.0;0.0;0
7;30;0;0;0.0;0.0;0.0;0.30434782608695654;1.0;0.0;0.0;0.0;0.0;0.0;0.0;0
7;30;0;0;0.0;0.0;0.0;0.30434782608695654;1.0;0.0;0.0;0.0;0.0;0.0;0.0;0
18;30;1;0;0.0;0.0;0.0;0.782608695652174;1.0;0.04;0.0;0.0;0.0;0.0;0.0;0
23;0;0;0;0.0;0.0;0.0;1.0;0.0;0.0;0.0;0.0;0.0;0.0;0.0;0
14;30;1;0;0.2;0.0;0.0;0.6086956521739131;1.0;0.04;0.0;0.005830903790087464;0.0;0.0;0.0;0
6;30;0;0;0.0;0.0;0.0;0.2608695652173913;1.0;0.0;0.0;0.0;0.0;0.0;0.0;0
18;0;0;0;0.0;0.0;0.0;0.782608695652174;0.0;0.0;0.0;0.0;0.0;0.0;0.0;0
19;0;0;0;0.0;0.0;0.0;0.8260869565217391;0.0;0.0;0.0;0.0;0.0;0.0;0.0;0
21;30;0;0;0.0;0.0;0.0;0.9130434782608695;1.0;0.0;0.0;0.0;0.0;0.0;0.0;0
21;30;0;0;0.0;0.0;0.0;0.9130434782608695;1.0;0.0;0.0;0.0;0.0;0.0;0.0;0
5;30;0;0;0.0;0.0;0.0;0.21739130434782608;1.0;0.0;0.0;0.0;0.0;0.0;0.0;0
16;0;2;0;0.0;0.0;0.0;0.6956521739130435;0.0;0.08;0.0;0.0;0.0;0.0;0.0;0
23;30;1;0;0.0;0.0;0.0;1.0;1.0;0.04;0.0;0.0;0.0;0.0;0.6;0
1;0;1;0;0.0;0.0;0.0;0.043478260869565216;0.0;0.04;0.0;0.0;0.0;0.0;0.0;0
12;30;0;0;0.0;0.0;0.0;0.5217391304347826;1.0;0.0;0.0;0.0;0.0;0.0;0.0;0
9;30;1;0;0.0;0.0;0.0;0.391304347826087;1.0;0.04;0.0;0.0;0.0;0.0;0.0;0
12;30;0;0;0.0;0.0;0.0;0.5217391304347826;1.0;0.0;0.0;0.0;0.0;0.0;0.0;0
22;30;1;0;0.0;0.0;0.0;0.9565217391304348;1.0;0.04;0.0;0.0;0.0;0.0;0.0;0
21;0;0;0;0.0;0.0;0.0;0.9130434782608695;0.0;0.0;0.0;0.0;0.0;0.0;0.0;0
19;0;1;0;0.0;0.0;0.0;0.8260869565217391;0.0;0.04;0.0;0.0;0.0;0.0;0.2;0
4;0;0;0;0.0;0.0;0.0;0.17391304347826086;0.0;0.0;0.0;0.0;0.0;0.0;0.0;0
11;0;4;0;0.0;0.0;0.0;0.4782608695652174;0.0;0.16;0.0;0.0;0.0;0.0;0.0;0
8;30;0;0;0.0;0.0;0.0;0.34782608695652173;1.0;0.0;0.0;0.0;0.0;0.0;0.0;0
20;0;0;0;0.0;0.0;0.0;0.8695652173913043;0.0;0.0;0.0;0.0;0.0;0.0;0.0;0
21;0;1;0;0.0;0.0;0.0;0.9130434782608695;0.0;0.04;0.0;0.0;0.0;0.0;0.0;0
23;0;1;0;0.0;0.0;0.0;1.0;0.0;0.04;0.0;0.0;0.0;0.0;0.0;0
1;0;0;0;0.0;0.0;0.0;0.043478260869565216;0.0;0.0;0.0;0.0;0.0;0.0;0.0;0
0;30;1;0;0.2;0.0;0.0;0.0;1.0;0.04;0.0;0.005830903790087464;0.0;0.0;0.0;0
14;0;2;0;0.0;0.0;0.0;0.6086956521739131;0.0;0.08;0.0;0.0;0.0;0.0;0.0;0
15;0;0;0;0.0;0.0;0.0;0.6521739130434783;0.0;0.0;0.0;0.0;0.0;0.0;0.0;0
6;0;0;0;0.0;0.0;0.0;0.2608695652173913;0.0;0.0;0.0;0.0;0.0;0.0;0.0;0
15;0;1;0;0.0;0.0;0.0;0.6521739130434783;0.0;0.04;0.0;0.0;0.0;0.0;0.0;0
6;0;0;0;0.0;0.0;0.0;0.2608695652173913;0.0;0.0;0.0;0.0;0.0;0.0;0.2;0
3;30;0;0;0.2;0.0;0.0;0.13043478260869565;1.0;0.0;0.0;0.005830903790087464;0.0;0.0;0.0;0
21;0;0;0;22.34;0.0;0.0;0.9130434782608695;0.0;0.0;0.0;0.6513119533527697;0.0;0.0;5.51;1
19;0;1;0;0.0;0.0;0.0;0.8260869565217391;0.0;0.04;0.0;0.0;0.0;0.0;0.0;0
11;30;0;0;0.0;0.0;0.0;0.4782608695652174;1.0;0.0;0.0;0.0;0.0;0.0;0.0;0
20;0;1;0;0.0;0.0;0.0;0.8695652173913043;0.0;0.04;0.0;0.0;0.0;0.0;0.0;0
4;0;1;0;0.0;0.0;0.0;0.17391304347826086;0.0;0.04;0.0;0.0;0.0;0.0;0.0;0
20;30;2;0;2.56;0.0;0.0;0.8695652173913043;1.0;0.08;0.0;0.07463556851311955;0.0;0.0;2.56;1
12;0;1;0;0.0;0.0;0.0;0.5217391304347826;0.0;0.04;0.0;0.0;0.0;0.0;0.0;0
17;30;0;0;20.24;0.0;0.0;0.7391304347826086;1.0;0.0;0.0;0.5900874635568513;0.0;0.0;0.0;0
4;0;0;0;0.0;0.0;0.0;0.17391304347826086;0.0;0.0;0.0;0.0;0.0;0.0;0.0;0
1;0;1;0;0.0;0.0;0.0;0.043478260869565216;0.0;0.04;0.0;0.0;0.0;0.0;0.0;0
11;30;1;0;0.0;0.0;0.0;0.4782608695652174;1.0;0.04;0.0;0.0;0.0;0.0;0.0;0
16;30;0;0;0.0;0.0;0.0;0.6956521739130435;1.0;0.0;0.0;0.0;0.0;0.0;0.0;0
1;30;0;0;0.4;0.0;0.0;0.043478260869565216;1.0;0.0;0.0;0.011661807580174929;0.0;0.0;0.4;0
22;30;0;0;0.0;0.0;0.0;0.9565217391304348;1.0;0.0;0.0;0.0;0.0;0.0;0.0;0
15;30;0;0;0.0;0.0;0.0;0.6521739130434783;1.0;0.0;0.0;0.0;0.0;0.0;0.2;0
14;0;3;0;0.0;0.0;0.0;0.6086956521739131;0.0;0.12;0.0;0.0;0.0;0.0;0.0;0
20;30;0;0;0.0;0.0;0.0;0.8695652173913043;1.0;0.0;0.0;0.0;0.0;0.0;0.0;0
23;30;0;0;0.0;0.0;0.0;1.0;1.0;0.0;0.0;0.0;0.0;0.0;0.0;0
5;30;0;0;0.0;0.0;0.0;0.21739130434782608;1.0;0.0;0.0;0.0;0.0;0.0;0.0;0
14;0;1;0;0.0;0.0;0.0;0.6086956521739131;0.0;0.04;0.0;0.0;0.0;0.0;0.0;0
16;30;0;0;0.0;0.0;0.0;0.6956521739130435;1.0;0.0;0.0;0.0;0.0;0.0;0.0;0
15;30;0;0;0.6;0.0;0.0;0.6521739130434783;1.0;0.0;0.0;0.01749271137026239;0.0;0.0;0.39;0
9;30;2;0;0.0;0.0;0.0;0.391304347826087;1.0;0.08;0.0;0.0;0.0;0.0;0.0;0
14;0;0;0;0.0;0.0;0.0;0.6086956521739131;0.0;0.0;0.0;0.0;0.0;0.0;0.0;0
22;30;0;0;0.0;0.0;0.0;0.9565217391304348;1.0;0.0;0.0;0.0;0.0;0.0;0.0;0
7;30;0;0;0.0;0.0;0.0;0.30434782608695654;1.0;0.0;0.0;0.0;0.0;0.0;0.0;0
3;0;0;0;0.0;0.0;0.0;0.13043478260869565;0.0;0.0;0.0;0.0;0.0;0.0;0.0;0
2;0;0;0;0.0;0.0;0.0;0.08695652173913043;0.0;0.0;0.0;0.0;0.0;0.0;0.0;0
14;0;0;0;0.0;0.0;0.0;0.6086956521739131;0.0;0.0;0.0;0.0;0.0;0.0;0.0;0
8;0;1;0;0.0;0.0;0.0;0.34782608695652173;0.0;0.04;0.0;0.0;0.0;0.0;0.0;0
7;30;0;0;0.0;0.0;0.0;0.30434782608695654;1.0;0.0;0.0;0.0;0.0;0.0;0.0;0
23;30;0;0;2.76;0.0;0.0;1.0;1.0;0.0;0.0;0.080466472303207;0.0;0.0;0.79;0
12;0;1;0;0.0;0.0;0.0;0.5217391304347826;0.0;0.04;0.0;0.0;0.0;0.0;0.0;0
6;30;0;0;0.0;0.0;0.0;0.2608695652173913;1.0;0.0;0.0;0.0;0.0;0.0;0.0;0
8;30;0;0;0.0;0.0;0.0;0.34782608695652173;1.0;0.0;0.0;0.0;0.0;0.0;0.0;0
8;0;0;0;0.0;0.0;0.0;0.34782608695652173;0.0;0.0;0.0;0.0;0.0;0.0;0.0;0
22;0;0;0;0.0;0.0;0.0;0.9565217391304348;0.0;0.0;0.0;0.0;0.0;0.0;0.0;0
12;30;0;0;0.0;0.0;0.0;0.5217391304347826;1.0;0.0;0.0;0.0;0.0;0.0;0.0;0
16;0;1;0;0.0;0.0;0.0;0.6956521739130435;0.0;0.04;0.0;0.0;0.0;0.0;0.0;0
11;0;1;0;0.79;0.0;0.0;0.4782608695652174;0.0;0.04;0.0;0.023032069970845483;0.0;0.0;0.2;0
16;30;0;0;0.0;0.0;0.0;0.6956521739130435;1.0;0.0;0.0;0.0;0.0;0.0;0.0;0
21;30;2;0;0.0;0.0;0.0;0.9130434782608695;1.0;0.08;0.0;0.0;0.0;0.0;0.0;0
3;0;0;0;0.59;0.0;0.0;0.13043478260869565;0.0;0.0;0.0;0.017201166180758017;0.0;0.0;0.2;0
22;30;0;0;0.0;0.0;0.0;0.9565217391304348;1.0;0.0;0.0;0.0;0.0;0.0;0.0;0
22;30;0;0;0.2;0.0;0.0;0.9565217391304348;1.0;0.0;0.0;0.005830903790087464;0.0;0.0;0.0;0
23;0;0;0;0.0;0.0;0.0;1.0;0.0;0.0;0.0;0.0;0.0;0.0;0.0;0
1;0;0;0;0.0;0.0;0.0;0.043478260869565216;0.0;0.0;0.0;0.0;0.0;0.0;0.0;0
20;30;2;0;0.0;0.0;0.0;0.8695652173913043;1.0;0.08;0.0;0.0;0.0;0.0;0.0;0
7;30;1;0;0.0;0.0;0.0;0.30434782608695654;1.0;0.04;0.0;0.0;0.0;0.0;0.0;0
15;30;1;0;0.0;0.0;0.0;0.6521739130434783;1.0;0.04;0.0;0.0;0.0;0.0;0.0;0
11;0;0;0;0.0;0.0;0.0;0.4782608695652174;0.0;0.0;0.0;0.0;0.0;0.0;0.0;0
17;0;0;0;0.0;0.0;0.0;0.7391304347826086;0.0;0.0;0.0;0.0;0.0;0.0;0.0;0
7;30;0;0;0.0;0.0;0.0;0.30434782608695654;1.0;0.0;0.0;0.0;0.0;0.0;0.0;0
12;30;0;0;0.0;0.0;0.0;0.5217391304347826;1.0;0.0;0.0;0.0;0.0;0.0;0.0;0
19;30;1;0;0.0;0.0;0.0;0.8260869565217391;1.0;0.04;0.0;0.0;0.0;0.0;0.0;0
19;30;0;0;0.0;0.0;0.0;0.8260869565217391;1.0;0.0;0.0;0.0;0.0;0.0;0.0;0
8;0;0;0;0.0;0.0;0.0;0.34782608695652173;0.0;0.0;0.0;0.0;0.0;0.0;0.0;0
0;0;0;0;0.0;0.0;0.0;0.0;0.0;0.0;0.0;0.0;0.0;0.0;0.0;0
21;0;0;0;0.0;0.0;0.0;0.9130434782608695;0.0;0.0;0.0;0.0;0.0;0.0;0.0;0
8;0;0;0;0.0;0.0;0.0;0.34782608695652173;0.0;0.0;0.0;0.0;0.0;0.0;0.0;0
3;30;0;0;0.0;0.0;0.0;0.13043478260869565;1.0;0.0;0.0;0.0;0.0;0.0;0.0;0
11;30;0;0;0.0;0.0;0.0;0.4782608695652174;1.0;0.0;0.0;0.0;0.0;0.0;0.2;0
19;0;1;0;0.0;0.0;0.0;0.8260869565217391;0.0;0.04;0.0;0.0;0.0;0.0;0.0;0
10;0;1;0;0.0;0.0;0.0;0.43478260869565216;0.0;0.04;0.0;0.0;0.0;0.0;0.0;0
16;0;1;0;0.0;0.0;0.0;0.6956521739130435;0.0;0.04;0.0;0.0;0.0;0.0;0.0;0
9;30;0;0;0.2;0.0;0.0;0.391304347826087;1.0;0.0;0.0;0.005830903790087464;0.0;0.0;0.0;0
21;0;0;0;0.0;0.0;0.0;0.9130434782608695;0.0;0.0;0.0;0.0;0.0;0.0;0.0;0
3;0;0;0;0.0;0.0;0.0;0.13043478260869565;0.0;0.0;0.0;0.0;0.0;0.0;0.0;0
20;30;0;0;8.29;0.0;0.0;0.8695652173913043;1.0;0.0;0.0;0.24169096209912536;0.0;0.0;3.34;1
12;0;0;0;0.0;0.0;0.0;0.5217391304347826;0.0;0.0;0.0;0.0;0.0;0.0;0.0;0
16;0;0;0;1.37;0.0;0.0;0.6956521739130435;0.0;0.0;0.0;0.03994169096209913;0.0;0.0;1.37;0
20;0;0;0;0.0;0.0;0.0;0.8695652173913043;0.0;0.0;0.0;0.0;0.0;0.0;0.0;0
2;30;0;0;0.0;0.0;0.0;0.08695652173913043;1.0;0.0;0.0;0.0;0.0;0.0;0.0;0
4;0;0;0;0.0;0.0;0.0;0.17391304347826086;0.0;0.0;0.0;0.0;0.0;0.0;0.0;0
4;30;0;0;0.0;0.0;0.0;0.17391304347826086;1.0;0.0;0.0;0.0;0.0;0.0;0.0;0
4;0;0;0;0.0;0.0;0.0;0.17391304347826086;0.0;0.0;0.0;0.0;0.0;0.0;0.0;0
14;30;0;0;0.0;0.0;0.0;0.6086956521739131;1.0;0.0;0.0;0.0;0.0;0.0;0.0;0
13;30;0;0;0.0;0.0;0.0;0.5652173913043478;1.0;0.0;0.0;0.0;0.0;0.0;0.0;0
16;0;0;0;0.0;0.0;0.0;0.6956521739130435;0.0;0.0;0.0;0.0;0.0;0.0;0.0;0
16;30;0;0;0.0;0.0;0.0;0.6956521739130435;1.0;0.0;0.0;0.0;0.0;0.0;0.0;0
21;0;0;0;0.0;0.0;0.0;0.9130434782608695;0.0;0.0;0.0;0.0;0.0;0.0;0.0;0
3;0;0;0;0.0;0.0;0.0;0.13043478260869565;0.0;0.0;0.0;0.0;0.0;0.0;0.0;0
11;0;0;0;0.0;0.0;0.0;0.4782608695652174;0.0;0.0;0.0;0.0;0.0;0.0;0.0;0
2;0;0;0;0.0;0.0;0.0;0.08695652173913043;0.0;0.0;0.0;0.0;0.0;0.0;0.0;0
7;30;1;0;0.0;0.0;0.0;0.30434782608695654;1.0;0.04;0.0;0.0;0.0;0.0;0.2;0
14;30;1;0;0.0;0.0;0.0;0.6086956521739131;1.0;0.04;0.0;0.0;0.0;0.0;0.0;0
22;0;2;0;0.0;0.0;0.0;0.9565217391304348;0.0;0.08;0.0;0.0;0.0;0.0;0.0;0
7;30;3;0;0.0;0.0;0.0;0.30434782608695654;1.0;0.12;0.0;0.0;0.0;0.0;0.0;0
17;0;0;0;0.0;0.0;0.0;0.7391304347826086;0.0;0.0;0.0;0.0;0.0;0.0;0.0;0
18;30;0;0;0.0;0.0;0.0;0.782608695652174;1.0;0.0;0.0;0.0;0.0;0.0;0.0;0
15;0;0;0;0.0;0.0;0.0;0.6521739130434783;0.0;0.0;0.0;0.0;0.0;0.0;0.0;0
23;0;0;0;0.0;0.0;0.0;1.0;0.0;0.0;0.0;0.0;0.0;0.0;0.0;0
8;0;0;0;0.0;0.0;0.0;0.34782608695652173;0.0;0.0;0.0;0.0;0.0;0.0;0.0;0
13;0;0;0;0.0;0.0;0.0;0.5652173913043478;0.0;0.0;0.0;0.0;0.0;0.0;0.0;0
11;0;0;0;0.0;0.0;0.0;0.4782608695652174;0.0;0.0;0.0;0.0;0.0;0.0;0.0;0
20;0;1;0;0.0;0.0;0.0;0.8695652173913043;0.0;0.04;0.0;0.0;0.0;0.0;0.0;0
22;30;0;0;0.0;0.0;0.0;0.9565217391304348;1.0;0.0;0.0;0.0;0.0;0.0;0.0;0
17;0;0;0;0.0;0.0;0.0;0.7391304347826086;0.0;0.0;0.0;0.0;0.0;0.0;0.0;0
14;0;1;0;0.0;0.0;0.0;0.6086956521739131;0.0;0.04;0.0;0.0;0.0;0.0;0.0;0
13;0;0;0;0.0;0.0;0.0;0.5652173913043478;0.0;0.0;0.0;0.0;0.0;0.0;0.0;0
22;30;0;0;0.0;0.0;0.0;0.9565217391304348;1.0;0.0;0.0;0.0;0.0;0.0;0.0;0
22;30;0;0;0.6;0.0;0.0;0.9565217391304348;1.0;0.0;0.0;0.01749271137026239;0.0;0.0;0.0;0
12;0;0;0;0.0;0.0;0.0;0.5217391304347826;0.0;0.0;0.0;0.0;0.0;0.0;0.0;0
8;0;0;0;0.0;0.0;0.0;0.34782608695652173;0.0;0.0;0.0;0.0;0.0;0.0;0.0;0
21;0;25;0;0.99;0.0;0.0;0.9130434782608695;0.0;1.0;0.0;0.028862973760932945;0.0;0.0;0.99;0
22;0;0;0;0.0;0.0;0.0;0.9565217391304348;0.0;0.0;0.0;0.0;0.0;0.0;0.0;0
8;30;1;0;0.0;0.0;0.0;0.34782608695652173;1.0;0.04;0.0;0.0;0.0;0.0;0.0;0
14;30;1;0;0.0;0.0;0.0;0.6086956521739131;1.0;0.04;0.0;0.0;0.0;0.0;0.0;0
20;30;0;0;0.0;0.0;0.0;0.8695652173913043;1.0;0.0;0.0;0.0;0.0;0.0;0.0;0
3;30;0;0;0.2;0.0;0.0;0.13043478260869565;1.0;0.0;0.0;0.005830903790087464;0.0;0.0;0.0;0
20;0;1;0;1.57;0.0;0.0;0.8695652173913043;0.0;0.04;0.0;0.0457725947521866;0.0;0.0;0.2;0
15;0;0;0;0.0;0.0;0.0;0.6521739130434783;0.0;0.0;0.0;0.0;0.0;0.0;0.0;0
19;30;0;0;0.0;0.0;0.0;0.8260869565217391;1.0;0.0;0.0;0.0;0.0;0.0;0.0;0
14;0;0;0;0.0;0.0;0.0;0.6086956521739131;0.0;0.0;0.0;0.0;0.0;0.0;0.0;0
16;0;0;0;0.0;0.0;0.0;0.6956521739130435;0.0;0.0;0.0;0.0;0.0;0.0;0.0;0
16;0;0;0;0.0;0.0;0.0;0.6956521739130435;0.0;0.0;0.0;0.0;0.0;0.0;0.0;0
12;0;0;0;0.0;0.0;0.0;0.5217391304347826;0.0;0.0;0.0;0.0;0.0;0.0;0.0;0
12;0;1;0;0.0;0.0;0.0;0.5217391304347826;0.0;0.04;0.0;0.0;0.0;0.0;0.0;0
4;0;0;0;0.0;0.0;0.0;0.17391304347826086;0.0;0.0;0.0;0.0;0.0;0.0;0.0;0
17;0;2;0;0.0;0.0;0.0;0.7391304347826086;0.0;0.08;0.0;0.0;0.0;0.0;0.0;0
14;30;0;0;0.0;0.0;0.0;0.6086956521739131;1.0;0.0;0.0;0.0;0.0;0.0;0.2;0
19;0;0;0;0.0;0.0;0.0;0.8260869565217391;0.0;0.0;0.0;0.0;0.0;0.0;0.0;0
5;30;0;0;0.0;0.0;0.0;0.21739130434782608;1.0;0.0;0.0;0.0;0.0;0.0;0.0;0
1;30;0;0;0.0;0.0;0.0;0.043478260869565216;1.0;0.0;0.0;0.0;0.0;0.0;0.0;0
9;0;0;0;0.0;0.0;0.0;0.391304347826087;0.0;0.0;0.0;0.0;0.0;0.0;0.0;0
0;30;1;0;0.0;0.0;0.0;0.0;1.0;0.04;0.0;0.0;0.0;0.0;0.0;0
15;30;4;0;0.0;0.0;0.0;0.6521739130434783;1.0;0.16;0.0;0.0;0.0;0.0;0.0;0
13;0;1;0;0.0;0.0;0.0;0.5652173913043478;0.0;0.04;0.0;0.0;0.0;0.0;0.0;0
14;0;4;0;0.0;0.0;0.0;0.6086956521739131;0.0;0.16;0.0;0.0;0.0;0.0;0.0;0
15;30;0;0;0.0;0.0;0.0;0.6521739130434783;1.0;0.0;0.0;0.0;0.0;0.0;0.0;0
3;0;0;0;0.0;0.0;0.0;0.13043478260869565;0.0;0.0;0.0;0.0;0.0;0.0;0.0;0
22;0;0;0;0.0;0.0;0.0;0.9565217391304348;0.0;0.0;0.0;0.0;0.0;0.0;0.0;0
8;0;0;0;0.0;0.0;0.0;0.34782608695652173;0.0;0.0;0.0;0.0;0.0;0.0;0.0;0
7;30;0;0;0.0;0.0;0.0;0.30434782608695654;1.0;0.0;0.0;0.0;0.0;0.0;0.0;0
19;30;0;0;0.0;0.0;0.0;0.8260869565217391;1.0;0.0;0.0;0.0;0.0;0.0;0.0;0
18;0;0;0;0.0;0.0;0.0;0.782608695652174;0.0;0.0;0.0;0.0;0.0;0.0;0.0;0
11;0;0;0;0.0;0.0;0.0;0.4782608695652174;0.0;0.0;0.0;0.0;0.0;0.0;0.0;0
3;0;0;0;0.0;0.0;0.0;0.13043478260869565;0.0;0.0;0.0;0.0;0.0;0.0;0.0;0
21;30;0;0;0.0;0.0;0.0;0.9130434782608695;1.0;0.0;0.0;0.0;0.0;0.0;0.0;0
4;30;0;0;0.0;0.0;0.0;0.17391304347826086;1.0;0.0;0.0;0.0;0.0;0.0;0.0;0
13;0;0;0;0.0;0.0;0.0;0.5652173913043478;0.0;0.0;0.0;0.0;0.0;0.0;0.0;0
9;30;1;0;0.0;0.0;0.0;0.391304347826087;1.0;0.04;0.0;0.0;0.0;0.0;0.0;0
11;30;0;0;0.0;0.0;0.0;0.4782608695652174;1.0;0.0;0.0;0.0;0.0;0.0;0.0;0
8;30;0;0;0.0;0.0;0.0;0.34782608695652173;1.0;0.0;0.0;0.0;0.0;0.0;0.0;0
0;0;0;0;0.0;0.0;0.0;0.0;0.0;0.0;0.0;0.0;0.0;0.0;0.0;0
18;0;6;0;0.0;0.0;0.0;0.782608695652174;0.0;0.24;0.0;0.0;0.0;0.0;0.0;0
0;30;0;0;0.0;0.0;0.0;0.0;1.0;0.0;0.0;0.0;0.0;0.0;0.0;0
6;0;0;0;0.0;0.0;0.0;0.2608695652173913;0.0;0.0;0.0;0.0;0.0;0.0;0.0;0
5;30;0;0;0.0;0.0;0.0;0.21739130434782608;1.0;0.0;0.0;0.0;0.0;0.0;0.0;0
3;0;0;0;0.0;0.0;0.0;0.13043478260869565;0.0;0.0;0.0;0.0;0.0;0.0;0.0;0
21;0;1;0;0.0;0.0;0.0;0.9130434782608695;0.0;0.04;0.0;0.0;0.0;0.0;0.0;0
0;30;1;0;0.0;0.0;0.0;0.0;1.0;0.04;0.0;0.0;0.0;0.0;0.0;0
13;0;2;0;0.2;0.0;0.0;0.5652173913043478;0.0;0.08;0.0;0.005830903790087464;0.0;0.0;2.95;1
18;0;6;0;0.0;0.0;0.0;0.782608695652174;0.0;0.24;0.0;0.0;0.0;0.0;0.0;0
14;0;0;0;0.0;0.0;0.0;0.6086956521739131;0.0;0.0;0.0;0.0;0.0;0.0;0.0;0
20;0;0;0;14.39;0.0;0.0;0.8695652173913043;0.0;0.0;0.0;0.41953352769679303;0.0;0.0;2.55;1
9;30;0;0;0.0;0.0;0.0;0.391304347826087;1.0;0.0;0.0;0.0;0.0;0.0;0.0;0
14;0;2;0;0.0;0.0;0.0;0.6086956521739131;0.0;0.08;0.0;0.0;0.0;0.0;0.0;0
21;0;2;0;0.59;0.0;0.0;0.9130434782608695;0.0;0.08;0.0;0.017201166180758017;0.0;0.0;0.2;0
7;30;2;0;0.0;0.0;0.0;0.30434782608695654;1.0;0.08;0.0;0.0;0.0;0.0;0.0;0
23;30;0;0;0.0;0.0;0.0;1.0;1.0;0.0;0.0;0.0;0.0;0.0;0.0;0
21;0;0;0;0.0;0.0;0.0;0.9130434782608695;0.0;0.0;0.0;0.0;0.0;0.0;0.0;0
14;0;1;0;0.0;0.0;0.0;0.6086956521739131;0.0;0.04;0.0;0.0;0.0;0.0;0.0;0
10;30;1;0;0.0;0.0;0.0;0.43478260869565216;1.0;0.04;0.0;0.0;0.0;0.0;0.0;0
11;30;7;0;0.4;0.0;0.0;0.4782608695652174;1.0;0.28;0.0;0.011661807580174929;0.0;0.0;0.4;0
1;30;1;0;0.0;0.0;0.0;0.043478260869565216;1.0;0.04;0.0;0.0;0.0;0.0;0.0;0
17;0;0;0;0.0;0.0;0.0;0.7391304347826086;0.0;0.0;0.0;0.0;0.0;0.0;0.0;0
10;0;0;0;0.0;0.0;0.0;0.43478260869565216;0.0;0.0;0.0;0.0;0.0;0.0;0.0;0
11;0;0;0;0.0;0.0;0.0;0.4782608695652174;0.0;0.0;0.0;0.0;0.0;0.0;0.0;0
1;30;0;0;0.0;0.0;0.0;0.043478260869565216;1.0;0.0;0.0;0.0;0.0;0.0;0.0;0
5;30;0;0;0.0;0.0;0.0;0.21739130434782608;1.0;0.0;0.0;0.0;0.0;0.0;0.0;0
14;0;1;0;0.0;0.0;0.0;0.6086956521739131;0.0;0.04;0.0;0.0;0.0;0.0;0.0;0
3;30;0;0;0.0;0.0;0.0;0.13043478260869565;1.0;0.0;0.0;0.0;0.0;0.0;0.2;0
22;0;3;0;0.0;0.0;0.0;0.9565217391304348;0.0;0.12;0.0;0.0;0.0;0.0;0.0;0
0;0;2;0;0.0;0.0;0.0;0.0;0.0;0.08;0.0;0.0;0.0;0.0;0.0;0
6;0;0;0;0.0;0.0;0.0;0.2608695652173913;0.0;0.0;0.0;0.0;0.0;0.0;0.0;0
16;0;0;0;0.0;0.0;0.0;0.6956521739130435;0.0;0.0;0.0;0.0;0.0;0.0;0.0;0
6;30;0;0;0.0;0.0;0.0;0.2608695652173913;1.0;0.0;0.0;0.0;0.0;0.0;0.0;0
22;0;0;0;0.0;0.0;0.0;0.9565217391304348;0.0;0.0;0.0;0.0;0.0;0.0;0.0;0
11;0;0;0;0.0;0.0;0.0;0.4782608695652174;0.0;0.0;0.0;0.0;0.0;0.0;0.0;0
18;30;0;0;0.0;0.0;0.0;0.782608695652174;1.0;0.0;0.0;0.0;0.0;0.0;1.2;0
14;0;0;0;0.0;0.0;0.0;0.6086956521739131;0.0;0.0;0.0;0.0;0.0;0.0;0.0;0
6;30;0;0;0.0;0.0;0.0;0.2608695652173913;1.0;0.0;0.0;0.0;0.0;0.0;0.0;0
16;0;0;0;0.0;0.0;0.0;0.6956521739130435;0.0;0.0;0.0;0.0;0.0;0.0;0.0;0
17;0;0;0;0.0;0.0;0.0;0.7391304347826086;0.0;0.0;0.0;0.0;0.0;0.0;0.0;0
22;30;0;0;0.4;0.0;0.0;0.9565217391304348;1.0;0.0;0.0;0.011661807580174929;0.0;0.0;0.0;0
18;0;0;0;0.0;0.0;0.0;0.782608695652174;0.0;0.0;0.0;0.0;0.0;0.0;0.0;0
15;30;1;0;0.0;0.0;0.0;0.6521739130434783;1.0;0.04;0.0;0.0;0.0;0.0;0.0;0
16;30;0;0;0.0;0.0;0.0;0.6956521739130435;1.0;0.0;0.0;0.0;0.0;0.0;0.0;0
18;30;0;0;0.0;0.0;0.0;0.782608695652174;1.0;0.0;0.0;0.0;0.0;0.0;0.0;0
11;0;1;0;0.4;0.0;0.0;0.4782608695652174;0.0;0.04;0.0;0.011661807580174929;0.0;0.0;0.0;0
7;30;0;0;0.0;0.0;0.0;0.30434782608695654;1.0;0.0;0.0;0.0;0.0;0.0;0.0;0
8;0;0;0;0.0;0.0;0.0;0.34782608695652173;0.0;0.0;0.0;0.0;0.0;0.0;0.0;0
0;0;0;0;0.0;0.0;0.0;0.0;0.0;0.0;0.0;0.0;0.0;0.0;0.0;0
11;0;1;0;0.2;0.0;0.0;0.4782608695652174;0.0;0.04;0.0;0.005830903790087464;0.0;0.0;0.2;0
11;0;1;0;0.0;0.0;0.0;0.4782608695652174;0.0;0.04;0.0;0.0;0.0;0.0;0.0;0
1;30;1;0;0.0;0.0;0.0;0.043478260869565216;1.0;0.04;0.0;0.0;0.0;0.0;0.0;0
10;30;4;0;0.0;0.0;0.0;0.43478260869565216;1.0;0.16;0.0;0.0;0.0;0.0;0.2;0
19;30;1;0;0.0;0.0;0.0;0.8260869565217391;1.0;0.04;0.0;0.0;0.0;0.0;0.0;0
9;30;1;0;0.0;0.0;0.0;0.391304347826087;1.0;0.04;0.0;0.0;0.0;0.0;0.0;0
17;30;0;0;0.0;0.0;0.0;0.7391304347826086;1.0;0.0;0.0;0.0;0.0;0.0;0.0;0
15;30;0;0;0.0;0.0;0.0;0.6521739130434783;1.0;0.0;0.0;0.0;0.0;0.0;0.79;0
10;30;1;0;0.0;0.0;0.0;0.43478260869565216;1.0;0.04;0.0;0.0;0.0;0.0;0.0;0
1;30;0;0;0.0;0.0;0.0;0.043478260869565216;1.0;0.0;0.0;0.0;0.0;0.0;0.0;0
3;30;0;0;0.0;0.0;0.0;0.13043478260869565;1.0;0.0;0.0;0.0;0.0;0.0;0.0;0
17;30;1;0;0.0;0.0;0.0;0.7391304347826086;1.0;0.04;0.0;0.0;0.0;0.0;0.0;0
19;30;2;0;0.0;0.0;0.0;0.8260869565217391;1.0;0.08;0.0;0.0;0.0;0.0;0.0;0
5;30;0;0;0.0;0.0;0.0;0.21739130434782608;1.0;0.0;0.0;0.0;0.0;0.0;0.0;0
2;0;0;0;0.0;0.0;0.0;0.08695652173913043;0.0;0.0;0.0;0.0;0.0;0.0;0.0;0
6;0;0;0;0.0;0.0;0.0;0.2608695652173913;0.0;0.0;0.0;0.0;0.0;0.0;0.0;0
22;30;0;0;0.0;0.0;0.0;0.9565217391304348;1.0;0.0;0.0;0.0;0.0;0.0;0.0;0
20;30;1;0;0.0;0.0;0.0;0.8695652173913043;1.0;0.04;0.0;0.0;0.0;0.0;0.0;0
22;30;0;0;0.0;0.0;0.0;0.9565217391304348;1.0;0.0;0.0;0.0;0.0;0.0;0.0;0
13;0;0;0;0.0;0.0;0.0;0.5652173913043478;0.0;0.0;0.0;0.0;0.0;0.0;0.0;0
12;0;1;0;0.0;0.0;0.0;0.5217391304347826;0.0;0.04;0.0;0.0;0.0;0.0;0.0;0
7;30;0;0;0.0;0.0;0.0;0.30434782608695654;1.0;0.0;0.0;0.0;0.0;0.0;0.0;0
4;0;0;0;0.0;0.0;0.0;0.17391304347826086;0.0;0.0;0.0;0.0;0.0;0.0;0.0;0
1;30;0;0;0.0;0.0;0.0;0.043478260869565216;1.0;0.0;0.0;0.0;0.0;0.0;0.0;0
22;30;1;0;0.2;0.0;0.0;0.9565217391304348;1.0;0.04;0.0;0.005830903790087464;0.0;0.0;0.2;0
14;30;2;0;0.0;0.0;0.0;0.6086956521739131;1.0;0.08;0.0;0.0;0.0;0.0;0.0;0
1;30;0;0;0.0;0.0;0.0;0.043478260869565216;1.0;0.0;0.0;0.0;0.0;0.0;0.0;0
22;30;0;0;0.0;0.0;0.0;0.9565217391304348;1.0;0.0;0.0;0.0;0.0;0.0;0.2;0
3;30;0;0;0.0;0.0;0.0;0.13043478260869565;1.0;0.0;0.0;0.0;0.0;0.0;0.0;0
5;0;0;0;0.0;0.0;0.0;0.21739130434782608;0.0;0.0;0.0;0.0;0.0;0.0;0.0;0
0;30;0;0;0.0;0.0;0.0;0.0;1.0;0.0;0.0;0.0;0.0;0.0;0.0;0
2;0;0;0;0.0;0.0;0.0;0.08695652173913043;0.0;0.0;0.0;0.0;0.0;0.0;0.0;0
9;0;0;0;0.0;0.0;0.0;0.391304347826087;0.0;0.0;0.0;0.0;0.0;0.0;0.0;0
14;0;1;0;0.0;0.0;0.0;0.6086956521739131;0.0;0.04;0.0;0.0;0.0;0.0;0.2;0
20;0;2;1;0.0;4.143978385008743e-06;0.0016129032258064516;0.8695652173913043;0.0;0.08;1.0;0.0;1.0;1.0;0.0;0
6;30;1;0;0.0;0.0;0.0;0.2608695652173913;1.0;0.04;0.0;0.0;0.0;0.0;0.0;0
21;30;0;0;1.57;0.0;0.0;0.9130434782608695;1.0;0.0;0.0;0.0457725947521866;0.0;0.0;1.18;0
0;0;0;0;0.0;0.0;0.0;0.0;0.0;0.0;0.0;0.0;0.0;0.0;0.0;0
12;30;1;0;0.0;0.0;0.0;0.5217391304347826;1.0;0.04;0.0;0.0;0.0;0.0;0.0;0
4;0;0;0;0.0;0.0;0.0;0.17391304347826086;0.0;0.0;0.0;0.0;0.0;0.0;0.0;0
17;30;0;0;0.0;0.0;0.0;0.7391304347826086;1.0;0.0;0.0;0.0;0.0;0.0;0.2;0
1;0;0;0;0.0;0.0;0.0;0.043478260869565216;0.0;0.0;0.0;0.0;0.0;0.0;0.0;0
5;30;0;0;0.0;0.0;0.0;0.21739130434782608;1.0;0.0;0.0;0.0;0.0;0.0;0.0;0
17;30;1;0;0.0;0.0;0.0;0.7391304347826086;1.0;0.04;0.0;0.0;0.0;0.0;0.0;0
18;30;0;0;0.0;0.0;0.0;0.782608695652174;1.0;0.0;0.0;0.0;0.0;0.0;0.0;0
18;0;0;0;0.2;0.0;0.0;0.782608695652174;0.0;0.0;0.0;0.005830903790087464;0.0;0.0;0.0;0
6;30;0;0;0.0;0.0;0.0;0.2608695652173913;1.0;0.0;0.0;0.0;0.0;0.0;0.2;0
0;30;0;0;0.0;0.0;0.0;0.0;1.0;0.0;0.0;0.0;0.0;0.0;0.0;0
16;30;1;0;0.0;0.0;0.0;0.6956521739130435;1.0;0.04;0.0;0.0;0.0;0.0;0.0;0
13;0;1;0;0.0;0.0;0.0;0.5652173913043478;0.0;0.04;0.0;0.0;0.0;0.0;0.0;0
12;0;0;0;0.0;0.0;0.0;0.5217391304347826;0.0;0.0;0.0;0.0;0.0;0.0;0.0;0
12;0;0;0;0.0;0.0;0.0;0.5217391304347826;0.0;0.0;0.0;0.0;0.0;0.0;0.0;0
14;30;1;0;0.0;0.0;0.0;0.6086956521739131;1.0;0.04;0.0;0.0;0.0;0.0;0.0;0
9;0;1;0;0.0;0.0;0.0;0.391304347826087;0.0;0.04;0.0;0.0;0.0;0.0;0.0;0
13;30;1;0;0.0;0.0;0.0;0.5652173913043478;1.0;0.04;0.0;0.0;0.0;0.0;0.0;0
18;0;0;0;0.0;0.0;0.0;0.782608695652174;0.0;0.0;0.0;0.0;0.0;0.0;0.0;0
7;30;0;0;1.77;0.0;0.0;0.30434782608695654;1.0;0.0;0.0;0.05160349854227406;0.0;0.0;0.59;0
18;30;0;0;0.0;0.0;0.0;0.782608695652174;1.0;0.0;0.0;0.0;0.0;0.0;0.0;0
16;0;0;0;0.0;0.0;0.0;0.6956521739130435;0.0;0.0;0.0;0.0;0.0;0.0;0.0;0
17;30;0;0;0.0;0.0;0.0;0.7391304347826086;1.0;0.0;0.0;0.0;0.0;0.0;0.0;0
13;30;0;0;0.0;0.0;0.0;0.5652173913043478;1.0;0.0;0.0;0.0;0.0;0.0;0.0;0
5;0;0;0;0.0;0.0;0.0;0.21739130434782608;0.0;0.0;0.0;0.0;0.0;0.0;0.0;0
3;0;1;0;0.0;0.0;0.0;0.13043478260869565;0.0;0.04;0.0;0.0;0.0;0.0;0.0;0
1;0;1;0;0.0;0.0;0.0;0.043478260869565216;0.0;0.04;0.0;0.0;0.0;0.0;0.0;0
17;0;1;0;0.0;0.0;0.0;0.7391304347826086;0.0;0.04;0.0;0.0;0.0;0.0;28.2;3
17;30;0;0;0.0;0.0;0.0;0.7391304347826086;1.0;0.0;0.0;0.0;0.0;0.0;0.0;0
8;0;0;0;0.0;0.0;0.0;0.34782608695652173;0.0;0.0;0.0;0.0;0.0;0.0;0.0;0
4;30;0;0;0.0;0.0;0.0;0.17391304347826086;1.0;0.0;0.0;0.0;0.0;0.0;0.0;0
4;0;0;0;0.0;0.0;0.0;0.17391304347826086;0.0;0.0;0.0;0.0;0.0;0.0;0.0;0
23;30;0;0;0.0;0.0;0.0;1.0;1.0;0.0;0.0;0.0;0.0;0.0;0.0;0
22;30;2;0;0.79;0.0;0.0;0.9565217391304348;1.0;0.08;0.0;0.023032069970845483;0.0;0.0;0.2;0
13;30;1;0;0.0;0.0;0.0;0.5652173913043478;1.0;0.04;0.0;0.0;0.0;0.0;0.0;0
12;30;0;0;0.0;0.0;0.0;0.5217391304347826;1.0;0.0;0.0;0.0;0.0;0.0;0.0;0
8;30;0;0;0.0;0.0;0.0;0.34782608695652173;1.0;0.0;0.0;0.0;0.0;0.0;0.0;0
7;30;0;0;0.0;0.0;0.0;0.30434782608695654;1.0;0.0;0.0;0.0;0.0;0.0;0.0;0
23;0;0;0;0.0;0.0;0.0;1.0;0.0;0.0;0.0;0.0;0.0;0.0;0.0;0
12;30;0;0;0.0;0.0;0.0;0.5217391304347826;1.0;0.0;0.0;0.0;0.0;0.0;0.0;0
12;30;1;0;0.0;0.0;0.0;0.5217391304347826;1.0;0.04;0.0;0.0;0.0;0.0;0.0;0
17;30;0;0;0.0;0.0;0.0;0.7391304347826086;1.0;0.0;0.0;0.0;0.0;0.0;0.0;0
10;0;1;0;0.0;0.0;0.0;0.43478260869565216;0.0;0.04;0.0;0.0;0.0;0.0;0.0;0
8;0;0;0;0.0;0.0;0.0;0.34782608695652173;0.0;0.0;0.0;0.0;0.0;0.0;0.0;0
14;30;0;0;0.0;0.0;0.0;0.6086956521739131;1.0;0.0;0.0;0.0;0.0;0.0;0.0;0
4;30;0;0;0.0;0.0;0.0;0.17391304347826086;1.0;0.0;0.0;0.0;0.0;0.0;0.0;0
1;0;0;0;0.0;0.0;0.0;0.043478260869565216;0.0;0.0;0.0;0.0;0.0;0.0;0.0;0
3;0;0;0;0.0;0.0;0.0;0.13043478260869565;0.0;0.0;0.0;0.0;0.0;0.0;0.0;0
6;30;1;0;0.0;0.0;0.0;0.2608695652173913;1.0;0.04;0.0;0.0;0.0;0.0;0.0;0
5;0;0;0;0.0;0.0;0.0;0.21739130434782608;0.0;0.0;0.0;0.0;0.0;0.0;0.0;0
10;30;1;0;0.0;0.0;0.0;0.43478260869565216;1.0;0.04;0.0;0.0;0.0;0.0;0.0;0
7;30;0;0;0.0;0.0;0.0;0.30434782608695654;1.0;0.0;0.0;0.0;0.0;0.0;0.0;0
21;0;1;0;0.2;0.0;0.0;0.9130434782608695;0.0;0.04;0.0;0.005830903790087464;0.0;0.0;0.0;0
7;30;3;0;0.0;0.0;0.0;0.30434782608695654;1.0;0.12;0.0;0.0;0.0;0.0;0.0;0
16;30;0;0;0.0;0.0;0.0;0.6956521739130435;1.0;0.0;0.0;0.0;0.0;0.0;0.0;0
9;30;0;0;0.0;0.0;0.0;0.391304347826087;1.0;0.0;0.0;0.0;0.0;0.0;0.0;0
17;30;0;0;0.6;0.0;0.0;0.7391304347826086;1.0;0.0;0.0;0.01749271137026239;0.0;0.0;0.2;0
18;0;0;0;0.0;0.0;0.0;0.782608695652174;0.0;0.0;0.0;0.0;0.0;0.0;0.0;0
11;30;0;0;0.0;0.0;0.0;0.4782608695652174;1.0;0.0;0.0;0.0;0.0;0.0;0.0;0
8;0;0;0;0.0;0.0;0.0;0.34782608695652173;0.0;0.0;0.0;0.0;0.0;0.0;0.2;0
19;30;1;0;1.18;0.0;0.0;0.8260869565217391;1.0;0.04;0.0;0.03440233236151603;0.0;0.0;14.39;2
21;0;0;0;0.0;0.0;0.0;0.9130434782608695;0.0;0.0;0.0;0.0;0.0;0.0;0.0;0
7;30;1;0;0.0;0.0;0.0;0.30434782608695654;1.0;0.04;0.0;0.0;0.0;0.0;0.0;0
17;0;0;0;0.0;0.0;0.0;0.7391304347826086;0.0;0.0;0.0;0.0;0.0;0.0;0.0;0
13;30;3;0;0.0;0.0;0.0;0.5652173913043478;1.0;0.12;0.0;0.0;0.0;0.0;0.0;0
6;0;0;0;0.0;0.0;0.0;0.2608695652173913;0.0;0.0;0.0;0.0;0.0;0.0;0.0;0
6;30;0;0;0.4;0.0;0.0;0.2608695652173913;1.0;0.0;0.0;0.011661807580174929;0.0;0.0;0.0;0
21;0;3;0;0.0;0.0;0.0;0.9130434782608695;0.0;0.12;0.0;0.0;0.0;0.0;0.0;0
5;0;1;0;0.0;0.0;0.0;0.21739130434782608;0.0;0.04;0.0;0.0;0.0;0.0;0.0;0
4;30;0;0;0.0;0.0;0.0;0.17391304347826086;1.0;0.0;0.0;0.0;0.0;0.0;0.0;0
13;30;1;0;0.0;0.0;0.0;0.5652173913043478;1.0;0.04;0.0;0.0;0.0;0.0;0.0;0
10;0;0;0;0.0;0.0;0.0;0.43478260869565216;0.0;0.0;0.0;0.0;0.0;0.0;0.0;0
6;30;1;0;0.0;0.0;0.0;0.2608695652173913;1.0;0.04;0.0;0.0;0.0;0.0;0.0;0
7;0;0;0;0.0;0.0;0.0;0.30434782608695654;0.0;0.0;0.0;0.0;0.0;0.0;0.0;0
2;30;0;0;0.0;0.0;0.0;0.08695652173913043;1.0;0.0;0.0;0.0;0.0;0.0;0.0;0
20;30;2;0;0.0;0.0;0.0;0.8695652173913043;1.0;0.08;0.0;0.0;0.0;0.0;0.0;0
2;30;0;0;0.0;0.0;0.0;0.08695652173913043;1.0;0.0;0.0;0.0;0.0;0.0;0.0;0
8;30;2;0;0.2;0.0;0.0;0.34782608695652173;1.0;0.08;0.0;0.005830903790087464;0.0;0.0;0.0;0
22;30;0;0;0.0;0.0;0.0;0.9565217391304348;1.0;0.0;0.0;0.0;0.0;0.0;0.0;0
13;0;0;0;0.0;0.0;0.0;0.5652173913043478;0.0;0.0;0.0;0.0;0.0;0.0;0.0;0
10;30;0;0;0.0;0.0;0.0;0.43478260869565216;1.0;0.0;0.0;0.0;0.0;0.0;0.0;0
17;30;7;0;0.0;0.0;0.0;0.7391304347826086;1.0;0.28;0.0;0.0;0.0;0.0;0.0;0
9;30;0;0;0.0;0.0;0.0;0.391304347826087;1.0;0.0;0.0;0.0;0.0;0.0;0.0;0
12;0;0;0;0.0;0.0;0.0;0.5217391304347826;0.0;0.0;0.0;0.0;0.0;0.0;0.0;0
10;30;0;0;0.0;0.0;0.0;0.43478260869565216;1.0;0.0;0.0;0.0;0.0;0.0;0.0;0
1;0;3;0;0.0;0.0;0.0;0.043478260869565216;0.0;0.12;0.0;0.0;0.0;0.0;0.0;0
19;30;0;0;0.2;0.0;0.0;0.8260869565217391;1.0;0.0;0.0;0.005830903790087464;0.0;0.0;0.2;0
18;0;0;0;0.0;0.0;0.0;0.782608695652174;0.0;0.0;0.0;0.0;0.0;0.0;0.0;0
7;30;0;0;0.0;0.0;0.0;0.30434782608695654;1.0;0.0;0.0;0.0;0.0;0.0;0.0;0
21;30;2;0;0.0;0.0;0.0;0.9130434782608695;1.0;0.08;0.0;0.0;0.0;0.0;0.0;0
17;0;0;0;0.0;0.0;0.0;0.7391304347826086;0.0;0.0;0.0;0.0;0.0;0.0;0.0;0
20;0;0;0;0.0;0.0;0.0;0.8695652173913043;0.0;0.0;0.0;0.0;0.0;0.0;0.0;0
8;30;0;0;0.0;0.0;0.0;0.34782608695652173;1.0;0.0;0.0;0.0;0.0;0.0;0.0;0
10;0;2;0;0.0;0.0;0.0;0.43478260869565216;0.0;0.08;0.0;0.0;0.0;0.0;0.2;0
17;30;1;0;28.2;0.0;0.0;0.7391304347826086;1.0;0.04;0.0;0.8221574344023324;0.0;0.0;2.17;0
23;30;1;0;0.0;0.0;0.0;1.0;1.0;0.04;0.0;0.0;0.0;0.0;0.0;0
14;30;2;0;0.0;0.0;0.0;0.6086956521739131;1.0;0.08;0.0;0.0;0.0;0.0;0.0;0
20;30;1;0;0.0;0.0;0.0;0.8695652173913043;1.0;0.04;0.0;0.0;0.0;0.0;0.0;0
8;30;0;0;0.0;0.0;0.0;0.34782608695652173;1.0;0.0;0.0;0.0;0.0;0.0;0.0;0
0;0;0;0;0.79;0.0;0.0;0.0;0.0;0.0;0.0;0.023032069970845483;0.0;0.0;2.16;0
8;30;0;0;0.0;0.0;0.0;0.34782608695652173;1.0;0.0;0.0;0.0;0.0;0.0;0.0;0
10;0;0;0;0.0;0.0;0.0;0.43478260869565216;0.0;0.0;0.0;0.0;0.0;0.0;0.0;0
10;0;2;0;0.0;0.0;0.0;0.43478260869565216;0.0;0.08;0.0;0.0;0.0;0.0;0.0;0
11;0;1;0;0.79;0.0;0.0;0.4782608695652174;0.0;0.04;0.0;0.023032069970845483;0.0;0.0;0.4;0
19;0;0;0;0.0;0.0;0.0;0.8260869565217391;0.0;0.0;0.0;0.0;0.0;0.0;0.0;0
9;0;1;0;0.2;0.0;0.0;0.391304347826087;0.0;0.04;0.0;0.005830903790087464;0.0;0.0;0.0;0
7;30;1;0;0.0;0.0;0.0;0.30434782608695654;1.0;0.04;0.0;0.0;0.0;0.0;0.0;0
0;0;3;0;0.0;0.0;0.0;0.0;0.0;0.12;0.0;0.0;0.0;0.0;0.0;0
1;30;1;0;0.0;0.0;0.0;0.043478260869565216;1.0;0.04;0.0;0.0;0.0;0.0;0.0;0
4;30;0;0;0.0;0.0;0.0;0.17391304347826086;1.0;0.0;0.0;0.0;0.0;0.0;0.39;0
23;30;1;0;0.0;0.0;0.0;1.0;1.0;0.04;0.0;0.0;0.0;0.0;0.0;0
16;30;0;0;0.0;0.0;0.0;0.6956521739130435;1.0;0.0;0.0;0.0;0.0;0.0;0.0;0
18;30;0;0;0.0;0.0;0.0;0.782608695652174;1.0;0.0;0.0;0.0;0.0;0.0;0.0;0
15;0;0;0;0.0;0.0;0.0;0.6521739130434783;0.0;0.0;0.0;0.0;0.0;0.0;0.59;0
4;30;0;0;2.95;0.0;0.0;0.17391304347826086;1.0;0.0;0.0;0.0860058309037901;0.0;0.0;0.0;0
4;30;0;0;0.0;0.0;0.0;0.17391304347826086;1.0;0.0;0.0;0.0;0.0;0.0;0.0;0
20;30;0;0;0.0;0.0;0.0;0.8695652173913043;1.0;0.0;0.0;0.0;0.0;0.0;0.0;0
20;30;7;0;2.55;0.0;0.0;0.8695652173913043;1.0;0.28;0.0;0.07434402332361516;0.0;0.0;0.99;0
16;30;3;0;0.0;0.0;0.0;0.6956521739130435;1.0;0.12;0.0;0.0;0.0;0.0;0.0;0
20;30;2;0;0.0;0.0;0.0;0.8695652173913043;1.0;0.08;0.0;0.0;0.0;0.0;0.0;0
20;30;0;0;0.2;0.0;0.0;0.8695652173913043;1.0;0.0;0.0;0.005830903790087464;0.0;0.0;0.2;0
19;0;1;0;0.0;0.0;0.0;0.8260869565217391;0.0;0.04;0.0;0.0;0.0;0.0;0.0;0
12;0;0;0;0.0;0.0;0.0;0.5217391304347826;0.0;0.0;0.0;0.0;0.0;0.0;0.0;0
9;30;0;0;0.0;0.0;0.0;0.391304347826087;1.0;0.0;0.0;0.0;0.0;0.0;0.0;0
13;0;0;0;0.0;0.0;0.0;0.5652173913043478;0.0;0.0;0.0;0.0;0.0;0.0;0.0;0
9;30;0;0;0.0;0.0;0.0;0.391304347826087;1.0;0.0;0.0;0.0;0.0;0.0;0.0;0
11;0;0;0;0.0;0.0;0.0;0.4782608695652174;0.0;0.0;0.0;0.0;0.0;0.0;0.0;0
5;0;0;0;0.0;0.0;0.0;0.21739130434782608;0.0;0.0;0.0;0.0;0.0;0.0;0.0;0
20;30;0;0;0.0;0.0;0.0;0.8695652173913043;1.0;0.0;0.0;0.0;0.0;0.0;0.0;0
5;30;0;0;0.0;0.0;0.0;0.21739130434782608;1.0;0.0;0.0;0.0;0.0;0.0;0.0;0
18;0;0;0;0.0;0.0;0.0;0.782608695652174;0.0;0.0;0.0;0.0;0.0;0.0;0.0;0
10;0;3;0;0.0;0.0;0.0;0.43478260869565216;0.0;0.12;0.0;0.0;0.0;0.0;0.0;0
0;0;0;0;0.0;0.0;0.0;0.0;0.0;0.0;0.0;0.0;0.0;0.0;0.0;0
19;0;0;0;0.0;0.0;0.0;0.8260869565217391;0.0;0.0;0.0;0.0;0.0;0.0;0.0;0
4;30;0;0;0.0;0.0;0.0;0.17391304347826086;1.0;0.0;0.0;0.0;0.0;0.0;0.0;0
7;0;0;0;0.0;0.0;0.0;0.30434782608695654;0.0;0.0;0.0;0.0;0.0;0.0;0.0;0
8;30;0;0;0.0;0.0;0.0;0.34782608695652173;1.0;0.0;0.0;0.0;0.0;0.0;0.0;0
2;30;0;0;0.0;0.0;0.0;0.08695652173913043;1.0;0.0;0.0;0.0;0.0;0.0;0.0;0
6;0;0;0;0.0;0.0;0.0;0.2608695652173913;0.0;0.0;0.0;0.0;0.0;0.0;0.0;0
10;30;0;0;0.0;0.0;0.0;0.43478260869565216;1.0;0.0;0.0;0.0;0.0;0.0;0.0;0
16;30;1;0;0.4;0.0;0.0;0.6956521739130435;1.0;0.04;0.0;0.011661807580174929;0.0;0.0;0.0;0
17;30;1;0;0.59;0.0;0.0;0.7391304347826086;1.0;0.04;0.0;0.017201166180758017;0.0;0.0;2.16;0
0;30;2;0;0.0;0.0;0.0;0.0;1.0;0.08;0.0;0.0;0.0;0.0;0.0;0
5;30;0;0;0.0;0.0;0.0;0.21739130434782608;1.0;0.0;0.0;0.0;0.0;0.0;0.0;0
7;0;0;0;0.0;0.0;0.0;0.30434782608695654;0.0;0.0;0.0;0.0;0.0;0.0;0.0;0
12;0;1;0;0.0;0.0;0.0;0.5217391304347826;0.0;0.04;0.0;0.0;0.0;0.0;0.0;0
21;30;1;0;0.0;0.0;0.0;0.9130434782608695;1.0;0.04;0.0;0.0;0.0;0.0;0.0;0
4;30;0;0;0.0;0.0;0.0;0.17391304347826086;1.0;0.0;0.0;0.0;0.0;0.0;0.0;0
5;30;0;0;0.0;0.0;0.0;0.21739130434782608;1.0;0.0;0.0;0.0;0.0;0.0;0.0;0
11;30;0;0;0.0;0.0;0.0;0.4782608695652174;1.0;0.0;0.0;0.0;0.0;0.0;0.0;0
3;0;0;0;0.0;0.0;0.0;0.13043478260869565;0.0;0.0;0.0;0.0;0.0;0.0;0.0;0
9;30;0;0;0.0;0.0;0.0;0.391304347826087;1.0;0.0;0.0;0.0;0.0;0.0;0.0;0
8;30;1;0;0.0;0.0;0.0;0.34782608695652173;1.0;0.04;0.0;0.0;0.0;0.0;0.0;0
11;0;0;0;0.0;0.0;0.0;0.4782608695652174;0.0;0.0;0.0;0.0;0.0;0.0;0.0;0
6;0;0;0;0.0;0.0;0.0;0.2608695652173913;0.0;0.0;0.0;0.0;0.0;0.0;0.0;0
5;0;0;0;0.0;0.0;0.0;0.21739130434782608;0.0;0.0;0.0;0.0;0.0;0.0;0.0;0
19;30;3;0;0.0;0.0;0.0;0.8260869565217391;1.0;0.12;0.0;0.0;0.0;0.0;0.0;0
4;0;0;0;0.0;0.0;0.0;0.17391304347826086;0.0;0.0;0.0;0.0;0.0;0.0;0.0;0
12;0;0;0;0.0;0.0;0.0;0.5217391304347826;0.0;0.0;0.0;0.0;0.0;0.0;0.2;0
8;30;0;0;0.0;0.0;0.0;0.34782608695652173;1.0;0.0;0.0;0.0;0.0;0.0;0.0;0
18;0;1;0;0.0;0.0;0.0;0.782608695652174;0.0;0.04;0.0;0.0;0.0;0.0;0.0;0
2;0;0;0;0.0;0.0;0.0;0.08695652173913043;0.0;0.0;0.0;0.0;0.0;0.0;0.0;0
10;0;0;0;0.0;0.0;0.0;0.43478260869565216;0.0;0.0;0.0;0.0;0.0;0.0;0.0;0
6;30;0;0;0.0;0.0;0.0;0.2608695652173913;1.0;0.0;0.0;0.0;0.0;0.0;0.0;0
1;30;0;0;0.0;0.0;0.0;0.043478260869565216;1.0;0.0;0.0;0.0;0.0;0.0;0.0;0
6;30;0;0;0.0;0.0;0.0;0.2608695652173913;1.0;0.0;0.0;0.0;0.0;0.0;0.0;0
15;0;1;0;0.0;0.0;0.0;0.6521739130434783;0.0;0.04;0.0;0.0;0.0;0.0;0.0;0
13;0;1;0;0.0;0.0;0.0;0.5652173913043478;0.0;0.04;0.0;0.0;0.0;0.0;0.0;0
5;0;0;0;0.0;0.0;0.0;0.21739130434782608;0.0;0.0;0.0;0.0;0.0;0.0;0.0;0
22;0;2;0;0.0;0.0;0.0;0.9565217391304348;0.0;0.08;0.0;0.0;0.0;0.0;0.2;0
10;0;2;0;0.0;0.0;0.0;0.43478260869565216;0.0;0.08;0.0;0.0;0.0;0.0;0.99;0
18;0;7;0;0.0;0.0;0.0;0.782608695652174;0.0;0.28;0.0;0.0;0.0;0.0;0.0;0
5;0;0;0;0.39;0.0;0.0;0.21739130434782608;0.0;0.0;0.0;0.011370262390670556;0.0;0.0;0.6;0
13;0;0;0;0.0;0.0;0.0;0.5652173913043478;0.0;0.0;0.0;0.0;0.0;0.0;0.0;0
10;0;3;0;0.0;0.0;0.0;0.43478260869565216;0.0;0.12;0.0;0.0;0.0;0.0;0.0;0
6;0;0;0;0.0;0.0;0.0;0.2608695652173913;0.0;0.0;0.0;0.0;0.0;0.0;0.0;0
2;0;0;0;0.0;0.0;0.0;0.08695652173913043;0.0;0.0;0.0;0.0;0.0;0.0;0.0;0
11;30;1;0;0.0;0.0;0.0;0.4782608695652174;1.0;0.04;0.0;0.0;0.0;0.0;0.0;0
3;0;0;0;0.0;0.0;0.0;0.13043478260869565;0.0;0.0;0.0;0.0;0.0;0.0;0.0;0
11;0;4;0;0.0;0.0;0.0;0.4782608695652174;0.0;0.16;0.0;0.0;0.0;0.0;0.0;0
23;0;2;0;0.0;0.0;0.0;1.0;0.0;0.08;0.0;0.0;0.0;0.0;0.0;0
2;30;0;0;0.0;0.0;0.0;0.08695652173913043;1.0;0.0;0.0;0.0;0.0;0.0;0.0;0
19;30;0;0;0.0;0.0;0.0;0.8260869565217391;1.0;0.0;0.0;0.0;0.0;0.0;0.0;0
17;30;0;0;0.0;0.0;0.0;0.7391304347826086;1.0;0.0;0.0;0.0;0.0;0.0;0.2;0
23;0;0;0;0.0;0.0;0.0;1.0;0.0;0.0;0.0;0.0;0.0;0.0;0.0;0
23;30;0;0;0.0;0.0;0.0;1.0;1.0;0.0;0.0;0.0;0.0;0.0;0.0;0
14;0;2;0;0.0;0.0;0.0;0.6086956521739131;0.0;0.08;0.0;0.0;0.0;0.0;0.0;0
18;0;0;0;0.0;0.0;0.0;0.782608695652174;0.0;0.0;0.0;0.0;0.0;0.0;0.0;0
1;30;0;0;0.0;0.0;0.0;0.043478260869565216;1.0;0.0;0.0;0.0;0.0;0.0;0.0;0
17;30;1;0;0.0;0.0;0.0;0.7391304347826086;1.0;0.04;0.0;0.0;0.0;0.0;0.0;0
12;30;0;0;0.0;0.0;0.0;0.5217391304347826;1.0;0.0;0.0;0.0;0.0;0.0;0.0;0
4;30;0;0;0.0;0.0;0.0;0.17391304347826086;1.0;0.0;0.0;0.0;0.0;0.0;0.0;0
11;30;1;0;0.0;0.0;0.0;0.4782608695652174;1.0;0.04;0.0;0.0;0.0;0.0;0.0;0
21;30;1;0;0.0;0.0;0.0;0.9130434782608695;1.0;0.04;0.0;0.0;0.0;0.0;0.0;0
4;30;0;0;0.0;0.0;0.0;0.17391304347826086;1.0;0.0;0.0;0.0;0.0;0.0;0.0;0
6;0;0;0;0.0;0.0;0.0;0.2608695652173913;0.0;0.0;0.0;0.0;0.0;0.0;0.0;0
10;0;1;0;0.0;0.0;0.0;0.43478260869565216;0.0;0.04;0.0;0.0;0.0;0.0;0.0;0
15;0;1;0;0.0;0.0;0.0;0.6521739130434783;0.0;0.04;0.0;0.0;0.0;0.0;0.0;0
5;30;0;0;0.0;0.0;0.0;0.21739130434782608;1.0;0.0;0.0;0.0;0.0;0.0;0.0;0
7;0;2;0;0.0;0.0;0.0;0.30434782608695654;0.0;0.08;0.0;0.0;0.0;0.0;0.0;0
11;30;1;0;0.0;0.0;0.0;0.4782608695652174;1.0;0.04;0.0;0.0;0.0;0.0;0.0;0
5;0;1;0;0.0;0.0;0.0;0.21739130434782608;0.0;0.04;0.0;0.0;0.0;0.0;0.0;0
11;0;3;0;0.0;0.0;0.0;0.4782608695652174;0.0;0.12;0.0;0.0;0.0;0.0;0.0;0
19;0;0;0;0.0;0.0;0.0;0.8260869565217391;0.0;0.0;0.0;0.0;0.0;0.0;0.0;0
2;30;0;0;0.0;0.0;0.0;0.08695652173913043;1.0;0.0;0.0;0.0;0.0;0.0;0.0;0
2;0;0;0;0.0;0.0;0.0;0.08695652173913043;0.0;0.0;0.0;0.0;0.0;0.0;0.0;0
9;0;1;0;0.0;0.0;0.0;0.391304347826087;0.0;0.04;0.0;0.0;0.0;0.0;0.0;0
21;0;0;0;0.0;0.0;0.0;0.9130434782608695;0.0;0.0;0.0;0.0;0.0;0.0;0.0;0
15;30;3;0;0.0;0.0;0.0;0.6521739130434783;1.0;0.12;0.0;0.0;0.0;0.0;0.0;0
10;30;0;0;0.99;0.0;0.0;0.43478260869565216;1.0;0.0;0.0;0.028862973760932945;0.0;0.0;1.37;0
2;30;0;0;0.0;0.0;0.0;0.08695652173913043;1.0;0.0;0.0;0.0;0.0;0.0;0.0;0
10;0;0;0;0.2;0.0;0.0;0.43478260869565216;0.0;0.0;0.0;0.005830903790087464;0.0;0.0;0.0;0
15;0;1;0;0.0;0.0;0.0;0.6521739130434783;0.0;0.04;0.0;0.0;0.0;0.0;0.2;0
15;30;1;0;0.0;0.0;0.0;0.6521739130434783;1.0;0.04;0.0;0.0;0.0;0.0;0.0;0
21;30;1;0;0.0;0.0;0.0;0.9130434782608695;1.0;0.04;0.0;0.0;0.0;0.0;0.0;0
6;30;0;0;0.0;0.0;0.0;0.2608695652173913;1.0;0.0;0.0;0.0;0.0;0.0;0.0;0
23;30;0;0;0.2;0.0;0.0;1.0;1.0;0.0;0.0;0.005830903790087464;0.0;0.0;0.0;0
0;30;0;0;0.0;0.0;0.0;0.0;1.0;0.0;0.0;0.0;0.0;0.0;0.0;0
6;30;0;0;0.2;0.0;0.0;0.2608695652173913;1.0;0.0;0.0;0.005830903790087464;0.0;0.0;0.0;0
18;0;1;0;2.16;0.0;0.0;0.782608695652174;0.0;0.04;0.0;0.06297376093294461;0.0;0.0;0.0;0
6;0;1;0;0.0;0.0;0.0;0.2608695652173913;0.0;0.04;0.0;0.0;0.0;0.0;0.0;0
21;30;0;0;0.2;0.0;0.0;0.9130434782608695;1.0;0.0;0.0;0.005830903790087464;0.0;0.0;0.2;0
10;0;0;0;0.0;0.0;0.0;0.43478260869565216;0.0;0.0;0.0;0.0;0.0;0.0;0.0;0
6;30;0;0;0.0;0.0;0.0;0.2608695652173913;1.0;0.0;0.0;0.0;0.0;0.0;0.0;0
13;30;0;0;0.0;0.0;0.0;0.5652173913043478;1.0;0.0;0.0;0.0;0.0;0.0;0.0;0
16;30;0;0;0.0;0.0;0.0;0.6956521739130435;1.0;0.0;0.0;0.0;0.0;0.0;0.0;0
14;0;2;0;0.0;0.0;0.0;0.6086956521739131;0.0;0.08;0.0;0.0;0.0;0.0;0.0;0
20;30;0;0;0.0;0.0;0.0;0.8695652173913043;1.0;0.0;0.0;0.0;0.0;0.0;0.0;0
19;0;3;0;0.59;0.0;0.0;0.8260869565217391;0.0;0.12;0.0;0.017201166180758017;0.0;0.0;1.77;0
8;0;1;0;0.0;0.0;0.0;0.34782608695652173;0.0;0.04;0.0;0.0;0.0;0.0;0.0;0
3;30;0;0;0.0;0.0;0.0;0.13043478260869565;1.0;0.0;0.0;0.0;0.0;0.0;0.0;0
6;0;1;0;0.0;0.0;0.0;0.2608695652173913;0.0;0.04;0.0;0.0;0.0;0.0;0.0;0
7;0;0;0;0.0;0.0;0.0;0.30434782608695654;0.0;0.0;0.0;0.0;0.0;0.0;0.0;0
2;0;0;0;0.0;0.0;0.0;0.08695652173913043;0.0;0.0;0.0;0.0;0.0;0.0;0.0;0
6;30;0;0;0.0;0.0;0.0;0.2608695652173913;1.0;0.0;0.0;0.0;0.0;0.0;0.0;0
5;0;0;0;0.0;0.0;0.0;0.21739130434782608;0.0;0.0;0.0;0.0;0.0;0.0;0.0;0
15;30;1;0;0.0;0.0;0.0;0.6521739130434783;1.0;0.04;0.0;0.0;0.0;0.0;0.0;0
15;30;1;0;0.0;0.0;0.0;0.6521739130434783;1.0;0.04;0.0;0.0;0.0;0.0;0.0;0
12;30;0;0;1.18;0.0;0.0;0.5217391304347826;1.0;0.0;0.0;0.03440233236151603;0.0;0.0;0.4;0
4;0;0;0;0.0;0.0;0.0;0.17391304347826086;0.0;0.0;0.0;0.0;0.0;0.0;0.0;0
16;0;0;0;0.2;0.0;0.0;0.6956521739130435;0.0;0.0;0.0;0.005830903790087464;0.0;0.0;0.0;0
6;30;0;0;0.2;0.0;0.0;0.2608695652173913;1.0;0.0;0.0;0.005830903790087464;0.0;0.0;0.4;0
2;30;0;0;0.0;0.0;0.0;0.08695652173913043;1.0;0.0;0.0;0.0;0.0;0.0;0.0;0
4;30;0;0;0.0;0.0;0.0;0.17391304347826086;1.0;0.0;0.0;0.0;0.0;0.0;0.0;0
11;0;5;0;0.0;0.0;0.0;0.4782608695652174;0.0;0.2;0.0;0.0;0.0;0.0;0.0;0
17;30;0;0;0.0;0.0;0.0;0.7391304347826086;1.0;0.0;0.0;0.0;0.0;0.0;0.0;0
0;0;0;0;0.2;0.0;0.0;0.0;0.0;0.0;0.0;0.005830903790087464;0.0;0.0;0.2;0
3;30;0;0;0.0;0.0;0.0;0.13043478260869565;1.0;0.0;0.0;0.0;0.0;0.0;0.0;0
8;0;0;0;0.0;0.0;0.0;0.34782608695652173;0.0;0.0;0.0;0.0;0.0;0.0;0.0;0
23;0;3;0;0.2;0.0;0.0;1.0;0.0;0.12;0.0;0.005830903790087464;0.0;0.0;0.0;0
16;0;2;0;0.0;0.0;0.0;0.6956521739130435;0.0;0.08;0.0;0.0;0.0;0.0;0.0;0
17;0;0;0;0.0;0.0;0.0;0.7391304347826086;0.0;0.0;0.0;0.0;0.0;0.0;0.0;0
4;0;0;0;0.0;0.0;0.0;0.17391304347826086;0.0;0.0;0.0;0.0;0.0;0.0;0.99;0
1;30;0;0;0.0;0.0;0.0;0.043478260869565216;1.0;0.0;0.0;0.0;0.0;0.0;0.0;0
8;0;1;0;0.0;0.0;0.0;0.34782608695652173;0.0;0.04;0.0;0.0;0.0;0.0;0.0;0
19;30;1;0;0.0;0.0;0.0;0.8260869565217391;1.0;0.04;0.0;0.0;0.0;0.0;0.0;0
10;0;1;0;0.0;0.0;0.0;0.43478260869565216;0.0;0.04;0.0;0.0;0.0;0.0;0.0;0
13;0;0;0;0.0;0.0;0.0;0.5652173913043478;0.0;0.0;0.0;0.0;0.0;0.0;0.0;0
1;30;0;0;0.0;0.0;0.0;0.043478260869565216;1.0;0.0;0.0;0.0;0.0;0.0;0.0;0
15;30;0;0;0.0;0.0;0.0;0.6521739130434783;1.0;0.0;0.0;0.0;0.0;0.0;0.0;0
17;0;0;0;0.0;0.0;0.0;0.7391304347826086;0.0;0.0;0.0;0.0;0.0;0.0;0.0;0
9;0;0;0;0.0;0.0;0.0;0.391304347826087;0.0;0.0;0.0;0.0;0.0;0.0;0.0;0
6;0;0;0;0.0;0.0;0.0;0.2608695652173913;0.0;0.0;0.0;0.0;0.0;0.0;0.0;0
15;0;1;0;0.0;0.0;0.0;0.6521739130434783;0.0;0.04;0.0;0.0;0.0;0.0;0.0;0
5;0;0;0;0.0;0.0;0.0;0.21739130434782608;0.0;0.0;0.0;0.0;0.0;0.0;0.0;0
8;30;0;0;0.0;0.0;0.0;0.34782608695652173;1.0;0.0;0.0;0.0;0.0;0.0;0.0;0
1;0;1;0;0.0;0.0;0.0;0.043478260869565216;0.0;0.04;0.0;0.0;0.0;0.0;0.0;0
12;0;0;0;0.0;0.0;0.0;0.5217391304347826;0.0;0.0;0.0;0.0;0.0;0.0;0.0;0
22;30;0;0;0.0;0.0;0.0;0.9565217391304348;1.0;0.0;0.0;0.0;0.0;0.0;0.0;0
12;0;0;0;0.0;0.0;0.0;0.5217391304347826;0.0;0.0;0.0;0.0;0.0;0.0;0.0;0
11;0;5;0;1.37;0.0;0.0;0.4782608695652174;0.0;0.2;0.0;0.03994169096209913;0.0;0.0;0.2;0
20;0;1;0;0.0;0.0;0.0;0.8695652173913043;0.0;0.04;0.0;0.0;0.0;0.0;0.0;0
2;0;0;0;0.0;0.0;0.0;0.08695652173913043;0.0;0.0;0.0;0.0;0.0;0.0;0.0;0
4;30;0;0;0.0;0.0;0.0;0.17391304347826086;1.0;0.0;0.0;0.0;0.0;0.0;0.0;0
7;30;0;0;0.2;0.0;0.0;0.30434782608695654;1.0;0.0;0.0;0.005830903790087464;0.0;0.0;0.0;0
3;0;0;0;0.0;0.0;0.0;0.13043478260869565;0.0;0.0;0.0;0.0;0.0;0.0;0.0;0
20;0;2;0;0.0;0.0;0.0;0.8695652173913043;0.0;0.08;0.0;0.0;0.0;0.0;0.0;0
13;0;1;0;0.0;0.0;0.0;0.5652173913043478;0.0;0.04;0.0;0.0;0.0;0.0;0.0;0
13;0;1;0;0.0;0.0;0.0;0.5652173913043478;0.0;0.04;0.0;0.0;0.0;0.0;0.0;0
9;30;0;0;0.0;0.0;0.0;0.391304347826087;1.0;0.0;0.0;0.0;0.0;0.0;0.0;0
2;0;0;0;0.0;0.0;0.0;0.08695652173913043;0.0;0.0;0.0;0.0;0.0;0.0;0.0;0
10;30;2;0;0.0;0.0;0.0;0.43478260869565216;1.0;0.08;0.0;0.0;0.0;0.0;0.0;0
7;30;1;0;0.0;0.0;0.0;0.30434782608695654;1.0;0.04;0.0;0.0;0.0;0.0;0.0;0
6;0;0;0;0.0;0.0;0.0;0.2608695652173913;0.0;0.0;0.0;0.0;0.0;0.0;0.0;0
21;0;1;0;0.0;0.0;0.0;0.9130434782608695;0.0;0.04;0.0;0.0;0.0;0.0;0.0;0
23;30;0;0;0.0;0.0;0.0;1.0;1.0;0.0;0.0;0.0;0.0;0.0;0.0;0
22;0;0;0;1.37;0.0;0.0;0.9565217391304348;0.0;0.0;0.0;0.03994169096209913;0.0;0.0;0.6;0
6;30;0;0;0.0;0.0;0.0;0.2608695652173913;1.0;0.0;0.0;0.0;0.0;0.0;0.0;0
21;0;0;0;0.0;0.0;0.0;0.9130434782608695;0.0;0.0;0.0;0.0;0.0;0.0;0.0;0
23;0;0;0;0.0;0.0;0.0;1.0;0.0;0.0;0.0;0.0;0.0;0.0;0.0;0
2;0;0;0;0.0;0.0;0.0;0.08695652173913043;0.0;0.0;0.0;0.0;0.0;0.0;0.0;0
19;0;0;0;1.2;0.0;0.0;0.8260869565217391;0.0;0.0;0.0;0.03498542274052478;0.0;0.0;34.3;3
5;30;0;0;0.0;0.0;0.0;0.21739130434782608;1.0;0.0;0.0;0.0;0.0;0.0;0.0;0
10;0;0;0;0.0;0.0;0.0;0.43478260869565216;0.0;0.0;0.0;0.0;0.0;0.0;0.0;0
7;0;0;0;0.0;0.0;0.0;0.30434782608695654;0.0;0.0;0.0;0.0;0.0;0.0;0.0;0
17;0;0;0;0.0;0.0;0.0;0.7391304347826086;0.0;0.0;0.0;0.0;0.0;0.0;0.0;0
13;30;0;0;0.0;0.0;0.0;0.5652173913043478;1.0;0.0;0.0;0.0;0.0;0.0;0.0;0
2;0;1;0;0.0;0.0;0.0;0.08695652173913043;0.0;0.04;0.0;0.0;0.0;0.0;0.0;0
13;30;2;0;0.0;0.0;0.0;0.5652173913043478;1.0;0.08;0.0;0.0;0.0;0.0;0.0;0
22;0;0;0;0.0;0.0;0.0;0.9565217391304348;0.0;0.0;0.0;0.0;0.0;0.0;0.0;0
10;0;1;0;0.59;0.0;0.0;0.43478260869565216;0.0;0.04;0.0;0.017201166180758017;0.0;0.0;1.18;0
9;0;0;0;0.0;0.0;0.0;0.391304347826087;0.0;0.0;0.0;0.0;0.0;0.0;0.0;0
16;0;4;0;0.79;0.0;0.0;0.6956521739130435;0.0;0.16;0.0;0.023032069970845483;0.0;0.0;0.0;0
6;0;0;0;0.0;0.0;0.0;0.2608695652173913;0.0;0.0;0.0;0.0;0.0;0.0;0.0;0
8;0;0;0;0.2;0.0;0.0;0.34782608695652173;0.0;0.0;0.0;0.005830903790087464;0.0;0.0;0.2;0
23;30;0;0;0.0;0.0;0.0;1.0;1.0;0.0;0.0;0.0;0.0;0.0;0.0;0
23;30;3;0;0.0;0.0;0.0;1.0;1.0;0.12;0.0;0.0;0.0;0.0;0.0;0
23;30;2;0;0.0;0.0;0.0;1.0;1.0;0.08;0.0;0.0;0.0;0.0;0.0;0
14;0;0;0;0.0;0.0;0.0;0.6086956521739131;0.0;0.0;0.0;0.0;0.0;0.0;0.0;0
13;30;0;0;0.0;0.0;0.0;0.5652173913043478;1.0;0.0;0.0;0.0;0.0;0.0;0.0;0
12;0;0;0;0.0;0.0;0.0;0.5217391304347826;0.0;0.0;0.0;0.0;0.0;0.0;0.0;0
9;0;1;0;0.0;0.0;0.0;0.391304347826087;0.0;0.04;0.0;0.0;0.0;0.0;0.0;0
2;30;0;0;0.0;0.0;0.0;0.08695652173913043;1.0;0.0;0.0;0.0;0.0;0.0;0.0;0
1;30;0;0;0.0;0.0;0.0;0.043478260869565216;1.0;0.0;0.0;0.0;0.0;0.0;0.0;0
5;30;0;0;0.0;0.0;0.0;0.21739130434782608;1.0;0.0;0.0;0.0;0.0;0.0;0.0;0
6;0;0;0;0.0;0.0;0.0;0.2608695652173913;0.0;0.0;0.0;0.0;0.0;0.0;0.0;0
15;30;0;0;0.0;0.0;0.0;0.6521739130434783;1.0;0.0;0.0;0.0;0.0;0.0;0.0;0
13;30;1;0;0.0;0.0;0.0;0.5652173913043478;1.0;0.04;0.0;0.0;0.0;0.0;0.0;0
23;30;0;0;0.0;0.0;0.0;1.0;1.0;0.0;0.0;0.0;0.0;0.0;0.0;0
1;30;0;0;0.0;0.0;0.0;0.043478260869565216;1.0;0.0;0.0;0.0;0.0;0.0;0.0;0
16;30;0;0;0.0;0.0;0.0;0.6956521739130435;1.0;0.0;0.0;0.0;0.0;0.0;0.0;0
19;30;0;0;0.0;0.0;0.0;0.8260869565217391;1.0;0.0;0.0;0.0;0.0;0.0;0.0;0
6;30;0;0;0.0;0.0;0.0;0.2608695652173913;1.0;0.0;0.0;0.0;0.0;0.0;0.0;0
10;30;0;0;0.0;0.0;0.0;0.43478260869565216;1.0;0.0;0.0;0.0;0.0;0.0;0.0;0
6;30;0;0;0.0;0.0;0.0;0.2608695652173913;1.0;0.0;0.0;0.0;0.0;0.0;0.0;0
10;30;4;0;0.0;0.0;0.0;0.43478260869565216;1.0;0.16;0.0;0.0;0.0;0.0;0.0;0
17;0;0;0;0.0;0.0;0.0;0.7391304347826086;0.0;0.0;0.0;0.0;0.0;0.0;0.0;0
14;30;2;0;0.0;0.0;0.0;0.6086956521739131;1.0;0.08;0.0;0.0;0.0;0.0;0.0;0
20;30;1;0;0.0;0.0;0.0;0.8695652173913043;1.0;0.04;0.0;0.0;0.0;0.0;0.0;0
12;30;0;0;0.0;0.0;0.0;0.5217391304347826;1.0;0.0;0.0;0.0;0.0;0.0;0.0;0
8;30;0;0;0.0;0.0;0.0;0.34782608695652173;1.0;0.0;0.0;0.0;0.0;0.0;0.0;0
10;30;1;0;0.0;0.0;0.0;0.43478260869565216;1.0;0.04;0.0;0.0;0.0;0.0;0.0;0
11;30;6;0;0.0;0.0;0.0;0.4782608695652174;1.0;0.24;0.0;0.0;0.0;0.0;0.0;0
2;0;0;0;0.0;0.0;0.0;0.08695652173913043;0.0;0.0;0.0;0.0;0.0;0.0;0.0;0
8;30;0;0;0.0;0.0;0.0;0.34782608695652173;1.0;0.0;0.0;0.0;0.0;0.0;0.0;0
19;0;3;0;0.0;0.0;0.0;0.8260869565217391;0.0;0.12;0.0;0.0;0.0;0.0;1.18;0
5;30;0;0;0.0;0.0;0.0;0.21739130434782608;1.0;0.0;0.0;0.0;0.0;0.0;0.0;0
16;0;0;0;0.39;0.0;0.0;0.6956521739130435;0.0;0.0;0.0;0.011370262390670556;0.0;0.0;0.4;0
13;30;0;0;0.0;0.0;0.0;0.5652173913043478;1.0;0.0;0.0;0.0;0.0;0.0;0.0;0
1;0;0;0;0.0;0.0;0.0;0.043478260869565216;0.0;0.0;0.0;0.0;0.0;0.0;0.0;0
23;30;0;0;0.0;0.0;0.0;1.0;1.0;0.0;0.0;0.0;0.0;0.0;0.0;0
11;30;6;0;0.0;0.0;0.0;0.4782608695652174;1.0;0.24;0.0;0.0;0.0;0.0;0.0;0
18;30;0;0;0.0;0.0;0.0;0.782608695652174;1.0;0.0;0.0;0.0;0.0;0.0;0.0;0
20;0;1;0;0.0;0.0;0.0;0.8695652173913043;0.0;0.04;0.0;0.0;0.0;0.0;0.0;0
14;30;0;0;0.0;0.0;0.0;0.6086956521739131;1.0;0.0;0.0;0.0;0.0;0.0;0.0;0
6;0;0;0;0.0;0.0;0.0;0.2608695652173913;0.0;0.0;0.0;0.0;0.0;0.0;0.0;0
2;30;0;0;0.0;0.0;0.0;0.08695652173913043;1.0;0.0;0.0;0.0;0.0;0.0;0.0;0
8;30;0;0;0.0;0.0;0.0;0.34782608695652173;1.0;0.0;0.0;0.0;0.0;0.0;0.0;0
15;30;3;0;0.0;0.0;0.0;0.6521739130434783;1.0;0.12;0.0;0.0;0.0;0.0;0.0;0
14;0;0;0;0.0;0.0;0.0;0.6086956521739131;0.0;0.0;0.0;0.0;0.0;0.0;0.0;0
3;30;1;0;0.0;0.0;0.0;0.13043478260869565;1.0;0.04;0.0;0.0;0.0;0.0;0.0;0
2;30;0;0;0.0;0.0;0.0;0.08695652173913043;1.0;0.0;0.0;0.0;0.0;0.0;0.0;0
13;0;0;0;0.0;0.0;0.0;0.5652173913043478;0.0;0.0;0.0;0.0;0.0;0.0;0.0;0
14;0;2;0;0.0;0.0;0.0;0.6086956521739131;0.0;0.08;0.0;0.0;0.0;0.0;0.0;0
12;0;0;0;0.0;0.0;0.0;0.5217391304347826;0.0;0.0;0.0;0.0;0.0;0.0;0.0;0
13;0;0;0;0.4;0.0;0.0;0.5652173913043478;0.0;0.0;0.0;0.011661807580174929;0.0;0.0;0.0;0
3;0;0;0;0.0;0.0;0.0;0.13043478260869565;0.0;0.0;0.0;0.0;0.0;0.0;0.0;0
9;30;0;0;0.0;0.0;0.0;0.391304347826087;1.0;0.0;0.0;0.0;0.0;0.0;0.0;0
11;30;0;0;0.0;0.0;0.0;0.4782608695652174;1.0;0.0;0.0;0.0;0.0;0.0;0.0;0
19;0;2;0;0.0;0.0;0.0;0.8260869565217391;0.0;0.08;0.0;0.0;0.0;0.0;0.0;0
6;0;0;0;0.0;0.0;0.0;0.2608695652173913;0.0;0.0;0.0;0.0;0.0;0.0;0.0;0
9;0;0;0;0.0;0.0;0.0;0.391304347826087;0.0;0.0;0.0;0.0;0.0;0.0;0.0;0
0;30;0;0;0.0;0.0;0.0;0.0;1.0;0.0;0.0;0.0;0.0;0.0;0.0;0
0;30;7;0;0.0;0.0;0.0;0.0;1.0;0.28;0.0;0.0;0.0;0.0;0.0;0
9;30;0;0;0.0;0.0;0.0;0.391304347826087;1.0;0.0;0.0;0.0;0.0;0.0;0.0;0
15;30;0;0;0.2;0.0;0.0;0.6521739130434783;1.0;0.0;0.0;0.005830903790087464;0.0;0.0;0.0;0
17;0;1;0;0.0;0.0;0.0;0.7391304347826086;0.0;0.04;0.0;0.0;0.0;0.0;0.6;0
15;0;2;0;0.0;0.0;0.0;0.6521739130434783;0.0;0.08;0.0;0.0;0.0;0.0;0.0;0
23;0;0;0;0.2;0.0;0.0;1.0;0.0;0.0;0.0;0.005830903790087464;0.0;0.0;2.76;1
22;0;0;0;0.0;0.0;0.0;0.9565217391304348;0.0;0.0;0.0;0.0;0.0;0.0;0.0;0
15;30;2;0;0.0;0.0;0.0;0.6521739130434783;1.0;0.08;0.0;0.0;0.0;0.0;0.0;0
8;0;2;0;0.0;0.0;0.0;0.34782608695652173;0.0;0.08;0.0;0.0;0.0;0.0;0.0;0
12;30;1;0;0.0;0.0;0.0;0.5217391304347826;1.0;0.04;0.0;0.0;0.0;0.0;0.0;0
22;30;0;0;0.0;0.0;0.0;0.9565217391304348;1.0;0.0;0.0;0.0;0.0;0.0;0.0;0
15;30;0;0;0.0;0.0;0.0;0.6521739130434783;1.0;0.0;0.0;0.0;0.0;0.0;0.0;0
18;0;0;0;0.0;0.0;0.0;0.782608695652174;0.0;0.0;0.0;0.0;0.0;0.0;0.0;0
20;0;1;0;0.0;0.0;0.0;0.8695652173913043;0.0;0.04;0.0;0.0;0.0;0.0;0.0;0
23;30;1;0;0.0;0.0;0.0;1.0;1.0;0.04;0.0;0.0;0.0;0.0;0.0;0
9;30;0;0;0.0;0.0;0.0;0.391304347826087;1.0;0.0;0.0;0.0;0.0;0.0;0.0;0
2;30;0;0;0.0;0.0;0.0;0.08695652173913043;1.0;0.0;0.0;0.0;0.0;0.0;0.0;0
20;30;0;0;0.0;0.0;0.0;0.8695652173913043;1.0;0.0;0.0;0.0;0.0;0.0;0.0;0
0;30;0;0;0.0;0.0;0.0;0.0;1.0;0.0;0.0;0.0;0.0;0.0;0.0;0
5;30;0;0;0.0;0.0;0.0;0.21739130434782608;1.0;0.0;0.0;0.0;0.0;0.0;0.0;0
2;30;0;0;0.0;0.0;0.0;0.08695652173913043;1.0;0.0;0.0;0.0;0.0;0.0;0.0;0
20;0;17;0;0.0;0.0;0.0;0.8695652173913043;0.0;0.68;0.0;0.0;0.0;0.0;0.0;0
19;0;2;0;0.0;0.0;0.0;0.8260869565217391;0.0;0.08;0.0;0.0;0.0;0.0;0.0;0
5;30;0;0;0.0;0.0;0.0;0.21739130434782608;1.0;0.0;0.0;0.0;0.0;0.0;0.0;0
11;30;1;0;0.0;0.0;0.0;0.4782608695652174;1.0;0.04;0.0;0.0;0.0;0.0;0.0;0
4;0;0;0;0.0;0.0;0.0;0.17391304347826086;0.0;0.0;0.0;0.0;0.0;0.0;0.0;0
21;30;0;0;0.0;0.0;0.0;0.9130434782608695;1.0;0.0;0.0;0.0;0.0;0.0;0.0;0
23;0;0;0;0.0;0.0;0.0;1.0;0.0;0.0;0.0;0.0;0.0;0.0;0.0;0
21;0;7;0;0.0;0.0;0.0;0.9130434782608695;0.0;0.28;0.0;0.0;0.0;0.0;0.0;0
19;0;0;0;0.0;0.0;0.0;0.8260869565217391;0.0;0.0;0.0;0.0;0.0;0.0;0.0;0
14;30;1;0;0.0;0.0;0.0;0.6086956521739131;1.0;0.04;0.0;0.0;0.0;0.0;0.0;0
20;0;0;0;0.0;0.0;0.0;0.8695652173913043;0.0;0.0;0.0;0.0;0.0;0.0;0.0;0
21;30;0;0;0.0;0.0;0.0;0.9130434782608695;1.0;0.0;0.0;0.0;0.0;0.0;0.0;0
15;0;0;0;0.0;0.0;0.0;0.6521739130434783;0.0;0.0;0.0;0.0;0.0;0.0;7.12;1
1;0;5;0;0.0;0.0;0.0;0.043478260869565216;0.0;0.2;0.0;0.0;0.0;0.0;0.0;0
0;0;4;0;0.0;0.0;0.0;0.0;0.0;0.16;0.0;0.0;0.0;0.0;0.0;0
11;30;1;0;0.0;0.0;0.0;0.4782608695652174;1.0;0.04;0.0;0.0;0.0;0.0;0.0;0
13;0;1;0;0.0;0.0;0.0;0.5652173913043478;0.0;0.04;0.0;0.0;0.0;0.0;0.0;0
